**【新增群聊任务】** 【在5/7-5/9完成brandbuddy达播商家触达】
🎯 群聊：未知群聊
**【新增群聊任务】** 【提供指定VID的相关申诉文件资料】
🎯 群聊：未知群聊
**【新增群聊任务】** 【达播靶向商家结对子项目 AM TODO*2】
🎯 群聊：未知群聊
**【新增群聊任务】** 【同步提醒商家利用5月英国达人券补工具】
🎯 群聊：未知群聊
**【新增群聊任务】** 【提供使用流程的小培训或QA】
🎯 群聊：未知群聊
**【新增群聊任务】** 【查看/处理群内发送的表格文档】
🎯 群聊：未知群聊
**【新增群聊任务】** 【Summer Wins决胜一夏！POP泛世界杯品类S级活动】
🎯 群聊：未知群聊
**【新增群聊任务】** 【Summer Wins决胜一夏！POP泛世界杯品类S级活动】
🎯 群聊：未知群聊
**【新增群聊任务】** 【Summer Wins决胜一夏！POP泛世界杯品类S级活动】
🎯 群聊：未知群聊
**【新增群聊任务】** 【Summer Wins决胜一夏！POP泛世界杯品类S级活动】
🎯 群聊：未知群聊
**【新增群聊任务】** 【Summer Wins决胜一夏！POP泛世界杯品类S级活动】
🎯 群聊：未知群聊
**【新增群聊任务】** 【确认5月目标及预算并暂停使用旧bill今天下午】
🎯 群聊：未知群聊
**【新增群聊任务】** 【每周监控各行业ROI】
🎯 群聊：未知群聊
**【新增群聊任务】** 【转发商家短视频训练营信息给SKM商家】
🎯 群聊：未知群聊
**【新增群聊任务】** 【百万富翁】
🎯 群聊：未知群聊
**【新增群聊任务】** 【百万富翁】
🎯 群聊：未知群聊
**【新增群聊任务】** 【有需求的商家滴滴报名共享库存功能】
🎯 群聊：未知群聊
**【新增群聊任务】** 【今天逐一通知有需求的商家（拉森、新时颖等）准备】
🎯 群聊：未知群聊
**【新增群聊任务】** 【AM同学获取对应店铺的严选达人名单】
🎯 群聊：未知群聊
**【新增群聊任务】** 【转发两个系列课程信息给对应商家并强调重要性】
🎯 群聊：未知群聊
**【新增群聊任务】** 【UK&EU POP】
🎯 群聊：未知群聊
**【新增群聊任务】** 【UK/EU头部商家服务助手小波】
🎯 群聊：未知群聊
**【新增群聊任务】** 【补充服饰行业商品提报（本周五下班前）】
🎯 群聊：未知群聊
**【新增群聊任务】** 【补充H&L商家提报（本周五下班前）】
🎯 群聊：未知群聊
**【新增群聊任务】** 【沟通商家完善推品PPT并发送整合（下周一下班前）】
🎯 群聊：未知群聊
**【新增群聊任务】** 【整合推品PPT（5月13日17点前）】
🎯 群聊：未知群聊
**【新增群聊任务】** 【AM跟进寄样进度落后商家（核心关注差10pp商家）】
🎯 群聊：未知群聊
**【新增群聊任务】** 【AM向商家传递寄样催促话术】
🎯 群聊：未知群聊
**【新增群聊任务】** 【ACE好内容】
🎯 群聊：未知群聊
**【新增群聊任务】** 【ACE好内容】
🎯 群聊：未知群聊
**【新增群聊任务】** 【ACE好内容】
🎯 群聊：未知群聊
**【新增群聊任务】** 【ACE好内容】
🎯 群聊：未知群聊
**【新增群聊任务】** 【ACE好内容】
🎯 群聊：未知群聊
**【新增群聊任务】** 【ACE好内容】
🎯 群聊：未知群聊
**【新增群聊任务】** 【ACE好内容】
🎯 群聊：未知群聊
**【新增群聊任务】** 【ACE好内容】
🎯 群聊：未知群聊
**【新增群聊任务】** 【ACE好内容】
🎯 群聊：未知群聊
**【新增群聊任务】** 【ACE好内容】
🎯 群聊：未知群聊
**【新增群聊任务】** 【百万富翁】
🎯 群聊：未知群聊
**【新增群聊任务】** 【百万富翁】
🎯 群聊：未知群聊
**【新增群聊任务】** 【核实是否引导第三方平台或链接】
🎯 群聊：未知群聊
**【新增群聊任务】** 【已超期】
🎯 群聊：未知群聊
**【新增群聊任务】** 【已超期】
🎯 群聊：未知群聊
**【新增群聊任务】** 【已超期】
🎯 群聊：未知群聊
**【新增群聊任务】** 【已超期】
🎯 群聊：未知群聊
**【新增群聊任务】** 【已超期】
🎯 群聊：未知群聊
**【新增群聊任务】** 【已超期】
🎯 群聊：未知群聊
**【新增群聊任务】** 【已超期】
🎯 群聊：未知群聊
**【新增群聊任务】** 【查收5月商城活动报名卡片】
🎯 群聊：未知群聊
**【新增群聊任务】** 【Summer Wins决胜一夏！POP泛世界杯品类S级活动】
🎯 群聊：未知群聊
**【新增群聊任务】** 【Summer Wins决胜一夏！POP泛世界杯品类S级活动】
🎯 群聊：未知群聊
**【新增群聊任务】** 【Summer Wins决胜一夏！POP泛世界杯品类S级活动】
🎯 群聊：未知群聊
**【新增群聊任务】** 【Summer Wins决胜一夏！POP泛世界杯品类S级活动】
🎯 群聊：未知群聊
**【新增群聊任务】** 【Summer Wins决胜一夏！POP泛世界杯品类S级活动】
🎯 群聊：未知群聊
**【新增群聊任务】** 【请未达到标准的商品尽快整改CCR】
🎯 群聊：未知群聊
**【新增群聊任务】** 【Todo】
🎯 群聊：未知群聊
**【新增群聊任务】** 【Todo】
🎯 群聊：未知群聊
**【新增群聊任务】** 【Todo】
🎯 群聊：未知群聊
**【新增群聊任务】** 【Todo】
🎯 群聊：未知群聊
**【新增群聊任务】** 【列一个所有招商合作服务商List分别贡献是多少】
🎯 群聊：未知群聊
**【新增群聊任务】** 【挑5、6个重点贡献服务商，梳理卡点、需求并补充】
🎯 群聊：未知群聊
**【新增群聊任务】** 【参加关于高效合作及收目标看贡献的讨论会议】
🎯 群聊：未知群聊
**【新增群聊任务】** 【根据底表补充必保名单】
🎯 群聊：未知群聊
**【新增群聊任务】** 【梳理新人基础流程表格】
🎯 群聊：未知群聊
**【新增群聊任务】** 【过一下方法论初版明天下午3点】
🎯 群聊：未知群聊
{"type":"mention_message_new","target_id":"mentions_me_global","target_title":"全局@我","chat_id":"","chat_name":"未知群聊","chat_link":"","message_link":"","jump_link":"","message_id":"om_x100b50f1bad700bcc228f685f2be3b8","sender":"","create_time":"2026-05-07T17:45:38+08:00","text":"<at id=ou_900ddd9ff611254a74ac32adafc016b4></at> 收到！这就安排对任务台账中之前写入格式有误的现有记录进行修复，让它也应用上最新的正确格式（恢复负责人的 @ 提及效果、修正日期格式以及恢复完成情况标签）。"}
{"type":"mention_message_new","target_id":"mentions_me_global","target_title":"全局@我","chat_id":"","chat_name":"未知群聊","chat_link":"","message_link":"","jump_link":"","message_id":"om_x100b50f1b0abcca4e2beb1c54e890e9","sender":"","create_time":"2026-05-07T17:48:22+08:00","text":"@所有人  **📢 开工了开工了！ 请在5/7-5/9完成brandbuddy达播商家触达**：\n**📊 当前进展：**  | 报名商家仅 67** 位（12%）**\n**🎯 辛苦AM同学核心传递两件事：**\n1. **未报名 → 催报名：** 商家按照自己所属行业点击下方任一链接报名即可，早报名早享受达人样品券50美金激励<u>（已经有106名达人表示要带货brandbuddy注册商家的商品哦！</u>\n  a.  **Beauty and fashion**\n  - Seller PC Cross Border: [link](https://seller.us.tiktokglobalshop.com/promotion/campaign/detail/7633641532788147982?channel=web&track_id=e92d8e1fd46e55bee5b9039427b411c2&shop_region=US)\n  - Seller PC Local to Local:[ link](https://seller-us.tiktok.com/promotion/campaign/detail/7633641532788147982?channel=web&track_id=e92d8e1fd46e55bee5b9039427b411c2)\n  b. **HOME**\n  - Seller PC Cross Border: [link](https://seller.us.tiktokglobalshop.com/promotion/campaign/detail/7633785799137412878?channel=am&track_id=31ba6e2c66426602a0eb8e87212d1e20&shop_region=US)\n  - Seller PC Local to Local: [link](https://seller-us.tiktok.com/promotion/campaign/detail/7633785799137412878?channel=am&track_id=31ba6e2c66426602a0eb8e87212d1e20)\n  c. **Phones and Electronics**\n  - Seller PC Cross Border: [link](https://seller.us.tiktokglobalshop.com/promotion/campaign/detail/7633756862911022862?channel=web&track_id=d22080e4cd5860cb523dd5591131d853&shop_region=US)\n  - Seller PC Local to Local:[ ](https://seller-us.tiktok.com/promotion/campaign/detail/7633785799137462030?channel=web&track_id=baa51c8220b7564b664299d79f89084b)[link](https://seller-us.tiktok.com/promotion/campaign/detail/7633756862911022862?channel=web&track_id=d22080e4cd5860cb523dd5591131d853)\n  d. **HEALTH**\n  - Seller PC Cross Border: [link](https://seller.us.tiktokglobalshop.com/promotion/campaign/detail/7633785799137462030?channel=web&track_id=baa51c8220b7564b664299d79f89084b&shop_region=US)\n  - Seller PC Local to Local:[ link](https://seller-us.tiktok.com/promotion/campaign/detail/7633785799137462030?channel=web&track_id=baa51c8220b7564b664299d79f89084b)\n\n2. **已报名商家催寄样-**早寄样早享受直播达人专属佣金福利（已有40个商家直播型达人寄样超过10人！！本周配置时间周五，享受周末开播高峰！）[ 报名商家可尽快进群享受福利](https://applink.larkoffice.com/client/chat/chatter/add_by_link?link_token=126v21d3-7e30-475b-a15f-9dc9e5t987q3)\n**商家报名及寄样进度查询**>>[https://bytedance.sg.larkoffice.com/sheets/Z4CusXJGohPEc0tAgDelkCmlgOb?sheet=DKzv4d](https://bytedance.sg.larkoffice.com/sheets/Z4CusXJGohPEc0tAgDelkCmlgOb?sheet=DKzv4d)| [https://bytedance.sg.larkoffice.com/sheets/MLFrsGsiChiE0st0z5ily98Rgsb?sheet=35fa43](https://bytedance.sg.larkoffice.com/sheets/MLFrsGsiChiE0st0z5ily98Rgsb?sheet=35fa43)\n![image](img_v3_0211f_f1119a2e-8c24-47b7-a642-5a76a84eaahu)"}
{"type":"chat_task","target_id":"mentions_me_global","target_title":"全局@我","chat_id":"","chat_name":"未知群聊","chat_link":"","message_link":"","jump_link":"","message_id":"om_x100b50f1b0abcca4e2beb1c54e890e9","task":{"is_task":true,"task_name":"【在5/7-5/9完成brandbuddy达播商家触达】","summary":"【在5/7-5/9完成brandbuddy达播商家触达】","task_type":"todo","assigner":null,"owners":["所有人","AM同学"],"owner_mapping":[{"owner":"所有人","scope":"@所有人"},{"owner":"AM同学","scope":"辛苦AM同学核心传递两件事"}],"owner_resolution_status":"full","due_time":"2026-05-09 23:59","deliverable":"完成brandbuddy达播商家触达（催报名、催寄样）","source_message_ids":["om_x100b50f1b0abcca4e2beb1c54e890e9"],"suggestion_reply":null,"evidence":["@所有人  **📢 开工了开工了！ 请在5/7-5/9完成brandbuddy达播商家触达**：","**🎯 辛苦AM同学核心传递两件事：**\n1. **未报名 → 催报名：**...","2. **已报名商家催寄样-**..."],"source_messages_full":[{"message_id":"om_x100b50f1b0abcca4e2beb1c54e890e9","sender":"","chat_id":null,"chat_name":"未知群聊","chat_link":null,"message_link":null,"jump_link":null,"create_time":"2026-05-07T17:48:22+08:00","text":"@所有人  **📢 开工了开工了！ 请在5/7-5/9完成brandbuddy达播商家触达**：\n**📊 当前进展：**  | 报名商家仅 67** 位（12%）**\n**🎯 辛苦AM同学核心传递两件事：**\n1. **未报名 → 催报名：** 商家按照自己所属行业点击下方任一链接报名即可，早报名早享受达人样品券50美金激励<u>（已经有106名达人表示要带货brandbuddy注册商家的商品哦！</u>\n  a.  **Beauty and fashion**\n  - Seller PC Cross Border: [link](https://seller.us.tiktokglobalshop.com/promotion/campaign/detail/7633641532788147982?channel=web&track_id=e92d8e1fd46e55bee5b9039427b411c2&shop_region=US)\n  - Seller PC Local to Local:[ link](https://seller-us.tiktok.com/promotion/campaign/detail/7633641532788147982?channel=web&track_id=e92d8e1fd46e55bee5b9039427b411c2)\n  b. **HOME**\n  - Seller PC Cross Border: [link](https://seller.us.tiktokglobalshop.com/promotion/campaign/detail/7633785799137412878?channel=am&track_id=31ba6e2c66426602a0eb8e87212d1e20&shop_region=US)\n  - Seller PC Local to Local: [link](https://seller-us.tiktok.com/promotion/campaign/detail/7633785799137412878?channel=am&track_id=31ba6e2c66426602a0eb8e87212d1e20)\n  c. **Phones and Electronics**\n  - Seller PC Cross Border: [link](https://seller.us.tiktokglobalshop.com/promotion/campaign/detail/7633756862911022862?channel=web&track_id=d22080e4cd5860cb523dd5591131d853&shop_region=US)\n  - Seller PC Local to Local:[ ](https://seller-us.tiktok.com/promotion/campaign/detail/7633785799137462030?channel=web&track_id=baa51c8220b7564b664299d79f89084b)[link](https://seller-us.tiktok.com/promotion/campaign/detail/7633756862911022862?channel=web&track_id=d22080e4cd5860cb523dd5591131d853)\n  d. **HEALTH**\n  - Seller PC Cross Border: [link](https://seller.us.tiktokglobalshop.com/promotion/campaign/detail/7633785799137462030?channel=web&track_id=baa51c8220b7564b664299d79f89084b&shop_region=US)\n  - Seller PC Local to Local:[ link](https://seller-us.tiktok.com/promotion/campaign/detail/7633785799137462030?channel=web&track_id=baa51c8220b7564b664299d79f89084b)\n\n2. **已报名商家催寄样-**早寄样早享受直播达人专属佣金福利（已有40个商家直播型达人寄样超过10人！！本周配置时间周五，享受周末开播高峰！）[ 报名商家可尽快进群享受福利](https://applink.larkoffice.com/client/chat/chatter/add_by_link?link_token=126v21d3-7e30-475b-a15f-9dc9e5t987q3)\n**商家报名及寄样进度查询**>>[https://bytedance.sg.larkoffice.com/sheets/Z4CusXJGohPEc0tAgDelkCmlgOb?sheet=DKzv4d](https://bytedance.sg.larkoffice.com/sheets/Z4CusXJGohPEc0tAgDelkCmlgOb?sheet=DKzv4d)| [https://bytedance.sg.larkoffice.com/sheets/MLFrsGsiChiE0st0z5ily98Rgsb?sheet=35fa43](https://bytedance.sg.larkoffice.com/sheets/MLFrsGsiChiE0st0z5ily98Rgsb?sheet=35fa43)\n![image](img_v3_0211f_f1119a2e-8c24-47b7-a642-5a76a84eaahu)"}],"source_text_full":"@所有人  **📢 开工了开工了！ 请在5/7-5/9完成brandbuddy达播商家触达**：\n**📊 当前进展：**  | 报名商家仅 67** 位（12%）**\n**🎯 辛苦AM同学核心传递两件事：**\n1. **未报名 → 催报名：** 商家按照自己所属行业点击下方任一链接报名即可，早报名早享受达人样品券50美金激励<u>（已经有106名达人表示要带货brandbuddy注册商家的商品哦！</u>\n  a.  **Beauty and fashion**\n  - Seller PC Cross Border: [link](https://seller.us.tiktokglobalshop.com/promotion/campaign/detail/7633641532788147982?channel=web&track_id=e92d8e1fd46e55bee5b9039427b411c2&shop_region=US)\n  - Seller PC Local to Local:[ link](https://seller-us.tiktok.com/promotion/campaign/detail/7633641532788147982?channel=web&track_id=e92d8e1fd46e55bee5b9039427b411c2)\n  b. **HOME**\n  - Seller PC Cross Border: [link](https://seller.us.tiktokglobalshop.com/promotion/campaign/detail/7633785799137412878?channel=am&track_id=31ba6e2c66426602a0eb8e87212d1e20&shop_region=US)\n  - Seller PC Local to Local: [link](https://seller-us.tiktok.com/promotion/campaign/detail/7633785799137412878?channel=am&track_id=31ba6e2c66426602a0eb8e87212d1e20)\n  c. **Phones and Electronics**\n  - Seller PC Cross Border: [link](https://seller.us.tiktokglobalshop.com/promotion/campaign/detail/7633756862911022862?channel=web&track_id=d22080e4cd5860cb523dd5591131d853&shop_region=US)\n  - Seller PC Local to Local:[ ](https://seller-us.tiktok.com/promotion/campaign/detail/7633785799137462030?channel=web&track_id=baa51c8220b7564b664299d79f89084b)[link](https://seller-us.tiktok.com/promotion/campaign/detail/7633756862911022862?channel=web&track_id=d22080e4cd5860cb523dd5591131d853)\n  d. **HEALTH**\n  - Seller PC Cross Border: [link](https://seller.us.tiktokglobalshop.com/promotion/campaign/detail/7633785799137462030?channel=web&track_id=baa51c8220b7564b664299d79f89084b&shop_region=US)\n  - Seller PC Local to Local:[ link](https://seller-us.tiktok.com/promotion/campaign/detail/7633785799137462030?channel=web&track_id=baa51c8220b7564b664299d79f89084b)\n\n2. **已报名商家催寄样-**早寄样早享受直播达人专属佣金福利（已有40个商家直播型达人寄样超过10人！！本周配置时间周五，享受周末开播高峰！）[ 报名商家可尽快进群享受福利](https://applink.larkoffice.com/client/chat/chatter/add_by_link?link_token=126v21d3-7e30-475b-a15f-9dc9e5t987q3)\n**商家报名及寄样进度查询**>>[https://bytedance.sg.larkoffice.com/sheets/Z4CusXJGohPEc0tAgDelkCmlgOb?sheet=DKzv4d](https://bytedance.sg.larkoffice.com/sheets/Z4CusXJGohPEc0tAgDelkCmlgOb?sheet=DKzv4d)| [https://bytedance.sg.larkoffice.com/sheets/MLFrsGsiChiE0st0z5ily98Rgsb?sheet=35fa43](https://bytedance.sg.larkoffice.com/sheets/MLFrsGsiChiE0st0z5ily98Rgsb?sheet=35fa43)\n![image](img_v3_0211f_f1119a2e-8c24-47b7-a642-5a76a84eaahu)","ack_lock":{"status":"pending","tag":"[⚠️待接单/未响应]","evidence":"未在时间窗口内检测到责任人认领（收到/1/OK/表情等）"}}}
{"type":"mention_message_new","target_id":"mentions_me_global","target_title":"全局@我","chat_id":"","chat_name":"未知群聊","chat_link":"","message_link":"","jump_link":"","message_id":"om_x100b50f247b8c49cc2e167c17a3fa84","sender":"","create_time":"2026-05-07T17:51:19+08:00","text":"<at id=ou_900ddd9ff611254a74ac32adafc016b4></at> 现有的格式错误记录已经帮您全部修复完毕啦！\n\n**修复详情如下（位于第 23 行）：**\n1. **负责人**：从纯文本修复成了**正确的 @ 提及**（@江家徵、@夏春雨、@于奇楠），现在点击可以正常展示人员卡片。\n2. **DDL（截止时间）**：清除了原本被识别为纯文本的“绿色小三角”，已经转换为飞书表格标准的**日期数值格式**，现在可以正常使用表格的排序和筛选功能了。\n3. **完成情况**：已更新为正确的下拉标签**「进行中」**。\n您可以点击链接前往工作站核对修复效果：\n🔗 [任务台账 / 个人工作站](https://bytedance.larkoffice.com/sheets/TnNYsLq9phIJwutJGwBl730ygjd)\n\n*补充说明：目前 DDL 已经变成了标准日期类型。如果您发现它在表格里只显示到“年月日”而没有“时分”，可以直接在飞书表格顶部菜单调整这一列的“数字格式”为“日期时间”。如果您需要我帮您统一调整整列的显示格式，也可以随时告诉我！*\n\n📎 [任务台账 / 个人工作站](https://bytedance.larkoffice.com/sheets/TnNYsLq9phIJwutJGwBl730ygjd)"}
{"type":"mention_message_new","target_id":"mentions_me_global","target_title":"全局@我","chat_id":"","chat_name":"未知群聊","chat_link":"","message_link":"","jump_link":"","message_id":"om_x100b50f241f338acc4cd963a5eae7b6","sender":"","create_time":"2026-05-07T17:52:52+08:00","text":"<at id=ou_900ddd9ff611254a74ac32adafc016b4></at> 有的！为了防止“幽灵丢数据”或格式降级，我们有一套**「零信任质检机制（Zero-Trust QA）」**，并且分为同步和异步两层：\n1. **写后即读校验（同步原子锁）**：刚才在为您修复第 23 行时，并不是“发完 API 就当成功”。系统在写入后强制等待了 2 秒，然后进行了 **RAW 回读校验**。通过比对飞书表格实际存储的 ToString 视图，我确认了：\n- `B23` 确实存入了下拉值 `进行中`\n- `D23` 确实存入了真正的富文本 `@江家徵、@夏春雨、@于奇楠`\n- `E23` 确实存入了标准的日期型数值 `46149.77...`只有这层对账通过，我才会向您汇报修复成功。\n2. **每日自动化质检（QA Patrol 异步全表扫盲）**：除了单次写入的质检，我们每天系统底层还会运行一次全局的底表结构校验任务（特别是在当前的 MCP 强制穿透保障期内）。它会全量扫描台账，一旦发现表格里有 `⚠️[数据断链_待自愈]` 或者 `空值/绿三角` 等异常格式，就会自动拦截并触发重试修复，绝不允许数据“带病入库”。\n所以请放心，您的核心数据不仅写得进，而且每天都在被自动巡检保护着！如果您对特定列还有其他的校验规则需求，我也随时可以给您加上～"}
{"type":"mention_message_new","target_id":"mentions_me_global","target_title":"全局@我","chat_id":"","chat_name":"未知群聊","chat_link":"","message_link":"","jump_link":"","message_id":"om_x100b50f267e5d8a0e10ef7246108e34","sender":"","create_time":"2026-05-07T17:59:46+08:00","text":"@于奇楠 @唐静琦 \nVID\n7596634665172159766\n7595163497231781142\n7594049111188360470\n7592914584927833366\n7593281519356022038\n\n7582895793401629974\n7585118180775873814\n7582895841703316739\n\n文件\n1. 公司注册证书，或其他可证明企业具备合法经营资质的官方正式文件\n2. 机构负责人的清晰核验照片：需本人面部完整正对镜头，同时手持有效期内的官方身份证件，或具备同等法律效力的身份证明文件\n3. 若本次申诉涉事视频并非AI生成，视频中出现的本人须手持自有有效身份证，拍摄符合审核要求的核验照片\n4. 可证明账号内容创作真实性的幕后现场实拍素材，需完整展示平台上传视频的制作、创作全流程"}
{"type":"chat_task","target_id":"mentions_me_global","target_title":"全局@我","chat_id":"","chat_name":"未知群聊","chat_link":"","message_link":"","jump_link":"","message_id":"om_x100b50f267e5d8a0e10ef7246108e34","task":{"is_task":true,"task_name":"【提供指定VID的相关申诉文件资料】","summary":"【提供指定VID的相关申诉文件资料】","task_type":"资料提交","assigner":"ou_866cd9079d5192c2a0eaa501cbe5de51","owners":["于奇楠","唐静琦"],"owner_mapping":[{"owner":"于奇楠","scope":"specific"},{"owner":"唐静琦","scope":"specific"}],"owner_resolution_status":"full","due_time":null,"deliverable":"指定VID所需的：1.公司注册证书等资质文件；2.机构负责人核验照片；3.视频出现本人的核验照片(若非AI生成)；4.证明创作真实性的幕后实拍素材","source_message_ids":["om_x100b50f267e5d8a0e10ef7246108e34"],"suggestion_reply":"@于奇楠 @唐静琦 收到，麻烦确认一下【提供指定VID的相关申诉文件资料】的截止时间是？建议下次发布任务时使用【任务名称】格式明确指出待办事项，方便大家快速识别。","evidence":["@于奇楠 @唐静琦 \nVID\n7596634665172159766\n7595163497231781142\n7594049111188360470\n7592914584927833366\n7593281519356022038\n\n7582895793401629974\n7585118180775873814\n7582895841703316739\n\n文件\n1. 公司注册证书，或其他可证明企业具备合法经营资质的官方正式文件\n2. 机构负责人的清晰核验照片：需本人面部完整正对镜头，同时手持有效期内的官方身份证件，或具备同等法律效力的身份证明文件\n3. 若本次申诉涉事视频并非AI生成，视频中出现的本人须手持自有有效身份证，拍摄符合审核要求的核验照片\n4. 可证明账号内容创作真实性的幕后现场实拍素材，需完整展示平台上传视频的制作、创作全流程"],"source_messages_full":[{"message_id":"om_x100b50f267e5d8a0e10ef7246108e34","sender":"","chat_id":null,"chat_name":"未知群聊","chat_link":null,"message_link":null,"jump_link":null,"create_time":"2026-05-07T17:59:46+08:00","text":"@于奇楠 @唐静琦 \nVID\n7596634665172159766\n7595163497231781142\n7594049111188360470\n7592914584927833366\n7593281519356022038\n\n7582895793401629974\n7585118180775873814\n7582895841703316739\n\n文件\n1. 公司注册证书，或其他可证明企业具备合法经营资质的官方正式文件\n2. 机构负责人的清晰核验照片：需本人面部完整正对镜头，同时手持有效期内的官方身份证件，或具备同等法律效力的身份证明文件\n3. 若本次申诉涉事视频并非AI生成，视频中出现的本人须手持自有有效身份证，拍摄符合审核要求的核验照片\n4. 可证明账号内容创作真实性的幕后现场实拍素材，需完整展示平台上传视频的制作、创作全流程"}],"source_text_full":"@于奇楠 @唐静琦 \nVID\n7596634665172159766\n7595163497231781142\n7594049111188360470\n7592914584927833366\n7593281519356022038\n\n7582895793401629974\n7585118180775873814\n7582895841703316739\n\n文件\n1. 公司注册证书，或其他可证明企业具备合法经营资质的官方正式文件\n2. 机构负责人的清晰核验照片：需本人面部完整正对镜头，同时手持有效期内的官方身份证件，或具备同等法律效力的身份证明文件\n3. 若本次申诉涉事视频并非AI生成，视频中出现的本人须手持自有有效身份证，拍摄符合审核要求的核验照片\n4. 可证明账号内容创作真实性的幕后现场实拍素材，需完整展示平台上传视频的制作、创作全流程","missing_fields":["due_time"],"ack_lock":{"status":"pending","tag":"[⚠️待接单/未响应]","evidence":"未在时间窗口内检测到责任人认领（收到/1/OK/表情等）"}}}
{"type":"mention_message_new","target_id":"mentions_me_global","target_title":"全局@我","chat_id":"","chat_name":"未知群聊","chat_link":"","message_link":"","jump_link":"","message_id":"om_x100b50f2e9cdbcd8e2b9268c2750cb9","sender":"","create_time":"2026-05-07T18:33:20+08:00","text":"<p>@于奇楠 不是SKM商家哈，我们正规 TTS 商家哦。CCCU店铺里面的部分商品链接拿来做拍卖的</p>"}
{"type":"mention_message_new","target_id":"mentions_me_global","target_title":"全局@我","chat_id":"","chat_name":"未知群聊","chat_link":"","message_link":"","jump_link":"","message_id":"om_x100b50fc44a3ccbce2f6f71c025c614","sender":"王瑞","create_time":"2026-05-07T20:08:06+08:00","text":"@_all 店铺运营的同学，再次强调：\n后台收到处罚，第一时间申诉。2次申诉机会，一定先自己申诉。不然找AM也没辙。(AM找人也会被问，怎么不先申诉？)"}
{"type":"mention_message_new","target_id":"mentions_me_global","target_title":"全局@我","chat_id":"","chat_name":"未知群聊","chat_link":"","message_link":"","jump_link":"","message_id":"om_x100b50fc409b10a8e121d12a3209476","sender":"马银炫","create_time":"2026-05-07T20:09:09+08:00","text":"**【达播靶向商家结对子项目 AM TODO*2】**\n\n@All cc@陈敬夫 \n1. **催报名：请在5/7-5/9完成brandbuddy达播商家触达**\n服饰服配共95个商家未报名，报名率仅17%>>[https://bytedance.sg.larkoffice.com/sheets/Z4CusXJGohPEc0tAgDelkCmlgOb?sheet=28QDCG](https://bytedance.sg.larkoffice.com/sheets/Z4CusXJGohPEc0tAgDelkCmlgOb?sheet=28QDCG)\n未报名商家：\n@高丽 8个；@高磊 3个；@江山 6个；@林阳钦 6个；@李瑶瑶 4个；@马银炫 3个；@申雪艳 5个；@童静 13个；@王可心 4个；@王瑞 3个；@魏悦 7个；@谢超权 5个；@权旭晨Maggie 3个；@游文皓 Hiram 13个；@张萌 2个；@赵颖奕 2个；@周杰 6个；@朱幼平 2个\n\nam可直接转发的话术⬇️\n商家你好，恭喜你被选中参与服饰达播靶向结对子项目。点击下方任一链接报名即可，<u>早报名早享受</u>达人样品券50美金激励。已经有106名达人表示要带货brandbuddy注册商家的商品哦！\n报名链接：**Beauty and fashion**\n  - Seller PC Cross Border: [link](https://seller.us.tiktokglobalshop.com/promotion/campaign/detail/7633641532788147982?channel=web&track_id=e92d8e1fd46e55bee5b9039427b411c2&shop_region=US)\n  - Seller PC Local to Local:[ link](https://seller-us.tiktok.com/promotion/campaign/detail/7633641532788147982?channel=web&track_id=e92d8e1fd46e55bee5b9039427b411c2)\n[https://bytedance.sg.larkoffice.com/sheets/MLFrsGsiChiE0st0z5ily98Rgsb?sheet=35fa43](https://bytedance.sg.larkoffice.com/sheets/MLFrsGsiChiE0st0z5ily98Rgsb?sheet=35fa43)\n\n2. **已报名商家催寄样：**\nam可直接转发的话术⬇️\n早寄样早享受直播达人专属佣金福利（已有40个商家直播型达人寄样超过10人！！本周配置时间周五，享受周末开播高峰！）[ 报名商家可尽快进群享受福利](https://applink.larkoffice.com/client/chat/chatter/add_by_link?link_token=126v21d3-7e30-475b-a15f-9dc9e5t987q3)"}
{"type":"chat_task","target_id":"mentions_me_global","target_title":"全局@我","chat_id":"","chat_name":"未知群聊","chat_link":"","message_link":"","jump_link":"","message_id":"om_x100b50fc409b10a8e121d12a3209476","task":{"is_task":true,"task_name":"【达播靶向商家结对子项目 AM TODO*2】","summary":"【达播靶向商家结对子项目 AM TODO*2】","task_type":"","assigner":"马银炫","owners":["All","陈敬夫","高丽","高磊","江山","林阳钦","李瑶瑶","马银炫","申雪艳","童静","王可心","王瑞","魏悦","谢超权","权旭晨Maggie","游文皓","张萌","赵颖奕","周杰","朱幼平"],"owner_mapping":[{"owner":"All","scope":""},{"owner":"陈敬夫","scope":""},{"owner":"高丽","scope":""},{"owner":"高磊","scope":""},{"owner":"江山","scope":""},{"owner":"林阳钦","scope":""},{"owner":"李瑶瑶","scope":""},{"owner":"马银炫","scope":""},{"owner":"申雪艳","scope":""},{"owner":"童静","scope":""},{"owner":"王可心","scope":""},{"owner":"王瑞","scope":""},{"owner":"魏悦","scope":""},{"owner":"谢超权","scope":""},{"owner":"权旭晨Maggie","scope":""},{"owner":"游文皓","scope":""},{"owner":"张萌","scope":""},{"owner":"赵颖奕","scope":""},{"owner":"周杰","scope":""},{"owner":"朱幼平","scope":""}],"owner_resolution_status":"full","due_time":null,"deliverable":null,"source_message_ids":["om_x100b50fc409b10a8e121d12a3209476"],"suggestion_reply":"收到～为了方便大家后续跟进，建议按【动词+交付物/事项+时间节点】补全一下：最晚截止时间 / DDL。另外也建议在消息里用【任务名称】格式明确指出待办。谢谢～","evidence":["消息中包含【】锚点，任务名直接继承原话","消息中包含【】锚点，按规则高优判定为任务"],"source_messages_full":[{"message_id":"om_x100b50fc409b10a8e121d12a3209476","sender":"马银炫","chat_id":null,"chat_name":"未知群聊","chat_link":null,"message_link":null,"jump_link":null,"create_time":"2026-05-07T20:09:09+08:00","text":"**【达播靶向商家结对子项目 AM TODO*2】**\n\n@All cc@陈敬夫 \n1. **催报名：请在5/7-5/9完成brandbuddy达播商家触达**\n服饰服配共95个商家未报名，报名率仅17%>>[https://bytedance.sg.larkoffice.com/sheets/Z4CusXJGohPEc0tAgDelkCmlgOb?sheet=28QDCG](https://bytedance.sg.larkoffice.com/sheets/Z4CusXJGohPEc0tAgDelkCmlgOb?sheet=28QDCG)\n未报名商家：\n@高丽 8个；@高磊 3个；@江山 6个；@林阳钦 6个；@李瑶瑶 4个；@马银炫 3个；@申雪艳 5个；@童静 13个；@王可心 4个；@王瑞 3个；@魏悦 7个；@谢超权 5个；@权旭晨Maggie 3个；@游文皓 Hiram 13个；@张萌 2个；@赵颖奕 2个；@周杰 6个；@朱幼平 2个\n\nam可直接转发的话术⬇️\n商家你好，恭喜你被选中参与服饰达播靶向结对子项目。点击下方任一链接报名即可，<u>早报名早享受</u>达人样品券50美金激励。已经有106名达人表示要带货brandbuddy注册商家的商品哦！\n报名链接：**Beauty and fashion**\n  - Seller PC Cross Border: [link](https://seller.us.tiktokglobalshop.com/promotion/campaign/detail/7633641532788147982?channel=web&track_id=e92d8e1fd46e55bee5b9039427b411c2&shop_region=US)\n  - Seller PC Local to Local:[ link](https://seller-us.tiktok.com/promotion/campaign/detail/7633641532788147982?channel=web&track_id=e92d8e1fd46e55bee5b9039427b411c2)\n[https://bytedance.sg.larkoffice.com/sheets/MLFrsGsiChiE0st0z5ily98Rgsb?sheet=35fa43](https://bytedance.sg.larkoffice.com/sheets/MLFrsGsiChiE0st0z5ily98Rgsb?sheet=35fa43)\n\n2. **已报名商家催寄样：**\nam可直接转发的话术⬇️\n早寄样早享受直播达人专属佣金福利（已有40个商家直播型达人寄样超过10人！！本周配置时间周五，享受周末开播高峰！）[ 报名商家可尽快进群享受福利](https://applink.larkoffice.com/client/chat/chatter/add_by_link?link_token=126v21d3-7e30-475b-a15f-9dc9e5t987q3)"}],"source_text_full":"**【达播靶向商家结对子项目 AM TODO*2】**\n\n@All cc@陈敬夫 \n1. **催报名：请在5/7-5/9完成brandbuddy达播商家触达**\n服饰服配共95个商家未报名，报名率仅17%>>[https://bytedance.sg.larkoffice.com/sheets/Z4CusXJGohPEc0tAgDelkCmlgOb?sheet=28QDCG](https://bytedance.sg.larkoffice.com/sheets/Z4CusXJGohPEc0tAgDelkCmlgOb?sheet=28QDCG)\n未报名商家：\n@高丽 8个；@高磊 3个；@江山 6个；@林阳钦 6个；@李瑶瑶 4个；@马银炫 3个；@申雪艳 5个；@童静 13个；@王可心 4个；@王瑞 3个；@魏悦 7个；@谢超权 5个；@权旭晨Maggie 3个；@游文皓 Hiram 13个；@张萌 2个；@赵颖奕 2个；@周杰 6个；@朱幼平 2个\n\nam可直接转发的话术⬇️\n商家你好，恭喜你被选中参与服饰达播靶向结对子项目。点击下方任一链接报名即可，<u>早报名早享受</u>达人样品券50美金激励。已经有106名达人表示要带货brandbuddy注册商家的商品哦！\n报名链接：**Beauty and fashion**\n  - Seller PC Cross Border: [link](https://seller.us.tiktokglobalshop.com/promotion/campaign/detail/7633641532788147982?channel=web&track_id=e92d8e1fd46e55bee5b9039427b411c2&shop_region=US)\n  - Seller PC Local to Local:[ link](https://seller-us.tiktok.com/promotion/campaign/detail/7633641532788147982?channel=web&track_id=e92d8e1fd46e55bee5b9039427b411c2)\n[https://bytedance.sg.larkoffice.com/sheets/MLFrsGsiChiE0st0z5ily98Rgsb?sheet=35fa43](https://bytedance.sg.larkoffice.com/sheets/MLFrsGsiChiE0st0z5ily98Rgsb?sheet=35fa43)\n\n2. **已报名商家催寄样：**\nam可直接转发的话术⬇️\n早寄样早享受直播达人专属佣金福利（已有40个商家直播型达人寄样超过10人！！本周配置时间周五，享受周末开播高峰！）[ 报名商家可尽快进群享受福利](https://applink.larkoffice.com/client/chat/chatter/add_by_link?link_token=126v21d3-7e30-475b-a15f-9dc9e5t987q3)","missing_fields":["due_time"],"ack_lock":{"status":"pending","tag":"[⚠️待接单/未响应]","evidence":"未在时间窗口内检测到责任人认领（收到/1/OK/表情等）"}}}
{"type":"mention_message_new","target_id":"mentions_me_global","target_title":"全局@我","chat_id":"","chat_name":"未知群聊","chat_link":"","message_link":"","jump_link":"","message_id":"om_x100b50fd5c7ff4a0e109e42c48a37c6","sender":"","create_time":"2026-05-07T21:18:35+08:00","text":"@_all 最近一些做的好的竞拍案例分享给大家，我们现在竞拍还在飞速增长中，大家一定要把握好时机，快速发力~"}
{"type":"mention_message_new","target_id":"mentions_me_global","target_title":"全局@我","chat_id":"","chat_name":"未知群聊","chat_link":"","message_link":"","jump_link":"","message_id":"om_x100b50feed0d60b4e2bdfe17d041488","sender":"","create_time":"2026-05-07T23:05:32+08:00","text":"<p>哈喽大家好@_all ，5月英国达人的券补已上线，明天会通过bot推送至商家群内。辛苦大家也同步提醒商家利用这些工具来提升发文和转化。</p><p></p><p>所圈商家：大家提保的T3冲刺，以及T5冲刺商家都有被圈，商家list和此表同步https://bytedance.larkoffice.com/wiki/Hkxtw51jrivJ0vkJeUTceopnnHd?sheet=xbP0Vn。cc： @丁祎</p>"}
{"type":"chat_task","target_id":"mentions_me_global","target_title":"全局@我","chat_id":"","chat_name":"未知群聊","chat_link":"","message_link":"","jump_link":"","message_id":"om_x100b50feed0d60b4e2bdfe17d041488","task":{"is_task":true,"task_name":"【同步提醒商家利用5月英国达人券补工具】","summary":"【同步提醒商家利用5月英国达人券补工具】","task_type":"跟进/提醒","assigner":null,"owners":["大家","丁祎"],"owner_mapping":[{"owner":"大家","scope":"泛指"},{"owner":"丁祎","scope":"被抄送人"}],"owner_resolution_status":"full","due_time":"2026-05-08 23:59","deliverable":null,"source_message_ids":["om_x100b50feed0d60b4e2bdfe17d041488"],"suggestion_reply":null,"evidence":["辛苦大家也同步提醒商家利用这些工具来提升发文和转化。","明天会通过bot推送至商家群内","cc： @丁祎"],"source_messages_full":[{"message_id":"om_x100b50feed0d60b4e2bdfe17d041488","sender":"","chat_id":null,"chat_name":"未知群聊","chat_link":null,"message_link":null,"jump_link":null,"create_time":"2026-05-07T23:05:32+08:00","text":"<p>哈喽大家好@_all ，5月英国达人的券补已上线，明天会通过bot推送至商家群内。辛苦大家也同步提醒商家利用这些工具来提升发文和转化。</p><p></p><p>所圈商家：大家提保的T3冲刺，以及T5冲刺商家都有被圈，商家list和此表同步https://bytedance.larkoffice.com/wiki/Hkxtw51jrivJ0vkJeUTceopnnHd?sheet=xbP0Vn。cc： @丁祎</p>"}],"source_text_full":"<p>哈喽大家好@_all ，5月英国达人的券补已上线，明天会通过bot推送至商家群内。辛苦大家也同步提醒商家利用这些工具来提升发文和转化。</p><p></p><p>所圈商家：大家提保的T3冲刺，以及T5冲刺商家都有被圈，商家list和此表同步https://bytedance.larkoffice.com/wiki/Hkxtw51jrivJ0vkJeUTceopnnHd?sheet=xbP0Vn。cc： @丁祎</p>","ack_lock":{"status":"pending","tag":"[⚠️待接单/未响应]","evidence":"未在时间窗口内检测到责任人认领（收到/1/OK/表情等）"}}}
{"type":"mention_message_new","target_id":"mentions_me_global","target_title":"全局@我","chat_id":"","chat_name":"未知群聊","chat_link":"","message_link":"","jump_link":"","message_id":"om_x100b50fe93a5213ce2d4ac896bb91c2","sender":"江家徵","create_time":"2026-05-07T23:20:54+08:00","text":"@于奇楠 我这里暂无，对于使用流程如果可否有个小培训或QA，我进一步和服务商谈谈"}
{"type":"chat_task","target_id":"mentions_me_global","target_title":"全局@我","chat_id":"","chat_name":"未知群聊","chat_link":"","message_link":"","jump_link":"","message_id":"om_x100b50fe93a5213ce2d4ac896bb91c2","task":{"is_task":true,"task_name":"【提供使用流程的小培训或QA】","summary":"【提供使用流程的小培训或QA】","task_type":"需求沟通","assigner":"江家徵","owners":["于奇楠"],"owner_mapping":[{"owner":"于奇楠","scope":""}],"owner_resolution_status":"full","due_time":null,"deliverable":"小培训或QA","source_message_ids":["om_x100b50fe93a5213ce2d4ac896bb91c2"],"suggestion_reply":"收到，请问于奇楠，这个培训或QA期望什么时候完成呢？为方便跟进，建议下次使用【任务名称】格式明确指出待办事项。","evidence":["@于奇楠 我这里暂无，对于使用流程如果可否有个小培训或QA，我进一步和服务商谈谈"],"source_messages_full":[{"message_id":"om_x100b50fe93a5213ce2d4ac896bb91c2","sender":"江家徵","chat_id":null,"chat_name":"未知群聊","chat_link":null,"message_link":null,"jump_link":null,"create_time":"2026-05-07T23:20:54+08:00","text":"@于奇楠 我这里暂无，对于使用流程如果可否有个小培训或QA，我进一步和服务商谈谈"}],"source_text_full":"@于奇楠 我这里暂无，对于使用流程如果可否有个小培训或QA，我进一步和服务商谈谈","missing_fields":["due_time"],"ack_lock":{"status":"pending","tag":"[⚠️待接单/未响应]","evidence":"未在时间窗口内检测到责任人认领（收到/1/OK/表情等）"}}}
{"type":"mention_message_new","target_id":"mentions_me_global","target_title":"全局@我","chat_id":"","chat_name":"未知群聊","chat_link":"","message_link":"","jump_link":"","message_id":"om_x100b50f87fa9a0a4e2f478d8be7c657","sender":"吴鸿生","create_time":"2026-05-08T00:51:34+08:00","text":"@于奇楠 好呀好呀"}
{"type":"mention_message_new","target_id":"mentions_me_global","target_title":"全局@我","chat_id":"","chat_name":"未知群聊","chat_link":"","message_link":"","jump_link":"","message_id":"om_x100b50e6d4cc80a4e2f0bf8d6f5b672","sender":"夏春雨","create_time":"2026-05-08T08:09:04+08:00","text":"@于奇楠 目前可提供代运营的服务商很少   这个政策不是太有效  us pop 和eu local 也在执行类似政策  目前看下来 实际结算也比较少  （服务商供给少  +意愿支付代运营费用商家少+ 补贴的是gmv增量  ） 基本服务商测算拿不到多少钱"}
{"type":"mention_message_new","target_id":"mentions_me_global","target_title":"全局@我","chat_id":"","chat_name":"未知群聊","chat_link":"","message_link":"","jump_link":"","message_id":"om_x100b50e7ce7a64a0e154b110be101ce","sender":"江家徵","create_time":"2026-05-08T09:10:35+08:00","text":"@于奇楠 我这里没有[捂脸]"}
{"type":"mention_message_new","target_id":"mentions_me_global","target_title":"全局@我","chat_id":"","chat_name":"未知群聊","chat_link":"","message_link":"","jump_link":"","message_id":"om_x100b50e7cf4c54b0e2ee0a815f27456","sender":"黄忆卓","create_time":"2026-05-08T09:10:48+08:00","text":"@于奇楠 还没了解过"}
{"type":"mention_message_new","target_id":"mentions_me_global","target_title":"全局@我","chat_id":"","chat_name":"未知群聊","chat_link":"","message_link":"","jump_link":"","message_id":"om_x100b50e0ca9778a0e15d0ab10a748e2","sender":"夏春雨","create_time":"2026-05-08T10:19:50+08:00","text":"@于奇楠 https://bytedance.sg.larkoffice.com/sheets/JoQgs15S6hqIdOtHbDYlWjMKgUg?sheet=74819c"}
{"type":"chat_task","target_id":"mentions_me_global","target_title":"全局@我","chat_id":"","chat_name":"未知群聊","chat_link":"","message_link":"","jump_link":"","message_id":"om_x100b50e0ca9778a0e15d0ab10a748e2","task":{"is_task":true,"task_name":"【查看/处理群内发送的表格文档】","summary":"【查看/处理群内发送的表格文档】","task_type":"document_processing","assigner":"夏春雨","owners":["于奇楠"],"owner_mapping":[{"owner":"于奇楠","scope":null}],"owner_resolution_status":"full","due_time":null,"deliverable":"https://bytedance.sg.larkoffice.com/sheets/JoQgs15S6hqIdOtHbDYlWjMKgUg?sheet=74819c","source_message_ids":["om_x100b50e0ca9778a0e15d0ab10a748e2"],"suggestion_reply":"收到任务，请问这个文档需要何时完成呢？建议使用【任务名称】格式明确待办事项哦～","evidence":["@于奇楠 https://bytedance.sg.larkoffice.com/sheets/JoQgs15S6hqIdOtHbDYlWjMKgUg?sheet=74819c"],"source_messages_full":[{"message_id":"om_x100b50e0ca9778a0e15d0ab10a748e2","sender":"夏春雨","chat_id":null,"chat_name":"未知群聊","chat_link":null,"message_link":null,"jump_link":null,"create_time":"2026-05-08T10:19:50+08:00","text":"@于奇楠 https://bytedance.sg.larkoffice.com/sheets/JoQgs15S6hqIdOtHbDYlWjMKgUg?sheet=74819c"}],"source_text_full":"@于奇楠 https://bytedance.sg.larkoffice.com/sheets/JoQgs15S6hqIdOtHbDYlWjMKgUg?sheet=74819c","missing_fields":["due_time"],"ack_lock":{"status":"pending","tag":"[⚠️待接单/未响应]","evidence":"未在时间窗口内检测到责任人认领（收到/1/OK/表情等）"}}}
{"type":"mention_message_new","target_id":"mentions_me_global","target_title":"全局@我","chat_id":"","chat_name":"未知群聊","chat_link":"","message_link":"","jump_link":"","message_id":"om_x100b50e0c1a880a4e2b2550e05bdeef","sender":"夏春雨","create_time":"2026-05-08T10:22:46+08:00","text":"@于奇楠 数据依据现在周报上的归属关系来的，暂时拆分不了"}
{"type":"mention_message_new","target_id":"mentions_me_global","target_title":"全局@我","chat_id":"","chat_name":"未知群聊","chat_link":"","message_link":"","jump_link":"","message_id":"om_x100b50e0e6b9a8a8e2b647aff17894e","sender":"陈敬夫","create_time":"2026-05-08T10:29:27+08:00","text":"@_all 服饰1-4月累计达成上升至第1，给大家手动点赞[赞]。\n5/6月要持续激进保持住这样的势头，持续拿下整个H1第1以及全年第1[奖杯]"}
{"type":"mention_message_new","target_id":"mentions_me_global","target_title":"全局@我","chat_id":"","chat_name":"未知群聊","chat_link":"","message_link":"","jump_link":"","message_id":"om_x100b50e0807008a8e10286b15769475","sender":"周欢","create_time":"2026-05-08T10:39:39+08:00","text":"@所有人 **【Summer Wins决胜一夏！POP泛世界杯品类S级活动】对内KO**\n邀各行业AM参与世界杯主题活动规则解读，为年中促提前蓄水发力！\n\n- 【活动定位】：利用世界杯热点趋势，聚焦**泛世界杯场景**（比赛/运动/聚会/观赛/游戏/应援等），助力趋势品类生意爆发！与年中促共用话题词，蓄力预热！\n- 【活动时间】：UTC0时区的 6/3-6/13（基准期4/1-4/7）\n- 【对内KO时间】：5/9 周六11-12点\n- 【参与范围】：达人内容POC @刘雅婧Sylvia 、商家内容POC @刘畅 @孙思源 、营销POC@周欢 @谷子 、B-MKT POC @叶佳薇 将为大家分别解读活动玩法，请各行业POC提醒同学参会关注，KO文档会前提供～\n  @李歌  @宋利 @陈辰  @周睿琳 @吴昊 Howie @朱晓懿 Suki @陈海超 @林阳钦 \n\ncc@Ryan一帆 @任淑敏@沐阳@陈敬夫@Jason Yu@张旭强 Matt@天云@李翔 @王凤姣 @刘梦月 @范瑞真 Luna @高婷@张思宇"}
{"type":"chat_task","target_id":"mentions_me_global","target_title":"全局@我","chat_id":"","chat_name":"未知群聊","chat_link":"","message_link":"","jump_link":"","message_id":"om_x100b50e0807008a8e10286b15769475","task":{"is_task":true,"task_name":"【Summer Wins决胜一夏！POP泛世界杯品类S级活动】","summary":"【Summer Wins决胜一夏！POP泛世界杯品类S级活动】","task_type":"","assigner":"周欢","owners":["所有人","刘雅婧Sylvia","刘畅","孙思源","周欢","谷子","叶佳薇","李歌","宋利","陈辰","周睿琳","吴昊","朱晓懿","陈海超","林阳钦","Ryan一帆","任淑敏","沐阳","陈敬夫","Jason","张旭强","天云","李翔","王凤姣","刘梦月","范瑞真","高婷","张思宇","大家"],"owner_mapping":[{"owner":"所有人","scope":""},{"owner":"刘雅婧Sylvia","scope":""},{"owner":"刘畅","scope":""},{"owner":"孙思源","scope":""},{"owner":"周欢","scope":""},{"owner":"谷子","scope":""},{"owner":"叶佳薇","scope":""},{"owner":"李歌","scope":""},{"owner":"宋利","scope":""},{"owner":"陈辰","scope":""},{"owner":"周睿琳","scope":""},{"owner":"吴昊","scope":""},{"owner":"朱晓懿","scope":""},{"owner":"陈海超","scope":""},{"owner":"林阳钦","scope":""},{"owner":"Ryan一帆","scope":""},{"owner":"任淑敏","scope":""},{"owner":"沐阳","scope":""},{"owner":"陈敬夫","scope":""},{"owner":"Jason","scope":""},{"owner":"张旭强","scope":""},{"owner":"天云","scope":""},{"owner":"李翔","scope":""},{"owner":"王凤姣","scope":""},{"owner":"刘梦月","scope":""},{"owner":"范瑞真","scope":""},{"owner":"高婷","scope":""},{"owner":"张思宇","scope":""},{"owner":"大家","scope":""}],"owner_resolution_status":"partial","due_time":null,"deliverable":null,"source_message_ids":["om_x100b50e0807008a8e10286b15769475"],"suggestion_reply":"收到～为了方便大家后续跟进，建议按【动词+交付物/事项+时间节点】补全一下：最晚截止时间 / DDL。另外也建议在消息里用【任务名称】格式明确指出待办。谢谢～","evidence":["消息中包含【】锚点，任务名直接继承原话","消息中包含【】锚点，按规则高优判定为任务"],"source_messages_full":[{"message_id":"om_x100b50e0807008a8e10286b15769475","sender":"周欢","chat_id":null,"chat_name":"未知群聊","chat_link":null,"message_link":null,"jump_link":null,"create_time":"2026-05-08T10:39:39+08:00","text":"@所有人 **【Summer Wins决胜一夏！POP泛世界杯品类S级活动】对内KO**\n邀各行业AM参与世界杯主题活动规则解读，为年中促提前蓄水发力！\n\n- 【活动定位】：利用世界杯热点趋势，聚焦**泛世界杯场景**（比赛/运动/聚会/观赛/游戏/应援等），助力趋势品类生意爆发！与年中促共用话题词，蓄力预热！\n- 【活动时间】：UTC0时区的 6/3-6/13（基准期4/1-4/7）\n- 【对内KO时间】：5/9 周六11-12点\n- 【参与范围】：达人内容POC @刘雅婧Sylvia 、商家内容POC @刘畅 @孙思源 、营销POC@周欢 @谷子 、B-MKT POC @叶佳薇 将为大家分别解读活动玩法，请各行业POC提醒同学参会关注，KO文档会前提供～\n  @李歌  @宋利 @陈辰  @周睿琳 @吴昊 Howie @朱晓懿 Suki @陈海超 @林阳钦 \n\ncc@Ryan一帆 @任淑敏@沐阳@陈敬夫@Jason Yu@张旭强 Matt@天云@李翔 @王凤姣 @刘梦月 @范瑞真 Luna @高婷@张思宇"}],"source_text_full":"@所有人 **【Summer Wins决胜一夏！POP泛世界杯品类S级活动】对内KO**\n邀各行业AM参与世界杯主题活动规则解读，为年中促提前蓄水发力！\n\n- 【活动定位】：利用世界杯热点趋势，聚焦**泛世界杯场景**（比赛/运动/聚会/观赛/游戏/应援等），助力趋势品类生意爆发！与年中促共用话题词，蓄力预热！\n- 【活动时间】：UTC0时区的 6/3-6/13（基准期4/1-4/7）\n- 【对内KO时间】：5/9 周六11-12点\n- 【参与范围】：达人内容POC @刘雅婧Sylvia 、商家内容POC @刘畅 @孙思源 、营销POC@周欢 @谷子 、B-MKT POC @叶佳薇 将为大家分别解读活动玩法，请各行业POC提醒同学参会关注，KO文档会前提供～\n  @李歌  @宋利 @陈辰  @周睿琳 @吴昊 Howie @朱晓懿 Suki @陈海超 @林阳钦 \n\ncc@Ryan一帆 @任淑敏@沐阳@陈敬夫@Jason Yu@张旭强 Matt@天云@李翔 @王凤姣 @刘梦月 @范瑞真 Luna @高婷@张思宇","missing_fields":["due_time"],"ack_lock":{"status":"pending","tag":"[⚠️待接单/未响应]","evidence":"未在时间窗口内检测到责任人认领（收到/1/OK/表情等）"}}}
{"type":"chat_task","target_id":"mentions_me_global","target_title":"全局@我","chat_id":"","chat_name":"未知群聊","chat_link":"","message_link":"","jump_link":"","message_id":"om_x100b50e0807008a8e10286b15769475","task":{"is_task":true,"task_name":"【Summer Wins决胜一夏！POP泛世界杯品类S级活动】","summary":"【Summer Wins决胜一夏！POP泛世界杯品类S级活动】","task_type":"","assigner":"周欢","owners":["所有人","刘雅婧Sylvia","刘畅","孙思源","周欢","谷子","叶佳薇","李歌","宋利","陈辰","周睿琳","吴昊","朱晓懿","陈海超","林阳钦","Ryan一帆","任淑敏","沐阳","陈敬夫","Jason","张旭强","天云","李翔","王凤姣","刘梦月","范瑞真","高婷","张思宇","大家"],"owner_mapping":[{"owner":"所有人","scope":""},{"owner":"刘雅婧Sylvia","scope":""},{"owner":"刘畅","scope":""},{"owner":"孙思源","scope":""},{"owner":"周欢","scope":""},{"owner":"谷子","scope":""},{"owner":"叶佳薇","scope":""},{"owner":"李歌","scope":""},{"owner":"宋利","scope":""},{"owner":"陈辰","scope":""},{"owner":"周睿琳","scope":""},{"owner":"吴昊","scope":""},{"owner":"朱晓懿","scope":""},{"owner":"陈海超","scope":""},{"owner":"林阳钦","scope":""},{"owner":"Ryan一帆","scope":""},{"owner":"任淑敏","scope":""},{"owner":"沐阳","scope":""},{"owner":"陈敬夫","scope":""},{"owner":"Jason","scope":""},{"owner":"张旭强","scope":""},{"owner":"天云","scope":""},{"owner":"李翔","scope":""},{"owner":"王凤姣","scope":""},{"owner":"刘梦月","scope":""},{"owner":"范瑞真","scope":""},{"owner":"高婷","scope":""},{"owner":"张思宇","scope":""},{"owner":"大家","scope":""}],"owner_resolution_status":"partial","due_time":null,"deliverable":null,"source_message_ids":["om_x100b50e0807008a8e10286b15769475"],"suggestion_reply":"收到～为了方便大家后续跟进，建议按【动词+交付物/事项+时间节点】补全一下：最晚截止时间 / DDL。另外也建议在消息里用【任务名称】格式明确指出待办。谢谢～","evidence":["消息中包含【】锚点，任务名直接继承原话","消息中包含【】锚点，按规则高优判定为任务"],"source_messages_full":[{"message_id":"om_x100b50e0807008a8e10286b15769475","sender":"周欢","chat_id":null,"chat_name":"未知群聊","chat_link":null,"message_link":null,"jump_link":null,"create_time":"2026-05-08T10:39:39+08:00","text":"@所有人 **【Summer Wins决胜一夏！POP泛世界杯品类S级活动】对内KO**\n邀各行业AM参与世界杯主题活动规则解读，为年中促提前蓄水发力！\n\n- 【活动定位】：利用世界杯热点趋势，聚焦**泛世界杯场景**（比赛/运动/聚会/观赛/游戏/应援等），助力趋势品类生意爆发！与年中促共用话题词，蓄力预热！\n- 【活动时间】：UTC0时区的 6/3-6/13（基准期4/1-4/7）\n- 【对内KO时间】：5/9 周六11-12点\n- 【参与范围】：达人内容POC @刘雅婧Sylvia 、商家内容POC @刘畅 @孙思源 、营销POC@周欢 @谷子 、B-MKT POC @叶佳薇 将为大家分别解读活动玩法，请各行业POC提醒同学参会关注，KO文档会前提供～\n  @李歌  @宋利 @陈辰  @周睿琳 @吴昊 Howie @朱晓懿 Suki @陈海超 @林阳钦 \n\ncc@Ryan一帆 @任淑敏@沐阳@陈敬夫@Jason Yu@张旭强 Matt@天云@李翔 @王凤姣 @刘梦月 @范瑞真 Luna @高婷@张思宇"}],"source_text_full":"@所有人 **【Summer Wins决胜一夏！POP泛世界杯品类S级活动】对内KO**\n邀各行业AM参与世界杯主题活动规则解读，为年中促提前蓄水发力！\n\n- 【活动定位】：利用世界杯热点趋势，聚焦**泛世界杯场景**（比赛/运动/聚会/观赛/游戏/应援等），助力趋势品类生意爆发！与年中促共用话题词，蓄力预热！\n- 【活动时间】：UTC0时区的 6/3-6/13（基准期4/1-4/7）\n- 【对内KO时间】：5/9 周六11-12点\n- 【参与范围】：达人内容POC @刘雅婧Sylvia 、商家内容POC @刘畅 @孙思源 、营销POC@周欢 @谷子 、B-MKT POC @叶佳薇 将为大家分别解读活动玩法，请各行业POC提醒同学参会关注，KO文档会前提供～\n  @李歌  @宋利 @陈辰  @周睿琳 @吴昊 Howie @朱晓懿 Suki @陈海超 @林阳钦 \n\ncc@Ryan一帆 @任淑敏@沐阳@陈敬夫@Jason Yu@张旭强 Matt@天云@李翔 @王凤姣 @刘梦月 @范瑞真 Luna @高婷@张思宇","missing_fields":["due_time"],"ack_lock":{"status":"pending","tag":"[⚠️待接单/未响应]","evidence":"未在时间窗口内检测到责任人认领（收到/1/OK/表情等）"}}}
{"type":"chat_task","target_id":"mentions_me_global","target_title":"全局@我","chat_id":"","chat_name":"未知群聊","chat_link":"","message_link":"","jump_link":"","message_id":"om_x100b50e0807008a8e10286b15769475","task":{"is_task":true,"task_name":"【Summer Wins决胜一夏！POP泛世界杯品类S级活动】","summary":"【Summer Wins决胜一夏！POP泛世界杯品类S级活动】","task_type":"","assigner":"周欢","owners":["所有人","刘雅婧Sylvia","刘畅","孙思源","周欢","谷子","叶佳薇","李歌","宋利","陈辰","周睿琳","吴昊","朱晓懿","陈海超","林阳钦","Ryan一帆","任淑敏","沐阳","陈敬夫","Jason","张旭强","天云","李翔","王凤姣","刘梦月","范瑞真","高婷","张思宇","大家"],"owner_mapping":[{"owner":"所有人","scope":""},{"owner":"刘雅婧Sylvia","scope":""},{"owner":"刘畅","scope":""},{"owner":"孙思源","scope":""},{"owner":"周欢","scope":""},{"owner":"谷子","scope":""},{"owner":"叶佳薇","scope":""},{"owner":"李歌","scope":""},{"owner":"宋利","scope":""},{"owner":"陈辰","scope":""},{"owner":"周睿琳","scope":""},{"owner":"吴昊","scope":""},{"owner":"朱晓懿","scope":""},{"owner":"陈海超","scope":""},{"owner":"林阳钦","scope":""},{"owner":"Ryan一帆","scope":""},{"owner":"任淑敏","scope":""},{"owner":"沐阳","scope":""},{"owner":"陈敬夫","scope":""},{"owner":"Jason","scope":""},{"owner":"张旭强","scope":""},{"owner":"天云","scope":""},{"owner":"李翔","scope":""},{"owner":"王凤姣","scope":""},{"owner":"刘梦月","scope":""},{"owner":"范瑞真","scope":""},{"owner":"高婷","scope":""},{"owner":"张思宇","scope":""},{"owner":"大家","scope":""}],"owner_resolution_status":"partial","due_time":null,"deliverable":null,"source_message_ids":["om_x100b50e0807008a8e10286b15769475"],"suggestion_reply":"收到～为了方便大家后续跟进，建议按【动词+交付物/事项+时间节点】补全一下：最晚截止时间 / DDL。另外也建议在消息里用【任务名称】格式明确指出待办。谢谢～","evidence":["消息中包含【】锚点，任务名直接继承原话","消息中包含【】锚点，按规则高优判定为任务"],"source_messages_full":[{"message_id":"om_x100b50e0807008a8e10286b15769475","sender":"周欢","chat_id":null,"chat_name":"未知群聊","chat_link":null,"message_link":null,"jump_link":null,"create_time":"2026-05-08T10:39:39+08:00","text":"@所有人 **【Summer Wins决胜一夏！POP泛世界杯品类S级活动】对内KO**\n邀各行业AM参与世界杯主题活动规则解读，为年中促提前蓄水发力！\n\n- 【活动定位】：利用世界杯热点趋势，聚焦**泛世界杯场景**（比赛/运动/聚会/观赛/游戏/应援等），助力趋势品类生意爆发！与年中促共用话题词，蓄力预热！\n- 【活动时间】：UTC0时区的 6/3-6/13（基准期4/1-4/7）\n- 【对内KO时间】：5/9 周六11-12点\n- 【参与范围】：达人内容POC @刘雅婧Sylvia 、商家内容POC @刘畅 @孙思源 、营销POC@周欢 @谷子 、B-MKT POC @叶佳薇 将为大家分别解读活动玩法，请各行业POC提醒同学参会关注，KO文档会前提供～\n  @李歌  @宋利 @陈辰  @周睿琳 @吴昊 Howie @朱晓懿 Suki @陈海超 @林阳钦 \n\ncc@Ryan一帆 @任淑敏@沐阳@陈敬夫@Jason Yu@张旭强 Matt@天云@李翔 @王凤姣 @刘梦月 @范瑞真 Luna @高婷@张思宇"}],"source_text_full":"@所有人 **【Summer Wins决胜一夏！POP泛世界杯品类S级活动】对内KO**\n邀各行业AM参与世界杯主题活动规则解读，为年中促提前蓄水发力！\n\n- 【活动定位】：利用世界杯热点趋势，聚焦**泛世界杯场景**（比赛/运动/聚会/观赛/游戏/应援等），助力趋势品类生意爆发！与年中促共用话题词，蓄力预热！\n- 【活动时间】：UTC0时区的 6/3-6/13（基准期4/1-4/7）\n- 【对内KO时间】：5/9 周六11-12点\n- 【参与范围】：达人内容POC @刘雅婧Sylvia 、商家内容POC @刘畅 @孙思源 、营销POC@周欢 @谷子 、B-MKT POC @叶佳薇 将为大家分别解读活动玩法，请各行业POC提醒同学参会关注，KO文档会前提供～\n  @李歌  @宋利 @陈辰  @周睿琳 @吴昊 Howie @朱晓懿 Suki @陈海超 @林阳钦 \n\ncc@Ryan一帆 @任淑敏@沐阳@陈敬夫@Jason Yu@张旭强 Matt@天云@李翔 @王凤姣 @刘梦月 @范瑞真 Luna @高婷@张思宇","missing_fields":["due_time"],"ack_lock":{"status":"pending","tag":"[⚠️待接单/未响应]","evidence":"未在时间窗口内检测到责任人认领（收到/1/OK/表情等）"}}}
{"type":"chat_task","target_id":"mentions_me_global","target_title":"全局@我","chat_id":"","chat_name":"未知群聊","chat_link":"","message_link":"","jump_link":"","message_id":"om_x100b50e0807008a8e10286b15769475","task":{"is_task":true,"task_name":"【Summer Wins决胜一夏！POP泛世界杯品类S级活动】","summary":"【Summer Wins决胜一夏！POP泛世界杯品类S级活动】","task_type":"","assigner":"周欢","owners":["所有人","刘雅婧Sylvia","刘畅","孙思源","周欢","谷子","叶佳薇","李歌","宋利","陈辰","周睿琳","吴昊","朱晓懿","陈海超","林阳钦","Ryan一帆","任淑敏","沐阳","陈敬夫","Jason","张旭强","天云","李翔","王凤姣","刘梦月","范瑞真","高婷","张思宇","大家"],"owner_mapping":[{"owner":"所有人","scope":""},{"owner":"刘雅婧Sylvia","scope":""},{"owner":"刘畅","scope":""},{"owner":"孙思源","scope":""},{"owner":"周欢","scope":""},{"owner":"谷子","scope":""},{"owner":"叶佳薇","scope":""},{"owner":"李歌","scope":""},{"owner":"宋利","scope":""},{"owner":"陈辰","scope":""},{"owner":"周睿琳","scope":""},{"owner":"吴昊","scope":""},{"owner":"朱晓懿","scope":""},{"owner":"陈海超","scope":""},{"owner":"林阳钦","scope":""},{"owner":"Ryan一帆","scope":""},{"owner":"任淑敏","scope":""},{"owner":"沐阳","scope":""},{"owner":"陈敬夫","scope":""},{"owner":"Jason","scope":""},{"owner":"张旭强","scope":""},{"owner":"天云","scope":""},{"owner":"李翔","scope":""},{"owner":"王凤姣","scope":""},{"owner":"刘梦月","scope":""},{"owner":"范瑞真","scope":""},{"owner":"高婷","scope":""},{"owner":"张思宇","scope":""},{"owner":"大家","scope":""}],"owner_resolution_status":"partial","due_time":null,"deliverable":null,"source_message_ids":["om_x100b50e0807008a8e10286b15769475"],"suggestion_reply":"收到～为了方便大家后续跟进，建议按【动词+交付物/事项+时间节点】补全一下：最晚截止时间 / DDL。另外也建议在消息里用【任务名称】格式明确指出待办。谢谢～","evidence":["消息中包含【】锚点，任务名直接继承原话","消息中包含【】锚点，按规则高优判定为任务"],"source_messages_full":[{"message_id":"om_x100b50e0807008a8e10286b15769475","sender":"周欢","chat_id":null,"chat_name":"未知群聊","chat_link":null,"message_link":null,"jump_link":null,"create_time":"2026-05-08T10:39:39+08:00","text":"@所有人 **【Summer Wins决胜一夏！POP泛世界杯品类S级活动】对内KO**\n邀各行业AM参与世界杯主题活动规则解读，为年中促提前蓄水发力！\n\n- 【活动定位】：利用世界杯热点趋势，聚焦**泛世界杯场景**（比赛/运动/聚会/观赛/游戏/应援等），助力趋势品类生意爆发！与年中促共用话题词，蓄力预热！\n- 【活动时间】：UTC0时区的 6/3-6/13（基准期4/1-4/7）\n- 【对内KO时间】：5/9 周六11-12点\n- 【参与范围】：达人内容POC @刘雅婧Sylvia 、商家内容POC @刘畅 @孙思源 、营销POC@周欢 @谷子 、B-MKT POC @叶佳薇 将为大家分别解读活动玩法，请各行业POC提醒同学参会关注，KO文档会前提供～\n  @李歌  @宋利 @陈辰  @周睿琳 @吴昊 Howie @朱晓懿 Suki @陈海超 @林阳钦 \n\ncc@Ryan一帆 @任淑敏@沐阳@陈敬夫@Jason Yu@张旭强 Matt@天云@李翔 @王凤姣 @刘梦月 @范瑞真 Luna @高婷@张思宇"}],"source_text_full":"@所有人 **【Summer Wins决胜一夏！POP泛世界杯品类S级活动】对内KO**\n邀各行业AM参与世界杯主题活动规则解读，为年中促提前蓄水发力！\n\n- 【活动定位】：利用世界杯热点趋势，聚焦**泛世界杯场景**（比赛/运动/聚会/观赛/游戏/应援等），助力趋势品类生意爆发！与年中促共用话题词，蓄力预热！\n- 【活动时间】：UTC0时区的 6/3-6/13（基准期4/1-4/7）\n- 【对内KO时间】：5/9 周六11-12点\n- 【参与范围】：达人内容POC @刘雅婧Sylvia 、商家内容POC @刘畅 @孙思源 、营销POC@周欢 @谷子 、B-MKT POC @叶佳薇 将为大家分别解读活动玩法，请各行业POC提醒同学参会关注，KO文档会前提供～\n  @李歌  @宋利 @陈辰  @周睿琳 @吴昊 Howie @朱晓懿 Suki @陈海超 @林阳钦 \n\ncc@Ryan一帆 @任淑敏@沐阳@陈敬夫@Jason Yu@张旭强 Matt@天云@李翔 @王凤姣 @刘梦月 @范瑞真 Luna @高婷@张思宇","missing_fields":["due_time"],"ack_lock":{"status":"pending","tag":"[⚠️待接单/未响应]","evidence":"未在时间窗口内检测到责任人认领（收到/1/OK/表情等）"}}}
{"type":"chat_task","target_id":"mentions_me_global","target_title":"全局@我","chat_id":"","chat_name":"未知群聊","chat_link":"","message_link":"","jump_link":"","message_id":"om_x100b50e0807008a8e10286b15769475","task":{"is_task":true,"task_name":"【Summer Wins决胜一夏！POP泛世界杯品类S级活动】","summary":"【Summer Wins决胜一夏！POP泛世界杯品类S级活动】","task_type":"","assigner":"周欢","owners":["所有人","刘雅婧Sylvia","刘畅","孙思源","周欢","谷子","叶佳薇","李歌","宋利","陈辰","周睿琳","吴昊","朱晓懿","陈海超","林阳钦","Ryan一帆","任淑敏","沐阳","陈敬夫","Jason","张旭强","天云","李翔","王凤姣","刘梦月","范瑞真","高婷","张思宇","大家"],"owner_mapping":[{"owner":"所有人","scope":""},{"owner":"刘雅婧Sylvia","scope":""},{"owner":"刘畅","scope":""},{"owner":"孙思源","scope":""},{"owner":"周欢","scope":""},{"owner":"谷子","scope":""},{"owner":"叶佳薇","scope":""},{"owner":"李歌","scope":""},{"owner":"宋利","scope":""},{"owner":"陈辰","scope":""},{"owner":"周睿琳","scope":""},{"owner":"吴昊","scope":""},{"owner":"朱晓懿","scope":""},{"owner":"陈海超","scope":""},{"owner":"林阳钦","scope":""},{"owner":"Ryan一帆","scope":""},{"owner":"任淑敏","scope":""},{"owner":"沐阳","scope":""},{"owner":"陈敬夫","scope":""},{"owner":"Jason","scope":""},{"owner":"张旭强","scope":""},{"owner":"天云","scope":""},{"owner":"李翔","scope":""},{"owner":"王凤姣","scope":""},{"owner":"刘梦月","scope":""},{"owner":"范瑞真","scope":""},{"owner":"高婷","scope":""},{"owner":"张思宇","scope":""},{"owner":"大家","scope":""}],"owner_resolution_status":"partial","due_time":null,"deliverable":null,"source_message_ids":["om_x100b50e0807008a8e10286b15769475"],"suggestion_reply":"收到～为了方便大家后续跟进，建议按【动词+交付物/事项+时间节点】补全一下：最晚截止时间 / DDL。另外也建议在消息里用【任务名称】格式明确指出待办。谢谢～","evidence":["消息中包含【】锚点，任务名直接继承原话","消息中包含【】锚点，按规则高优判定为任务"],"source_messages_full":[{"message_id":"om_x100b50e0807008a8e10286b15769475","sender":"周欢","chat_id":null,"chat_name":"未知群聊","chat_link":null,"message_link":null,"jump_link":null,"create_time":"2026-05-08T10:39:39+08:00","text":"@所有人 **【Summer Wins决胜一夏！POP泛世界杯品类S级活动】对内KO**\n邀各行业AM参与世界杯主题活动规则解读，为年中促提前蓄水发力！\n\n- 【活动定位】：利用世界杯热点趋势，聚焦**泛世界杯场景**（比赛/运动/聚会/观赛/游戏/应援等），助力趋势品类生意爆发！与年中促共用话题词，蓄力预热！\n- 【活动时间】：UTC0时区的 6/3-6/13（基准期4/1-4/7）\n- 【对内KO时间】：5/9 周六11-12点\n- 【参与范围】：达人内容POC @刘雅婧Sylvia 、商家内容POC @刘畅 @孙思源 、营销POC@周欢 @谷子 、B-MKT POC @叶佳薇 将为大家分别解读活动玩法，请各行业POC提醒同学参会关注，KO文档会前提供～\n  @李歌  @宋利 @陈辰  @周睿琳 @吴昊 Howie @朱晓懿 Suki @陈海超 @林阳钦 \n\ncc@Ryan一帆 @任淑敏@沐阳@陈敬夫@Jason Yu@张旭强 Matt@天云@李翔 @王凤姣 @刘梦月 @范瑞真 Luna @高婷@张思宇"}],"source_text_full":"@所有人 **【Summer Wins决胜一夏！POP泛世界杯品类S级活动】对内KO**\n邀各行业AM参与世界杯主题活动规则解读，为年中促提前蓄水发力！\n\n- 【活动定位】：利用世界杯热点趋势，聚焦**泛世界杯场景**（比赛/运动/聚会/观赛/游戏/应援等），助力趋势品类生意爆发！与年中促共用话题词，蓄力预热！\n- 【活动时间】：UTC0时区的 6/3-6/13（基准期4/1-4/7）\n- 【对内KO时间】：5/9 周六11-12点\n- 【参与范围】：达人内容POC @刘雅婧Sylvia 、商家内容POC @刘畅 @孙思源 、营销POC@周欢 @谷子 、B-MKT POC @叶佳薇 将为大家分别解读活动玩法，请各行业POC提醒同学参会关注，KO文档会前提供～\n  @李歌  @宋利 @陈辰  @周睿琳 @吴昊 Howie @朱晓懿 Suki @陈海超 @林阳钦 \n\ncc@Ryan一帆 @任淑敏@沐阳@陈敬夫@Jason Yu@张旭强 Matt@天云@李翔 @王凤姣 @刘梦月 @范瑞真 Luna @高婷@张思宇","missing_fields":["due_time"],"ack_lock":{"status":"pending","tag":"[⚠️待接单/未响应]","evidence":"未在时间窗口内检测到责任人认领（收到/1/OK/表情等）"}}}
{"type":"mention_message_new","target_id":"mentions_me_global","target_title":"全局@我","chat_id":"","chat_name":"未知群聊","chat_link":"","message_link":"","jump_link":"","message_id":"om_x100b50e09da99ca4c493ec173baa3cd","sender":"","create_time":"2026-05-08T10:40:55+08:00","text":"**AMS GNE AM内训｜US IPR 4-Strike (四振出局) 处置策略解读[仅内部]**\n![图片](img_v3_0211f_6d4a7eb1-6ff8-45ab-a2df-deccccf745eg)\n---\n<at id=all></at>⏰本周六10:00，来听听 **<font color='green'>US IPR 4-Strike（四振出局） 处置策略解读 </font>**吧～\n\nIPR 四振出局策略用于整治商家重复违规，维护平台公平安全。针对权利人举报或平台自查发现的假货、侵权盗版行为，重复违规4次及以上，店铺将会被直接关闭。\n\n为帮助大家更好地理解规则、辅导商家规避风险，我们特邀请IPR治理团队*<font color='green'>@王颖</font>*为大家讲解规则细节 。\n\n<font color='red'>❗️注意：四振出局策略是目前对头商关店影响最大的策略之一，建议所有AM都关注了解此策略，提前做好预防！</font>\n\n**<font color='green'>📍培训议程</font>**\n\n    📌 4-Strike 策略定义、计数口径及其与常规 AHR 计分的区别\n    📌 生效时间与次数重置机制\n    📌 覆盖的违规类型（版权、商标、设计等）与可接受的申诉材料清单\n    📌 闭店触发路径与典型场景案例解析\n    📌 如何使用看板进行店铺维度查询\n    📌 AM 如何前置支持：主动触达、申诉辅导与合规宣导\n\n**<font color='green'>📍培训时间</font>**\n\n    2026年5月9日 (星期六) 10:00 - 10:30 (GMT+8)\n\n[🔥IPR 4-strike｜一键加入日程](https://www.sg.larkoffice.com/calendar/share?token=2a67a7be12f16a3306bf52510e10b4d4)"}
{"type":"mention_message_new","target_id":"mentions_me_global","target_title":"全局@我","chat_id":"","chat_name":"未知群聊","chat_link":"","message_link":"","jump_link":"","message_id":"om_x100b50e16ac0e8b8e2cf6eaefc05fef","sender":"","create_time":"2026-05-08T11:02:24+08:00","text":"🎉 **号外号外！你的全能 AI 助理 iDA 上新啦！—— 可以在上面的卡片查看详情 👆 cc **@所有人 \n\n- **新能力**：支持 Hive 表查询，或者直接输入 SQL 查数；定时任务一键推送群聊；首页秒切 CN / VA / SG 机房。\n- **新模型**：GPT-5.5、DeepSeek-V4 强力入驻；视频生成升级至 SeeDance 2.0，效果更佳！\n- **新 Skill**：在对话框 @<u>TEA 统一入口</u>、@<u>Libra-实验&指标格式化导出(beta版)</u>，即可召唤对应 skill！"}
{"type":"mention_message_new","target_id":"mentions_me_global","target_title":"全局@我","chat_id":"","chat_name":"未知群聊","chat_link":"","message_link":"","jump_link":"","message_id":"om_x100b50e160c7f0a0e2b6f32ae93ac1f","sender":"","create_time":"2026-05-08T11:05:05+08:00","text":"**5月商家直播目标及预算确认**\n\n@所有人 大伙，现同步5月目标及预算情况，如无问题今天下午会确定大家的5月bill\n**一、目标**[https://bytedance.larkoffice.com/wiki/Ujyqw4m16i0e9jkqbD2cJOSxnOh?sheet=Hqm6SM](https://bytedance.larkoffice.com/wiki/Ujyqw4m16i0e9jkqbD2cJOSxnOh?sheet=Hqm6SM)\n本次在原定5月目标基础上有两个调整：\n1、服饰不再单独计算目标，按照统一逻辑计算cc @霍汉煜 @吴鸿生 \n2、5月初有1515家商家发生流转，绝大多数为育商流转到运奢、服饰等；考虑流转的商家直播表现，本次流转仅按照4月表现流转到5/6月目标，不再设置增幅，流转详情可见[https://bytedance.larkoffice.com/wiki/AsaJwkNPKipzJQkeeJRcXaROnWd?sheet=a1cdc0](https://bytedance.larkoffice.com/wiki/AsaJwkNPKipzJQkeeJRcXaROnWd?sheet=a1cdc0)\n\n4月完成、5月目标最终调整及截止到6号表现参考如下：\n![image](img_v3_0211g_1582dcef-29c7-40ea-b825-f3332ccffbhu)\n\n**二、预算**\n5月开始预算同样加入服饰统筹管理，5月预算保留2万为竞拍任务赛，其他按照GMV贡献分配给行业，需大家关注\n1、4月预算除服饰外超花明显，本次超花会统筹计算，服饰的结余会保留至5月。**5月开始，将开始行业自负模式，如有超花和结余会在下一月扣减或增加，辛苦大家注意**\n2、再次强调下大家关注ROI，各行业ROI整体应达到1以上@吴鸿生 辛苦每周监控\n3、今天下午会给到5月的bill，请大家暂停使用之前的bill，如超额使用会影响6月预算分配\n![image](img_v3_0211g_742ae4e4-78b4-440a-a335-2a061010d5hu)\ncc @刘梦月"}
{"type":"chat_task","target_id":"mentions_me_global","target_title":"全局@我","chat_id":"","chat_name":"未知群聊","chat_link":"","message_link":"","jump_link":"","message_id":"om_x100b50e160c7f0a0e2b6f32ae93ac1f","task":{"is_task":true,"task_name":"【确认5月目标及预算并暂停使用旧bill今天下午】","summary":"【确认5月目标及预算并暂停使用旧bill今天下午】","task_type":"review_and_action","assigner":"","owners":["所有人","大家"],"owner_mapping":[{"owner":"所有人","scope":"public"},{"owner":"大家","scope":"public"}],"owner_resolution_status":"full","due_time":"2026-05-08 18:00","deliverable":"确认无问题并执行暂停操作","source_message_ids":["om_x100b50e160c7f0a0e2b6f32ae93ac1f"],"suggestion_reply":null,"evidence":["@所有人 大伙，现同步5月目标及预算情况，如无问题今天下午会确定大家的5月bill","请大家暂停使用之前的bill"],"source_messages_full":[{"message_id":"om_x100b50e160c7f0a0e2b6f32ae93ac1f","sender":"","chat_id":null,"chat_name":"未知群聊","chat_link":null,"message_link":null,"jump_link":null,"create_time":"2026-05-08T11:05:05+08:00","text":"**5月商家直播目标及预算确认**\n\n@所有人 大伙，现同步5月目标及预算情况，如无问题今天下午会确定大家的5月bill\n**一、目标**[https://bytedance.larkoffice.com/wiki/Ujyqw4m16i0e9jkqbD2cJOSxnOh?sheet=Hqm6SM](https://bytedance.larkoffice.com/wiki/Ujyqw4m16i0e9jkqbD2cJOSxnOh?sheet=Hqm6SM)\n本次在原定5月目标基础上有两个调整：\n1、服饰不再单独计算目标，按照统一逻辑计算cc @霍汉煜 @吴鸿生 \n2、5月初有1515家商家发生流转，绝大多数为育商流转到运奢、服饰等；考虑流转的商家直播表现，本次流转仅按照4月表现流转到5/6月目标，不再设置增幅，流转详情可见[https://bytedance.larkoffice.com/wiki/AsaJwkNPKipzJQkeeJRcXaROnWd?sheet=a1cdc0](https://bytedance.larkoffice.com/wiki/AsaJwkNPKipzJQkeeJRcXaROnWd?sheet=a1cdc0)\n\n4月完成、5月目标最终调整及截止到6号表现参考如下：\n![image](img_v3_0211g_1582dcef-29c7-40ea-b825-f3332ccffbhu)\n\n**二、预算**\n5月开始预算同样加入服饰统筹管理，5月预算保留2万为竞拍任务赛，其他按照GMV贡献分配给行业，需大家关注\n1、4月预算除服饰外超花明显，本次超花会统筹计算，服饰的结余会保留至5月。**5月开始，将开始行业自负模式，如有超花和结余会在下一月扣减或增加，辛苦大家注意**\n2、再次强调下大家关注ROI，各行业ROI整体应达到1以上@吴鸿生 辛苦每周监控\n3、今天下午会给到5月的bill，请大家暂停使用之前的bill，如超额使用会影响6月预算分配\n![image](img_v3_0211g_742ae4e4-78b4-440a-a335-2a061010d5hu)\ncc @刘梦月"}],"source_text_full":"**5月商家直播目标及预算确认**\n\n@所有人 大伙，现同步5月目标及预算情况，如无问题今天下午会确定大家的5月bill\n**一、目标**[https://bytedance.larkoffice.com/wiki/Ujyqw4m16i0e9jkqbD2cJOSxnOh?sheet=Hqm6SM](https://bytedance.larkoffice.com/wiki/Ujyqw4m16i0e9jkqbD2cJOSxnOh?sheet=Hqm6SM)\n本次在原定5月目标基础上有两个调整：\n1、服饰不再单独计算目标，按照统一逻辑计算cc @霍汉煜 @吴鸿生 \n2、5月初有1515家商家发生流转，绝大多数为育商流转到运奢、服饰等；考虑流转的商家直播表现，本次流转仅按照4月表现流转到5/6月目标，不再设置增幅，流转详情可见[https://bytedance.larkoffice.com/wiki/AsaJwkNPKipzJQkeeJRcXaROnWd?sheet=a1cdc0](https://bytedance.larkoffice.com/wiki/AsaJwkNPKipzJQkeeJRcXaROnWd?sheet=a1cdc0)\n\n4月完成、5月目标最终调整及截止到6号表现参考如下：\n![image](img_v3_0211g_1582dcef-29c7-40ea-b825-f3332ccffbhu)\n\n**二、预算**\n5月开始预算同样加入服饰统筹管理，5月预算保留2万为竞拍任务赛，其他按照GMV贡献分配给行业，需大家关注\n1、4月预算除服饰外超花明显，本次超花会统筹计算，服饰的结余会保留至5月。**5月开始，将开始行业自负模式，如有超花和结余会在下一月扣减或增加，辛苦大家注意**\n2、再次强调下大家关注ROI，各行业ROI整体应达到1以上@吴鸿生 辛苦每周监控\n3、今天下午会给到5月的bill，请大家暂停使用之前的bill，如超额使用会影响6月预算分配\n![image](img_v3_0211g_742ae4e4-78b4-440a-a335-2a061010d5hu)\ncc @刘梦月","ack_lock":{"status":"pending","tag":"[⚠️待接单/未响应]","evidence":"未在时间窗口内检测到责任人认领（收到/1/OK/表情等）"}}}
{"type":"chat_task","target_id":"mentions_me_global","target_title":"全局@我","chat_id":"","chat_name":"未知群聊","chat_link":"","message_link":"","jump_link":"","message_id":"om_x100b50e160c7f0a0e2b6f32ae93ac1f","task":{"is_task":true,"task_name":"【每周监控各行业ROI】","summary":"【每周监控各行业ROI】","task_type":"routine","assigner":"","owners":["吴鸿生"],"owner_mapping":[{"owner":"吴鸿生","scope":"specific"}],"owner_resolution_status":"full","due_time":null,"deliverable":"监控结果","source_message_ids":["om_x100b50e160c7f0a0e2b6f32ae93ac1f"],"suggestion_reply":"@吴鸿生 辛苦每周监控ROI，建议明确一下每周同步的具体时间节点。","evidence":["@吴鸿生 辛苦每周监控"],"source_messages_full":[{"message_id":"om_x100b50e160c7f0a0e2b6f32ae93ac1f","sender":"","chat_id":null,"chat_name":"未知群聊","chat_link":null,"message_link":null,"jump_link":null,"create_time":"2026-05-08T11:05:05+08:00","text":"**5月商家直播目标及预算确认**\n\n@所有人 大伙，现同步5月目标及预算情况，如无问题今天下午会确定大家的5月bill\n**一、目标**[https://bytedance.larkoffice.com/wiki/Ujyqw4m16i0e9jkqbD2cJOSxnOh?sheet=Hqm6SM](https://bytedance.larkoffice.com/wiki/Ujyqw4m16i0e9jkqbD2cJOSxnOh?sheet=Hqm6SM)\n本次在原定5月目标基础上有两个调整：\n1、服饰不再单独计算目标，按照统一逻辑计算cc @霍汉煜 @吴鸿生 \n2、5月初有1515家商家发生流转，绝大多数为育商流转到运奢、服饰等；考虑流转的商家直播表现，本次流转仅按照4月表现流转到5/6月目标，不再设置增幅，流转详情可见[https://bytedance.larkoffice.com/wiki/AsaJwkNPKipzJQkeeJRcXaROnWd?sheet=a1cdc0](https://bytedance.larkoffice.com/wiki/AsaJwkNPKipzJQkeeJRcXaROnWd?sheet=a1cdc0)\n\n4月完成、5月目标最终调整及截止到6号表现参考如下：\n![image](img_v3_0211g_1582dcef-29c7-40ea-b825-f3332ccffbhu)\n\n**二、预算**\n5月开始预算同样加入服饰统筹管理，5月预算保留2万为竞拍任务赛，其他按照GMV贡献分配给行业，需大家关注\n1、4月预算除服饰外超花明显，本次超花会统筹计算，服饰的结余会保留至5月。**5月开始，将开始行业自负模式，如有超花和结余会在下一月扣减或增加，辛苦大家注意**\n2、再次强调下大家关注ROI，各行业ROI整体应达到1以上@吴鸿生 辛苦每周监控\n3、今天下午会给到5月的bill，请大家暂停使用之前的bill，如超额使用会影响6月预算分配\n![image](img_v3_0211g_742ae4e4-78b4-440a-a335-2a061010d5hu)\ncc @刘梦月"}],"source_text_full":"**5月商家直播目标及预算确认**\n\n@所有人 大伙，现同步5月目标及预算情况，如无问题今天下午会确定大家的5月bill\n**一、目标**[https://bytedance.larkoffice.com/wiki/Ujyqw4m16i0e9jkqbD2cJOSxnOh?sheet=Hqm6SM](https://bytedance.larkoffice.com/wiki/Ujyqw4m16i0e9jkqbD2cJOSxnOh?sheet=Hqm6SM)\n本次在原定5月目标基础上有两个调整：\n1、服饰不再单独计算目标，按照统一逻辑计算cc @霍汉煜 @吴鸿生 \n2、5月初有1515家商家发生流转，绝大多数为育商流转到运奢、服饰等；考虑流转的商家直播表现，本次流转仅按照4月表现流转到5/6月目标，不再设置增幅，流转详情可见[https://bytedance.larkoffice.com/wiki/AsaJwkNPKipzJQkeeJRcXaROnWd?sheet=a1cdc0](https://bytedance.larkoffice.com/wiki/AsaJwkNPKipzJQkeeJRcXaROnWd?sheet=a1cdc0)\n\n4月完成、5月目标最终调整及截止到6号表现参考如下：\n![image](img_v3_0211g_1582dcef-29c7-40ea-b825-f3332ccffbhu)\n\n**二、预算**\n5月开始预算同样加入服饰统筹管理，5月预算保留2万为竞拍任务赛，其他按照GMV贡献分配给行业，需大家关注\n1、4月预算除服饰外超花明显，本次超花会统筹计算，服饰的结余会保留至5月。**5月开始，将开始行业自负模式，如有超花和结余会在下一月扣减或增加，辛苦大家注意**\n2、再次强调下大家关注ROI，各行业ROI整体应达到1以上@吴鸿生 辛苦每周监控\n3、今天下午会给到5月的bill，请大家暂停使用之前的bill，如超额使用会影响6月预算分配\n![image](img_v3_0211g_742ae4e4-78b4-440a-a335-2a061010d5hu)\ncc @刘梦月","missing_fields":["due_time"],"ack_lock":{"status":"pending","tag":"[⚠️待接单/未响应]","evidence":"未在时间窗口内检测到责任人认领（收到/1/OK/表情等）"}}}
{"type":"mention_message_new","target_id":"mentions_me_global","target_title":"全局@我","chat_id":"","chat_name":"未知群聊","chat_link":"","message_link":"","jump_link":"","message_id":"om_x100b50e17c8fe0ace2f48d2c895ab9e","sender":"李宛芸Joyce","create_time":"2026-05-08T11:06:12+08:00","text":"@_all 专门针对SKM商家开的分层级、体系化的商家短视频训练营来啦！\n培训分为基础班和进阶班，这次特别邀请了在TikTok跨境圈非常知名的张帅老师来开课（有很多商家都是他的粉丝），欢迎各位转发给SKM商家！\n为了更聚焦、更高效地解决商家问题，本次培训仅针对SKM商家哈"}
{"type":"chat_task","target_id":"mentions_me_global","target_title":"全局@我","chat_id":"","chat_name":"未知群聊","chat_link":"","message_link":"","jump_link":"","message_id":"om_x100b50e17c8fe0ace2f48d2c895ab9e","task":{"is_task":true,"task_name":"【转发商家短视频训练营信息给SKM商家】","summary":"【转发商家短视频训练营信息给SKM商家】","task_type":"follow_up","assigner":"李宛芸Joyce","owners":["大家","各位"],"owner_mapping":[{"owner":"大家","scope":"everyone"},{"owner":"各位","scope":"everyone"}],"owner_resolution_status":"full","due_time":null,"deliverable":null,"source_message_ids":["om_x100b50e17c8fe0ace2f48d2c895ab9e"],"suggestion_reply":"收到，已将“转发训练营信息”识别为任务。请问这个动作需要在什么时间节点前完成呢？（建议使用【任务名称】格式明确指出待办事项，例如：【今日下班前完成SKM商家转发】）","evidence":["@_all 专门针对SKM商家开的分层级、体系化的商家短视频训练营来啦！","欢迎各位转发给SKM商家！"],"source_messages_full":[{"message_id":"om_x100b50e17c8fe0ace2f48d2c895ab9e","sender":"李宛芸Joyce","chat_id":null,"chat_name":"未知群聊","chat_link":null,"message_link":null,"jump_link":null,"create_time":"2026-05-08T11:06:12+08:00","text":"@_all 专门针对SKM商家开的分层级、体系化的商家短视频训练营来啦！\n培训分为基础班和进阶班，这次特别邀请了在TikTok跨境圈非常知名的张帅老师来开课（有很多商家都是他的粉丝），欢迎各位转发给SKM商家！\n为了更聚焦、更高效地解决商家问题，本次培训仅针对SKM商家哈"}],"source_text_full":"@_all 专门针对SKM商家开的分层级、体系化的商家短视频训练营来啦！\n培训分为基础班和进阶班，这次特别邀请了在TikTok跨境圈非常知名的张帅老师来开课（有很多商家都是他的粉丝），欢迎各位转发给SKM商家！\n为了更聚焦、更高效地解决商家问题，本次培训仅针对SKM商家哈","missing_fields":["due_time"],"ack_lock":{"status":"pending","tag":"[⚠️待接单/未响应]","evidence":"未在时间窗口内检测到责任人认领（收到/1/OK/表情等）"}}}
{"type":"mention_message_new","target_id":"mentions_me_global","target_title":"全局@我","chat_id":"","chat_name":"未知群聊","chat_link":"","message_link":"","jump_link":"","message_id":"om_x100b50e17bc894a4e2f0795185b36b0","sender":"","create_time":"2026-05-08T11:06:56+08:00","text":"@_all 目前我们高等级商家分享，在达人侧的六大建联达人渠道分享，涉及联盟工具、ISV讲解、POP达人团队官方建联渠道和活动等。大家可以分享给商家来听下哈。\n并且来参与的商家只要登记shopcode，下周平台出资1w美金的Commission boost用于参会的商家的货盘推广。\n会议主题：workshop｜【百万富翁】建联达人六大建联渠道讲解\n会议链接：https://vc-sg.larkoffice.com/j/968939792"}
{"type":"chat_task","target_id":"mentions_me_global","target_title":"全局@我","chat_id":"","chat_name":"未知群聊","chat_link":"","message_link":"","jump_link":"","message_id":"om_x100b50e17bc894a4e2f0795185b36b0","task":{"is_task":true,"task_name":"【百万富翁】","summary":"【百万富翁】","task_type":"","assigner":"","owners":["_all","大家"],"owner_mapping":[{"owner":"_all","scope":""},{"owner":"大家","scope":""}],"owner_resolution_status":"partial","due_time":null,"deliverable":null,"source_message_ids":["om_x100b50e17bc894a4e2f0795185b36b0"],"suggestion_reply":"收到～为了方便大家后续跟进，建议按【动词+交付物/事项+时间节点】补全一下：最晚截止时间 / DDL。另外也建议在消息里用【任务名称】格式明确指出待办。谢谢～","evidence":["消息中包含【】锚点，任务名直接继承原话","消息中包含【】锚点，按规则高优判定为任务"],"source_messages_full":[{"message_id":"om_x100b50e17bc894a4e2f0795185b36b0","sender":"","chat_id":null,"chat_name":"未知群聊","chat_link":null,"message_link":null,"jump_link":null,"create_time":"2026-05-08T11:06:56+08:00","text":"@_all 目前我们高等级商家分享，在达人侧的六大建联达人渠道分享，涉及联盟工具、ISV讲解、POP达人团队官方建联渠道和活动等。大家可以分享给商家来听下哈。\n并且来参与的商家只要登记shopcode，下周平台出资1w美金的Commission boost用于参会的商家的货盘推广。\n会议主题：workshop｜【百万富翁】建联达人六大建联渠道讲解\n会议链接：https://vc-sg.larkoffice.com/j/968939792"}],"source_text_full":"@_all 目前我们高等级商家分享，在达人侧的六大建联达人渠道分享，涉及联盟工具、ISV讲解、POP达人团队官方建联渠道和活动等。大家可以分享给商家来听下哈。\n并且来参与的商家只要登记shopcode，下周平台出资1w美金的Commission boost用于参会的商家的货盘推广。\n会议主题：workshop｜【百万富翁】建联达人六大建联渠道讲解\n会议链接：https://vc-sg.larkoffice.com/j/968939792","missing_fields":["due_time"],"ack_lock":{"status":"pending","tag":"[⚠️待接单/未响应]","evidence":"未在时间窗口内检测到责任人认领（收到/1/OK/表情等）"}}}
{"type":"mention_message_new","target_id":"mentions_me_global","target_title":"全局@我","chat_id":"","chat_name":"未知群聊","chat_link":"","message_link":"","jump_link":"","message_id":"om_x100b50e1772898ace2ca40ea2c5a9b2","sender":"游文皓 Hiram","create_time":"2026-05-08T11:08:14+08:00","text":"@_all 目前我们高等级商家分享，在达人侧的六大建联达人渠道分享，涉及联盟工具、ISV讲解、POP达人团队官方建联渠道和活动等。大家可以分享给商家来听下哈。\n并且来参与的商家只要登记shopcode，下周平台出资1w美金的Commission boost用于参会的商家的货盘推广。\n会议主题：workshop｜【百万富翁】建联达人六大建联渠道讲解\n会议链接：https://vc-sg.larkoffice.com/j/968939792"}
{"type":"chat_task","target_id":"mentions_me_global","target_title":"全局@我","chat_id":"","chat_name":"未知群聊","chat_link":"","message_link":"","jump_link":"","message_id":"om_x100b50e1772898ace2ca40ea2c5a9b2","task":{"is_task":true,"task_name":"【百万富翁】","summary":"【百万富翁】","task_type":"","assigner":"游文皓 Hiram","owners":["_all","大家"],"owner_mapping":[{"owner":"_all","scope":""},{"owner":"大家","scope":""}],"owner_resolution_status":"partial","due_time":null,"deliverable":null,"source_message_ids":["om_x100b50e1772898ace2ca40ea2c5a9b2"],"suggestion_reply":"收到～为了方便大家后续跟进，建议按【动词+交付物/事项+时间节点】补全一下：最晚截止时间 / DDL。另外也建议在消息里用【任务名称】格式明确指出待办。谢谢～","evidence":["消息中包含【】锚点，任务名直接继承原话","消息中包含【】锚点，按规则高优判定为任务"],"source_messages_full":[{"message_id":"om_x100b50e1772898ace2ca40ea2c5a9b2","sender":"游文皓 Hiram","chat_id":null,"chat_name":"未知群聊","chat_link":null,"message_link":null,"jump_link":null,"create_time":"2026-05-08T11:08:14+08:00","text":"@_all 目前我们高等级商家分享，在达人侧的六大建联达人渠道分享，涉及联盟工具、ISV讲解、POP达人团队官方建联渠道和活动等。大家可以分享给商家来听下哈。\n并且来参与的商家只要登记shopcode，下周平台出资1w美金的Commission boost用于参会的商家的货盘推广。\n会议主题：workshop｜【百万富翁】建联达人六大建联渠道讲解\n会议链接：https://vc-sg.larkoffice.com/j/968939792"}],"source_text_full":"@_all 目前我们高等级商家分享，在达人侧的六大建联达人渠道分享，涉及联盟工具、ISV讲解、POP达人团队官方建联渠道和活动等。大家可以分享给商家来听下哈。\n并且来参与的商家只要登记shopcode，下周平台出资1w美金的Commission boost用于参会的商家的货盘推广。\n会议主题：workshop｜【百万富翁】建联达人六大建联渠道讲解\n会议链接：https://vc-sg.larkoffice.com/j/968939792","missing_fields":["due_time"],"ack_lock":{"status":"pending","tag":"[⚠️待接单/未响应]","evidence":"未在时间窗口内检测到责任人认领（收到/1/OK/表情等）"}}}
{"type":"mention_message_new","target_id":"mentions_me_global","target_title":"全局@我","chat_id":"","chat_name":"未知群聊","chat_link":"","message_link":"","jump_link":"","message_id":"om_x100b50e175a570b8e156602c6f5e5b8","sender":"","create_time":"2026-05-08T11:08:38+08:00","text":"<p>@_all Hi， 大家“ACCU 和CCCU”共享库存功能预计本月5.27号上线，有这个需求的商家可以前置滴滴我报名哈</p><p></p><p>cc：@申雪艳 @周杰 之前有这个需求的商家拉森，新时颖、佰特儿等我们今天会逐一通知，方便商家前置准备</p>"}
{"type":"chat_task","target_id":"mentions_me_global","target_title":"全局@我","chat_id":"","chat_name":"未知群聊","chat_link":"","message_link":"","jump_link":"","message_id":"om_x100b50e175a570b8e156602c6f5e5b8","task":{"is_task":true,"task_name":"【有需求的商家滴滴报名共享库存功能】","summary":"【有需求的商家滴滴报名共享库存功能】","task_type":"报名/收集","assigner":"ou_9efc3e5bffe2dc29d51a42e55aaff3ac","owners":["大家","@_all"],"owner_mapping":[{"owner":"大家","scope":"有这个需求的商家"},{"owner":"@_all","scope":"有这个需求的商家"}],"owner_resolution_status":"partial","due_time":null,"deliverable":"报名共享库存功能","source_message_ids":["om_x100b50e175a570b8e156602c6f5e5b8"],"suggestion_reply":"识别到任务【有需求的商家滴滴报名共享库存功能】，建议补充明确的截止时间（如：【有需求的商家请在周五下班前滴滴报名共享库存功能】）。","evidence":["@_all Hi， 大家“ACCU 和CCCU”共享库存功能预计本月5.27号上线，有这个需求的商家可以前置滴滴我报名哈"],"source_messages_full":[{"message_id":"om_x100b50e175a570b8e156602c6f5e5b8","sender":"","chat_id":null,"chat_name":"未知群聊","chat_link":null,"message_link":null,"jump_link":null,"create_time":"2026-05-08T11:08:38+08:00","text":"<p>@_all Hi， 大家“ACCU 和CCCU”共享库存功能预计本月5.27号上线，有这个需求的商家可以前置滴滴我报名哈</p><p></p><p>cc：@申雪艳 @周杰 之前有这个需求的商家拉森，新时颖、佰特儿等我们今天会逐一通知，方便商家前置准备</p>"}],"source_text_full":"<p>@_all Hi， 大家“ACCU 和CCCU”共享库存功能预计本月5.27号上线，有这个需求的商家可以前置滴滴我报名哈</p><p></p><p>cc：@申雪艳 @周杰 之前有这个需求的商家拉森，新时颖、佰特儿等我们今天会逐一通知，方便商家前置准备</p>","missing_fields":["due_time"],"ack_lock":{"status":"pending","tag":"[⚠️待接单/未响应]","evidence":"未在时间窗口内检测到责任人认领（收到/1/OK/表情等）"}}}
{"type":"chat_task","target_id":"mentions_me_global","target_title":"全局@我","chat_id":"","chat_name":"未知群聊","chat_link":"","message_link":"","jump_link":"","message_id":"om_x100b50e175a570b8e156602c6f5e5b8","task":{"is_task":true,"task_name":"【今天逐一通知有需求的商家（拉森、新时颖等）准备】","summary":"【今天逐一通知有需求的商家（拉森、新时颖等）准备】","task_type":"通知/沟通","assigner":"ou_9efc3e5bffe2dc29d51a42e55aaff3ac","owners":["ou_9efc3e5bffe2dc29d51a42e55aaff3ac"],"owner_mapping":[{"owner":"ou_9efc3e5bffe2dc29d51a42e55aaff3ac","scope":"我们"}],"owner_resolution_status":"full","due_time":"2026-05-08 23:59","deliverable":"逐一通知有需求的商家准备","source_message_ids":["om_x100b50e175a570b8e156602c6f5e5b8"],"suggestion_reply":null,"evidence":["我们今天会逐一通知，方便商家前置准备"],"source_messages_full":[{"message_id":"om_x100b50e175a570b8e156602c6f5e5b8","sender":"","chat_id":null,"chat_name":"未知群聊","chat_link":null,"message_link":null,"jump_link":null,"create_time":"2026-05-08T11:08:38+08:00","text":"<p>@_all Hi， 大家“ACCU 和CCCU”共享库存功能预计本月5.27号上线，有这个需求的商家可以前置滴滴我报名哈</p><p></p><p>cc：@申雪艳 @周杰 之前有这个需求的商家拉森，新时颖、佰特儿等我们今天会逐一通知，方便商家前置准备</p>"}],"source_text_full":"<p>@_all Hi， 大家“ACCU 和CCCU”共享库存功能预计本月5.27号上线，有这个需求的商家可以前置滴滴我报名哈</p><p></p><p>cc：@申雪艳 @周杰 之前有这个需求的商家拉森，新时颖、佰特儿等我们今天会逐一通知，方便商家前置准备</p>","ack_lock":{"status":"pending","tag":"[⚠️待接单/未响应]","evidence":"未在时间窗口内检测到责任人认领（收到/1/OK/表情等）"}}}
{"type":"mention_message_new","target_id":"mentions_me_global","target_title":"全局@我","chat_id":"","chat_name":"未知群聊","chat_link":"","message_link":"","jump_link":"","message_id":"om_x100b50e107565d3ce2e212144836ebc","sender":"","create_time":"2026-05-08T11:12:26+08:00","text":"@于奇楠 我们seller center没有任何关于这个品的罚单"}
{"type":"mention_message_new","target_id":"mentions_me_global","target_title":"全局@我","chat_id":"","chat_name":"未知群聊","chat_link":"","message_link":"","jump_link":"","message_id":"om_x100b50e10286a8b0e10ca44ec7016ed","sender":"","create_time":"2026-05-08T11:13:08+08:00","text":"@于奇楠 我们每天开播前检查店铺 也没有任何罚单"}
{"type":"mention_message_new","target_id":"mentions_me_global","target_title":"全局@我","chat_id":"","chat_name":"未知群聊","chat_link":"","message_link":"","jump_link":"","message_id":"om_x100b50e136e05f94e2dcf77da6b17b8","sender":"","create_time":"2026-05-08T11:24:51+08:00","text":"@_all 会议提到的 严选达人名单，AM同学可以按照下方方式获取对应店铺的严选达人名单\n严选达人如何拉取\nhttps://bytedance.larkoffice.com/wiki/ZilgwvvV4iIKYMkqxmhc3wjinTh\nPS：我们在推动产品化，预计下个Q就不需要咱们AM帮拉取了哈[送心]"}
{"type":"chat_task","target_id":"mentions_me_global","target_title":"全局@我","chat_id":"","chat_name":"未知群聊","chat_link":"","message_link":"","jump_link":"","message_id":"om_x100b50e136e05f94e2dcf77da6b17b8","task":{"is_task":true,"task_name":"【AM同学获取对应店铺的严选达人名单】","summary":"【AM同学获取对应店铺的严选达人名单】","task_type":"todo","assigner":"ou_546e1b03d8aa17031ecb7e29f2175018","owners":["AM同学"],"owner_mapping":[{"owner":"AM同学","scope":"generic_role"}],"owner_resolution_status":"partial","due_time":null,"deliverable":"对应店铺的严选达人名单","source_message_ids":["om_x100b50e136e05f94e2dcf77da6b17b8"],"suggestion_reply":"收到，请问AM同学获取严选达人名单的截止时间是？建议使用【任务名称】格式明确待办事项。","evidence":["@_all 会议提到的 严选达人名单，AM同学可以按照下方方式获取对应店铺的严选达人名单\n严选达人如何拉取\nhttps://bytedance.larkoffice.com/wiki/ZilgwvvV4iIKYMkqxmhc3wjinTh\nPS：我们在推动产品化，预计下个Q就不需要咱们AM帮拉取了哈[送心]"],"source_messages_full":[{"message_id":"om_x100b50e136e05f94e2dcf77da6b17b8","sender":"","chat_id":null,"chat_name":"未知群聊","chat_link":null,"message_link":null,"jump_link":null,"create_time":"2026-05-08T11:24:51+08:00","text":"@_all 会议提到的 严选达人名单，AM同学可以按照下方方式获取对应店铺的严选达人名单\n严选达人如何拉取\nhttps://bytedance.larkoffice.com/wiki/ZilgwvvV4iIKYMkqxmhc3wjinTh\nPS：我们在推动产品化，预计下个Q就不需要咱们AM帮拉取了哈[送心]"}],"source_text_full":"@_all 会议提到的 严选达人名单，AM同学可以按照下方方式获取对应店铺的严选达人名单\n严选达人如何拉取\nhttps://bytedance.larkoffice.com/wiki/ZilgwvvV4iIKYMkqxmhc3wjinTh\nPS：我们在推动产品化，预计下个Q就不需要咱们AM帮拉取了哈[送心]","missing_fields":["due_time"],"ack_lock":{"status":"pending","tag":"[⚠️待接单/未响应]","evidence":"未在时间窗口内检测到责任人认领（收到/1/OK/表情等）"}}}
{"type":"mention_message_new","target_id":"mentions_me_global","target_title":"全局@我","chat_id":"","chat_name":"未知群聊","chat_link":"","message_link":"","jump_link":"","message_id":"om_x100b50e13244b4ace2c9f3eef380f76","sender":"范瑞真 Luna","create_time":"2026-05-08T11:26:00+08:00","text":"@李宛芸Joyce 跟大家补充一下：这里面两个系列课程，分别是针对于：\n- SKM中商家短视频做的一般的商家或者**刚刚启动**的——KO中提到的B级商家\n- 做的还行，但是**需要再突破**的商家——KO中提到的S+A级商家\n大家请转发给对应得商家，并且务必和商家老板强调这个事情得重要性哈@所有人"}
{"type":"chat_task","target_id":"mentions_me_global","target_title":"全局@我","chat_id":"","chat_name":"未知群聊","chat_link":"","message_link":"","jump_link":"","message_id":"om_x100b50e13244b4ace2c9f3eef380f76","task":{"is_task":true,"task_name":"【转发两个系列课程信息给对应商家并强调重要性】","summary":"【转发两个系列课程信息给对应商家并强调重要性】","task_type":"跟进/杂事","assigner":"范瑞真 Luna","owners":["李宛芸Joyce","所有人"],"owner_mapping":[{"owner":"李宛芸Joyce","scope":"explicit"},{"owner":"所有人","scope":"explicit"}],"owner_resolution_status":"full","due_time":null,"deliverable":null,"source_message_ids":["om_x100b50e13244b4ace2c9f3eef380f76"],"suggestion_reply":"收到，已识别任务【转发两个系列课程信息给对应商家并强调重要性】，请问需要大家在什么时间节点前完成？建议后续使用【任务名称】格式明确指出待办以便高效跟进。","evidence":["大家请转发给对应得商家，并且务必和商家老板强调这个事情得重要性哈@所有人"],"source_messages_full":[{"message_id":"om_x100b50e13244b4ace2c9f3eef380f76","sender":"范瑞真 Luna","chat_id":null,"chat_name":"未知群聊","chat_link":null,"message_link":null,"jump_link":null,"create_time":"2026-05-08T11:26:00+08:00","text":"@李宛芸Joyce 跟大家补充一下：这里面两个系列课程，分别是针对于：\n- SKM中商家短视频做的一般的商家或者**刚刚启动**的——KO中提到的B级商家\n- 做的还行，但是**需要再突破**的商家——KO中提到的S+A级商家\n大家请转发给对应得商家，并且务必和商家老板强调这个事情得重要性哈@所有人"}],"source_text_full":"@李宛芸Joyce 跟大家补充一下：这里面两个系列课程，分别是针对于：\n- SKM中商家短视频做的一般的商家或者**刚刚启动**的——KO中提到的B级商家\n- 做的还行，但是**需要再突破**的商家——KO中提到的S+A级商家\n大家请转发给对应得商家，并且务必和商家老板强调这个事情得重要性哈@所有人","missing_fields":["due_time"],"ack_lock":{"status":"pending","tag":"[⚠️待接单/未响应]","evidence":"未在时间窗口内检测到责任人认领（收到/1/OK/表情等）"}}}
{"type":"mention_message_new","target_id":"mentions_me_global","target_title":"全局@我","chat_id":"","chat_name":"未知群聊","chat_link":"","message_link":"","jump_link":"","message_id":"om_x100b50e1effc14b8e2fd7bf437004c0","sender":"","create_time":"2026-05-08T11:35:47+08:00","text":"@所有人 **欢迎新入群的商家加入 「UK/EU/JP POP」新商家成长答疑群，本群适用「UK/EU/JP POP」商家！助力商家大卖！！**\n1. **进群请修改昵称：店铺名称-shopcode-昵称，如：Magic好物-CNSABCDFE-小A **\n2. **本群集中平台运营资源服务于新商，助力成长，不再经营店铺的商家将被不定期清除出群**\n3. **请大家文明发言，禁止引导外部，禁止骚扰其他商家，违者将被清除出群，谢谢配合**\n4. 🔥**入群大礼包：**[https://bytedance.sg.larkoffice.com/docx/UXPGdoQebohhqexp2LQlm4dggRc](https://bytedance.sg.larkoffice.com/docx/UXPGdoQebohhqexp2LQlm4dggRc)[https://bytedance.sg.larkoffice.com/docx/MbQOdPwXOo08xyxQDw9ldYBhg5b](https://bytedance.sg.larkoffice.com/docx/MbQOdPwXOo08xyxQDw9ldYBhg5b)\n  - [https://bytedance.sg.larkoffice.com/docx/EI1hdZzK4oBtaAxWwyplGmKQg6b](https://bytedance.sg.larkoffice.com/docx/EI1hdZzK4oBtaAxWwyplGmKQg6b)[（外部）TTS美区跨境POP PEAKS商家必修课内容](https://bytedance.sg.larkoffice.com/docx/QAlfdtqO2oWPyUxLTzwlBQZegCb)\n  - **珠宝类目请查阅**：[https://bytedance.sg.larkoffice.com/docx/RVgudLcaAobdAWxbIDClplDpgkg](https://bytedance.sg.larkoffice.com/docx/RVgudLcaAobdAWxbIDClplDpgkg)\n  - **最全商家权益**：[【UK&EU POP】商家政策权益Onepager_ 对外](https://bytedance.sg.larkoffice.com/docx/TG69dXtNBo9HyvxrBfclS6uugqb)\n5. **遇到店铺经营问题，请按下述流程操作：**\n  - 群内发起话题并 @入驻支持小助手茹晴 @入驻支持小助手依琳 @入驻支持小助手马修 人工运营反馈问题格式：\n咨询市场：\n问题描述：\n商家诉求：\n相关截图：如有\n我的店铺状态：可选：我还没提交申请/我提交页面被拦截/我店铺在审核中/我的店铺审核失败/我的店铺已成功入驻！\n其他必要信息：入驻申请邮箱，shop code或者id（入驻后）\n- **请各位商家按照格式发帖，方便官方同学可以快速定位您的问题和解答，同时查阅「群公告栏信息」，可以解决90%的问题，**<u>**群内问题运营会逐一回复日清，紧急问题请优先咨询商家客服；**</u>\n- 🕙工作时间：**周一至周五 10：00 - 19：00 其余时间可以咨询商家后台商家客服或发起工单：**[TikTok Shop POP 商家如何联系平台商家客服？](https://bytedance.sg.larkoffice.com/docx/CiZldA22nohFqJxiPckc46kbnUh)"}
{"type":"chat_task","target_id":"mentions_me_global","target_title":"全局@我","chat_id":"","chat_name":"未知群聊","chat_link":"","message_link":"","jump_link":"","message_id":"om_x100b50e1effc14b8e2fd7bf437004c0","task":{"is_task":true,"task_name":"【UK&EU POP】","summary":"【UK&EU POP】","task_type":"","assigner":"","owners":["所有人","入驻支持小助手茹晴","入驻支持小助手依琳","入驻支持小助手马修","大家","各位"],"owner_mapping":[{"owner":"所有人","scope":""},{"owner":"入驻支持小助手茹晴","scope":""},{"owner":"入驻支持小助手依琳","scope":""},{"owner":"入驻支持小助手马修","scope":""},{"owner":"大家","scope":""},{"owner":"各位","scope":""}],"owner_resolution_status":"partial","due_time":null,"deliverable":null,"source_message_ids":["om_x100b50e1effc14b8e2fd7bf437004c0"],"suggestion_reply":"收到～为了方便大家后续跟进，建议按【动词+交付物/事项+时间节点】补全一下：最晚截止时间 / DDL。另外也建议在消息里用【任务名称】格式明确指出待办。谢谢～","evidence":["消息中包含【】锚点，任务名直接继承原话","消息中包含【】锚点，按规则高优判定为任务"],"source_messages_full":[{"message_id":"om_x100b50e1effc14b8e2fd7bf437004c0","sender":"","chat_id":null,"chat_name":"未知群聊","chat_link":null,"message_link":null,"jump_link":null,"create_time":"2026-05-08T11:35:47+08:00","text":"@所有人 **欢迎新入群的商家加入 「UK/EU/JP POP」新商家成长答疑群，本群适用「UK/EU/JP POP」商家！助力商家大卖！！**\n1. **进群请修改昵称：店铺名称-shopcode-昵称，如：Magic好物-CNSABCDFE-小A **\n2. **本群集中平台运营资源服务于新商，助力成长，不再经营店铺的商家将被不定期清除出群**\n3. **请大家文明发言，禁止引导外部，禁止骚扰其他商家，违者将被清除出群，谢谢配合**\n4. 🔥**入群大礼包：**[https://bytedance.sg.larkoffice.com/docx/UXPGdoQebohhqexp2LQlm4dggRc](https://bytedance.sg.larkoffice.com/docx/UXPGdoQebohhqexp2LQlm4dggRc)[https://bytedance.sg.larkoffice.com/docx/MbQOdPwXOo08xyxQDw9ldYBhg5b](https://bytedance.sg.larkoffice.com/docx/MbQOdPwXOo08xyxQDw9ldYBhg5b)\n  - [https://bytedance.sg.larkoffice.com/docx/EI1hdZzK4oBtaAxWwyplGmKQg6b](https://bytedance.sg.larkoffice.com/docx/EI1hdZzK4oBtaAxWwyplGmKQg6b)[（外部）TTS美区跨境POP PEAKS商家必修课内容](https://bytedance.sg.larkoffice.com/docx/QAlfdtqO2oWPyUxLTzwlBQZegCb)\n  - **珠宝类目请查阅**：[https://bytedance.sg.larkoffice.com/docx/RVgudLcaAobdAWxbIDClplDpgkg](https://bytedance.sg.larkoffice.com/docx/RVgudLcaAobdAWxbIDClplDpgkg)\n  - **最全商家权益**：[【UK&EU POP】商家政策权益Onepager_ 对外](https://bytedance.sg.larkoffice.com/docx/TG69dXtNBo9HyvxrBfclS6uugqb)\n5. **遇到店铺经营问题，请按下述流程操作：**\n  - 群内发起话题并 @入驻支持小助手茹晴 @入驻支持小助手依琳 @入驻支持小助手马修 人工运营反馈问题格式：\n咨询市场：\n问题描述：\n商家诉求：\n相关截图：如有\n我的店铺状态：可选：我还没提交申请/我提交页面被拦截/我店铺在审核中/我的店铺审核失败/我的店铺已成功入驻！\n其他必要信息：入驻申请邮箱，shop code或者id（入驻后）\n- **请各位商家按照格式发帖，方便官方同学可以快速定位您的问题和解答，同时查阅「群公告栏信息」，可以解决90%的问题，**<u>**群内问题运营会逐一回复日清，紧急问题请优先咨询商家客服；**</u>\n- 🕙工作时间：**周一至周五 10：00 - 19：00 其余时间可以咨询商家后台商家客服或发起工单：**[TikTok Shop POP 商家如何联系平台商家客服？](https://bytedance.sg.larkoffice.com/docx/CiZldA22nohFqJxiPckc46kbnUh)"}],"source_text_full":"@所有人 **欢迎新入群的商家加入 「UK/EU/JP POP」新商家成长答疑群，本群适用「UK/EU/JP POP」商家！助力商家大卖！！**\n1. **进群请修改昵称：店铺名称-shopcode-昵称，如：Magic好物-CNSABCDFE-小A **\n2. **本群集中平台运营资源服务于新商，助力成长，不再经营店铺的商家将被不定期清除出群**\n3. **请大家文明发言，禁止引导外部，禁止骚扰其他商家，违者将被清除出群，谢谢配合**\n4. 🔥**入群大礼包：**[https://bytedance.sg.larkoffice.com/docx/UXPGdoQebohhqexp2LQlm4dggRc](https://bytedance.sg.larkoffice.com/docx/UXPGdoQebohhqexp2LQlm4dggRc)[https://bytedance.sg.larkoffice.com/docx/MbQOdPwXOo08xyxQDw9ldYBhg5b](https://bytedance.sg.larkoffice.com/docx/MbQOdPwXOo08xyxQDw9ldYBhg5b)\n  - [https://bytedance.sg.larkoffice.com/docx/EI1hdZzK4oBtaAxWwyplGmKQg6b](https://bytedance.sg.larkoffice.com/docx/EI1hdZzK4oBtaAxWwyplGmKQg6b)[（外部）TTS美区跨境POP PEAKS商家必修课内容](https://bytedance.sg.larkoffice.com/docx/QAlfdtqO2oWPyUxLTzwlBQZegCb)\n  - **珠宝类目请查阅**：[https://bytedance.sg.larkoffice.com/docx/RVgudLcaAobdAWxbIDClplDpgkg](https://bytedance.sg.larkoffice.com/docx/RVgudLcaAobdAWxbIDClplDpgkg)\n  - **最全商家权益**：[【UK&EU POP】商家政策权益Onepager_ 对外](https://bytedance.sg.larkoffice.com/docx/TG69dXtNBo9HyvxrBfclS6uugqb)\n5. **遇到店铺经营问题，请按下述流程操作：**\n  - 群内发起话题并 @入驻支持小助手茹晴 @入驻支持小助手依琳 @入驻支持小助手马修 人工运营反馈问题格式：\n咨询市场：\n问题描述：\n商家诉求：\n相关截图：如有\n我的店铺状态：可选：我还没提交申请/我提交页面被拦截/我店铺在审核中/我的店铺审核失败/我的店铺已成功入驻！\n其他必要信息：入驻申请邮箱，shop code或者id（入驻后）\n- **请各位商家按照格式发帖，方便官方同学可以快速定位您的问题和解答，同时查阅「群公告栏信息」，可以解决90%的问题，**<u>**群内问题运营会逐一回复日清，紧急问题请优先咨询商家客服；**</u>\n- 🕙工作时间：**周一至周五 10：00 - 19：00 其余时间可以咨询商家后台商家客服或发起工单：**[TikTok Shop POP 商家如何联系平台商家客服？](https://bytedance.sg.larkoffice.com/docx/CiZldA22nohFqJxiPckc46kbnUh)","missing_fields":["due_time"],"ack_lock":{"status":"pending","tag":"[⚠️待接单/未响应]","evidence":"未在时间窗口内检测到责任人认领（收到/1/OK/表情等）"}}}
{"type":"mention_message_new","target_id":"mentions_me_global","target_title":"全局@我","chat_id":"","chat_name":"未知群聊","chat_link":"","message_link":"","jump_link":"","message_id":"om_x100b50e1b4fb6cb4e10a25c7d71d113","sender":"","create_time":"2026-05-08T11:59:32+08:00","text":"@_all 亲爱的商家：\n🤝您好！我是头部商家服务团队的服务助手【UK/EU头部商家服务助手小波】，今后将由我主要负责您的飞书群服务哦。\n您可以先查看该文档来检查店铺内的基础运营问题\n [EMEA POP头部商家运营手册（新入驻商家必看！）](https://bytedance.larkoffice.com/wiki/XLq2wg7MDi4qMDkYITmccwPFnRd) \n📋如有任何问题，请按照以下模板在群里提问并@我：反馈问题格式：\nShop code:\nShop name:\nRecord/Ticket ID:\nImpact to seller:\nIssue description(in detail):\nSupport needed:\nScreenshot/Recording:\n产品PID：\n若是直播、视频和达人相关可补充信息：\n直播相关：User ID（UID）/Room ID\n视频相关：Video ID（VID）\n达人ID：User ID（UID）、TT handle\n违规详细截图\n🕙工作时间：周一至周五 10：00 - 19：00。其他时候回复消息可能不及时，还请见谅哟。\n💼商家客户服务团队一直致力于提高商家的履约和服务能力，持续改善商家在 TikTok 平台上的体验。\n💯我会协助您维护店铺绩效数据，主要包括店铺差评率、延迟履约率、商责取消率以及各类罚单问题。我会找出影响店铺绩效的原因，并为您提供合理的解决方案，全方位提升店铺的运营绩效。\n我们主要支持的服务问题有：\n🌟三率（延迟履约率、商责取消率、差评率）治理规则及申诉问题；\n🌟各类型罚单问题和申诉处理；\n🌟订单、产品、物流相关问题；\n🌟平台政策更新和治理规则同步问题；\n🌟直播/视频流量初步排查；\n🌟其他店铺绩效指标问题（店铺评分、品退、客诉等）。\n🎯同时，作为您与 TikTok Shop 之间的双向沟通桥梁，我也欢迎您将在运营店铺绩效中遇到的问题进行反馈。我将通过多方渠道为您找到解决问题的途径，竭诚为您服务。\n🥰感谢您对于 TikTok Shop 平台的支持与信任。让我们一起携手共进，共创美好未来！"}
{"type":"chat_task","target_id":"mentions_me_global","target_title":"全局@我","chat_id":"","chat_name":"未知群聊","chat_link":"","message_link":"","jump_link":"","message_id":"om_x100b50e1b4fb6cb4e10a25c7d71d113","task":{"is_task":true,"task_name":"【UK/EU头部商家服务助手小波】","summary":"【UK/EU头部商家服务助手小波】","task_type":"","assigner":"","owners":["_all","我"],"owner_mapping":[{"owner":"_all","scope":""},{"owner":"我","scope":""}],"owner_resolution_status":"full","due_time":null,"deliverable":null,"source_message_ids":["om_x100b50e1b4fb6cb4e10a25c7d71d113"],"suggestion_reply":"收到～为了方便大家后续跟进，建议按【动词+交付物/事项+时间节点】补全一下：最晚截止时间 / DDL。另外也建议在消息里用【任务名称】格式明确指出待办。谢谢～","evidence":["消息中包含【】锚点，任务名直接继承原话","消息中包含【】锚点，按规则高优判定为任务"],"source_messages_full":[{"message_id":"om_x100b50e1b4fb6cb4e10a25c7d71d113","sender":"","chat_id":null,"chat_name":"未知群聊","chat_link":null,"message_link":null,"jump_link":null,"create_time":"2026-05-08T11:59:32+08:00","text":"@_all 亲爱的商家：\n🤝您好！我是头部商家服务团队的服务助手【UK/EU头部商家服务助手小波】，今后将由我主要负责您的飞书群服务哦。\n您可以先查看该文档来检查店铺内的基础运营问题\n [EMEA POP头部商家运营手册（新入驻商家必看！）](https://bytedance.larkoffice.com/wiki/XLq2wg7MDi4qMDkYITmccwPFnRd) \n📋如有任何问题，请按照以下模板在群里提问并@我：反馈问题格式：\nShop code:\nShop name:\nRecord/Ticket ID:\nImpact to seller:\nIssue description(in detail):\nSupport needed:\nScreenshot/Recording:\n产品PID：\n若是直播、视频和达人相关可补充信息：\n直播相关：User ID（UID）/Room ID\n视频相关：Video ID（VID）\n达人ID：User ID（UID）、TT handle\n违规详细截图\n🕙工作时间：周一至周五 10：00 - 19：00。其他时候回复消息可能不及时，还请见谅哟。\n💼商家客户服务团队一直致力于提高商家的履约和服务能力，持续改善商家在 TikTok 平台上的体验。\n💯我会协助您维护店铺绩效数据，主要包括店铺差评率、延迟履约率、商责取消率以及各类罚单问题。我会找出影响店铺绩效的原因，并为您提供合理的解决方案，全方位提升店铺的运营绩效。\n我们主要支持的服务问题有：\n🌟三率（延迟履约率、商责取消率、差评率）治理规则及申诉问题；\n🌟各类型罚单问题和申诉处理；\n🌟订单、产品、物流相关问题；\n🌟平台政策更新和治理规则同步问题；\n🌟直播/视频流量初步排查；\n🌟其他店铺绩效指标问题（店铺评分、品退、客诉等）。\n🎯同时，作为您与 TikTok Shop 之间的双向沟通桥梁，我也欢迎您将在运营店铺绩效中遇到的问题进行反馈。我将通过多方渠道为您找到解决问题的途径，竭诚为您服务。\n🥰感谢您对于 TikTok Shop 平台的支持与信任。让我们一起携手共进，共创美好未来！"}],"source_text_full":"@_all 亲爱的商家：\n🤝您好！我是头部商家服务团队的服务助手【UK/EU头部商家服务助手小波】，今后将由我主要负责您的飞书群服务哦。\n您可以先查看该文档来检查店铺内的基础运营问题\n [EMEA POP头部商家运营手册（新入驻商家必看！）](https://bytedance.larkoffice.com/wiki/XLq2wg7MDi4qMDkYITmccwPFnRd) \n📋如有任何问题，请按照以下模板在群里提问并@我：反馈问题格式：\nShop code:\nShop name:\nRecord/Ticket ID:\nImpact to seller:\nIssue description(in detail):\nSupport needed:\nScreenshot/Recording:\n产品PID：\n若是直播、视频和达人相关可补充信息：\n直播相关：User ID（UID）/Room ID\n视频相关：Video ID（VID）\n达人ID：User ID（UID）、TT handle\n违规详细截图\n🕙工作时间：周一至周五 10：00 - 19：00。其他时候回复消息可能不及时，还请见谅哟。\n💼商家客户服务团队一直致力于提高商家的履约和服务能力，持续改善商家在 TikTok 平台上的体验。\n💯我会协助您维护店铺绩效数据，主要包括店铺差评率、延迟履约率、商责取消率以及各类罚单问题。我会找出影响店铺绩效的原因，并为您提供合理的解决方案，全方位提升店铺的运营绩效。\n我们主要支持的服务问题有：\n🌟三率（延迟履约率、商责取消率、差评率）治理规则及申诉问题；\n🌟各类型罚单问题和申诉处理；\n🌟订单、产品、物流相关问题；\n🌟平台政策更新和治理规则同步问题；\n🌟直播/视频流量初步排查；\n🌟其他店铺绩效指标问题（店铺评分、品退、客诉等）。\n🎯同时，作为您与 TikTok Shop 之间的双向沟通桥梁，我也欢迎您将在运营店铺绩效中遇到的问题进行反馈。我将通过多方渠道为您找到解决问题的途径，竭诚为您服务。\n🥰感谢您对于 TikTok Shop 平台的支持与信任。让我们一起携手共进，共创美好未来！","missing_fields":["due_time"],"ack_lock":{"status":"pending","tag":"[⚠️待接单/未响应]","evidence":"未在时间窗口内检测到责任人认领（收到/1/OK/表情等）"}}}
{"type":"mention_message_new","target_id":"mentions_me_global","target_title":"全局@我","chat_id":"","chat_name":"未知群聊","chat_link":"","message_link":"","jump_link":"","message_id":"om_x100b50e243875cace2dc2dd175b01cb","sender":"","create_time":"2026-05-08T12:04:37+08:00","text":"@所有人 围绕夏促&世界杯将面向机构举办4场线上选品推介会，基于各行业的提报，第1期选品会商家&商品已确定（详见：[https://bytedance.larkoffice.com/wiki/F3QPw4y14i5I7Hk7LWmcElFvnnd?sheet=0l122O](https://bytedance.larkoffice.com/wiki/F3QPw4y14i5I7Hk7LWmcElFvnnd?sheet=0l122O)），第1期线上选品撮合会时间为5月13号（下周三）下午5点。（其他3期时间：5月20日/5月27日/6月3日）\n**辛苦am支持**：\n1）目前服饰行业无商品提报，辛苦@Millie Cheng尽快补充（DDL本周五下班前）。H&L目前提报的商家偏少，辛苦@李瑶 每个市场继续补充3-5家。\n2）辛苦有商家入选的AM沟通入选商家完善推品PPT（DDL下周一下班前），PPT完成后发给@熊梓瑜 进行整合。\n**商家沟通话术**：平台将于5月13号（下周三）下午5点举办面向机构的线上选品撮合会，主要是围绕夏促&世界杯相关商品的推品会，恭喜你们有商品入选，请在下周一下班前完成商品卡片的制作。（卡片模版可参考：[https://bytedance.sg.larkoffice.com/file/I1NWbGa5vouRevxRs7vlN1jlgYe](https://bytedance.sg.larkoffice.com/file/I1NWbGa5vouRevxRs7vlN1jlgYe)）\n![image](img_v3_0211g_e8af8f52-61fb-449b-93ba-c0f23319fahu)"}
{"type":"chat_task","target_id":"mentions_me_global","target_title":"全局@我","chat_id":"","chat_name":"未知群聊","chat_link":"","message_link":"","jump_link":"","message_id":"om_x100b50e243875cace2dc2dd175b01cb","task":{"is_task":true,"task_name":"【补充服饰行业商品提报（本周五下班前）】","summary":"【补充服饰行业商品提报（本周五下班前）】","task_type":"todo","assigner":"","owners":["Millie Cheng"],"owner_mapping":[{"owner":"Millie Cheng","scope":"personal"}],"owner_resolution_status":"full","due_time":"2026-05-08 18:00","deliverable":"商品提报","source_message_ids":["om_x100b50e243875cace2dc2dd175b01cb"],"suggestion_reply":null,"evidence":["目前服饰行业无商品提报，辛苦@Millie Cheng尽快补充（DDL本周五下班前）。"],"source_messages_full":[{"message_id":"om_x100b50e243875cace2dc2dd175b01cb","sender":"","chat_id":null,"chat_name":"未知群聊","chat_link":null,"message_link":null,"jump_link":null,"create_time":"2026-05-08T12:04:37+08:00","text":"@所有人 围绕夏促&世界杯将面向机构举办4场线上选品推介会，基于各行业的提报，第1期选品会商家&商品已确定（详见：[https://bytedance.larkoffice.com/wiki/F3QPw4y14i5I7Hk7LWmcElFvnnd?sheet=0l122O](https://bytedance.larkoffice.com/wiki/F3QPw4y14i5I7Hk7LWmcElFvnnd?sheet=0l122O)），第1期线上选品撮合会时间为5月13号（下周三）下午5点。（其他3期时间：5月20日/5月27日/6月3日）\n**辛苦am支持**：\n1）目前服饰行业无商品提报，辛苦@Millie Cheng尽快补充（DDL本周五下班前）。H&L目前提报的商家偏少，辛苦@李瑶 每个市场继续补充3-5家。\n2）辛苦有商家入选的AM沟通入选商家完善推品PPT（DDL下周一下班前），PPT完成后发给@熊梓瑜 进行整合。\n**商家沟通话术**：平台将于5月13号（下周三）下午5点举办面向机构的线上选品撮合会，主要是围绕夏促&世界杯相关商品的推品会，恭喜你们有商品入选，请在下周一下班前完成商品卡片的制作。（卡片模版可参考：[https://bytedance.sg.larkoffice.com/file/I1NWbGa5vouRevxRs7vlN1jlgYe](https://bytedance.sg.larkoffice.com/file/I1NWbGa5vouRevxRs7vlN1jlgYe)）\n![image](img_v3_0211g_e8af8f52-61fb-449b-93ba-c0f23319fahu)"}],"source_text_full":"@所有人 围绕夏促&世界杯将面向机构举办4场线上选品推介会，基于各行业的提报，第1期选品会商家&商品已确定（详见：[https://bytedance.larkoffice.com/wiki/F3QPw4y14i5I7Hk7LWmcElFvnnd?sheet=0l122O](https://bytedance.larkoffice.com/wiki/F3QPw4y14i5I7Hk7LWmcElFvnnd?sheet=0l122O)），第1期线上选品撮合会时间为5月13号（下周三）下午5点。（其他3期时间：5月20日/5月27日/6月3日）\n**辛苦am支持**：\n1）目前服饰行业无商品提报，辛苦@Millie Cheng尽快补充（DDL本周五下班前）。H&L目前提报的商家偏少，辛苦@李瑶 每个市场继续补充3-5家。\n2）辛苦有商家入选的AM沟通入选商家完善推品PPT（DDL下周一下班前），PPT完成后发给@熊梓瑜 进行整合。\n**商家沟通话术**：平台将于5月13号（下周三）下午5点举办面向机构的线上选品撮合会，主要是围绕夏促&世界杯相关商品的推品会，恭喜你们有商品入选，请在下周一下班前完成商品卡片的制作。（卡片模版可参考：[https://bytedance.sg.larkoffice.com/file/I1NWbGa5vouRevxRs7vlN1jlgYe](https://bytedance.sg.larkoffice.com/file/I1NWbGa5vouRevxRs7vlN1jlgYe)）\n![image](img_v3_0211g_e8af8f52-61fb-449b-93ba-c0f23319fahu)","ack_lock":{"status":"pending","tag":"[⚠️待接单/未响应]","evidence":"未在时间窗口内检测到责任人认领（收到/1/OK/表情等）"}}}
{"type":"chat_task","target_id":"mentions_me_global","target_title":"全局@我","chat_id":"","chat_name":"未知群聊","chat_link":"","message_link":"","jump_link":"","message_id":"om_x100b50e243875cace2dc2dd175b01cb","task":{"is_task":true,"task_name":"【补充H&L商家提报（本周五下班前）】","summary":"【补充H&L商家提报（本周五下班前）】","task_type":"todo","assigner":"","owners":["李瑶"],"owner_mapping":[{"owner":"李瑶","scope":"personal"}],"owner_resolution_status":"full","due_time":"2026-05-08 18:00","deliverable":"商家提报","source_message_ids":["om_x100b50e243875cace2dc2dd175b01cb"],"suggestion_reply":null,"evidence":["H&L目前提报的商家偏少，辛苦@李瑶 每个市场继续补充3-5家。"],"source_messages_full":[{"message_id":"om_x100b50e243875cace2dc2dd175b01cb","sender":"","chat_id":null,"chat_name":"未知群聊","chat_link":null,"message_link":null,"jump_link":null,"create_time":"2026-05-08T12:04:37+08:00","text":"@所有人 围绕夏促&世界杯将面向机构举办4场线上选品推介会，基于各行业的提报，第1期选品会商家&商品已确定（详见：[https://bytedance.larkoffice.com/wiki/F3QPw4y14i5I7Hk7LWmcElFvnnd?sheet=0l122O](https://bytedance.larkoffice.com/wiki/F3QPw4y14i5I7Hk7LWmcElFvnnd?sheet=0l122O)），第1期线上选品撮合会时间为5月13号（下周三）下午5点。（其他3期时间：5月20日/5月27日/6月3日）\n**辛苦am支持**：\n1）目前服饰行业无商品提报，辛苦@Millie Cheng尽快补充（DDL本周五下班前）。H&L目前提报的商家偏少，辛苦@李瑶 每个市场继续补充3-5家。\n2）辛苦有商家入选的AM沟通入选商家完善推品PPT（DDL下周一下班前），PPT完成后发给@熊梓瑜 进行整合。\n**商家沟通话术**：平台将于5月13号（下周三）下午5点举办面向机构的线上选品撮合会，主要是围绕夏促&世界杯相关商品的推品会，恭喜你们有商品入选，请在下周一下班前完成商品卡片的制作。（卡片模版可参考：[https://bytedance.sg.larkoffice.com/file/I1NWbGa5vouRevxRs7vlN1jlgYe](https://bytedance.sg.larkoffice.com/file/I1NWbGa5vouRevxRs7vlN1jlgYe)）\n![image](img_v3_0211g_e8af8f52-61fb-449b-93ba-c0f23319fahu)"}],"source_text_full":"@所有人 围绕夏促&世界杯将面向机构举办4场线上选品推介会，基于各行业的提报，第1期选品会商家&商品已确定（详见：[https://bytedance.larkoffice.com/wiki/F3QPw4y14i5I7Hk7LWmcElFvnnd?sheet=0l122O](https://bytedance.larkoffice.com/wiki/F3QPw4y14i5I7Hk7LWmcElFvnnd?sheet=0l122O)），第1期线上选品撮合会时间为5月13号（下周三）下午5点。（其他3期时间：5月20日/5月27日/6月3日）\n**辛苦am支持**：\n1）目前服饰行业无商品提报，辛苦@Millie Cheng尽快补充（DDL本周五下班前）。H&L目前提报的商家偏少，辛苦@李瑶 每个市场继续补充3-5家。\n2）辛苦有商家入选的AM沟通入选商家完善推品PPT（DDL下周一下班前），PPT完成后发给@熊梓瑜 进行整合。\n**商家沟通话术**：平台将于5月13号（下周三）下午5点举办面向机构的线上选品撮合会，主要是围绕夏促&世界杯相关商品的推品会，恭喜你们有商品入选，请在下周一下班前完成商品卡片的制作。（卡片模版可参考：[https://bytedance.sg.larkoffice.com/file/I1NWbGa5vouRevxRs7vlN1jlgYe](https://bytedance.sg.larkoffice.com/file/I1NWbGa5vouRevxRs7vlN1jlgYe)）\n![image](img_v3_0211g_e8af8f52-61fb-449b-93ba-c0f23319fahu)","ack_lock":{"status":"pending","tag":"[⚠️待接单/未响应]","evidence":"未在时间窗口内检测到责任人认领（收到/1/OK/表情等）"}}}
{"type":"chat_task","target_id":"mentions_me_global","target_title":"全局@我","chat_id":"","chat_name":"未知群聊","chat_link":"","message_link":"","jump_link":"","message_id":"om_x100b50e243875cace2dc2dd175b01cb","task":{"is_task":true,"task_name":"【沟通商家完善推品PPT并发送整合（下周一下班前）】","summary":"【沟通商家完善推品PPT并发送整合（下周一下班前）】","task_type":"todo","assigner":"","owners":["所有人"],"owner_mapping":[{"owner":"所有人","scope":"broadcast"}],"owner_resolution_status":"partial","due_time":"2026-05-11 18:00","deliverable":"完善的推品PPT","source_message_ids":["om_x100b50e243875cace2dc2dd175b01cb"],"suggestion_reply":null,"evidence":["2）辛苦有商家入选的AM沟通入选商家完善推品PPT（DDL下周一下班前），PPT完成后发给@熊梓瑜 进行整合。"],"source_messages_full":[{"message_id":"om_x100b50e243875cace2dc2dd175b01cb","sender":"","chat_id":null,"chat_name":"未知群聊","chat_link":null,"message_link":null,"jump_link":null,"create_time":"2026-05-08T12:04:37+08:00","text":"@所有人 围绕夏促&世界杯将面向机构举办4场线上选品推介会，基于各行业的提报，第1期选品会商家&商品已确定（详见：[https://bytedance.larkoffice.com/wiki/F3QPw4y14i5I7Hk7LWmcElFvnnd?sheet=0l122O](https://bytedance.larkoffice.com/wiki/F3QPw4y14i5I7Hk7LWmcElFvnnd?sheet=0l122O)），第1期线上选品撮合会时间为5月13号（下周三）下午5点。（其他3期时间：5月20日/5月27日/6月3日）\n**辛苦am支持**：\n1）目前服饰行业无商品提报，辛苦@Millie Cheng尽快补充（DDL本周五下班前）。H&L目前提报的商家偏少，辛苦@李瑶 每个市场继续补充3-5家。\n2）辛苦有商家入选的AM沟通入选商家完善推品PPT（DDL下周一下班前），PPT完成后发给@熊梓瑜 进行整合。\n**商家沟通话术**：平台将于5月13号（下周三）下午5点举办面向机构的线上选品撮合会，主要是围绕夏促&世界杯相关商品的推品会，恭喜你们有商品入选，请在下周一下班前完成商品卡片的制作。（卡片模版可参考：[https://bytedance.sg.larkoffice.com/file/I1NWbGa5vouRevxRs7vlN1jlgYe](https://bytedance.sg.larkoffice.com/file/I1NWbGa5vouRevxRs7vlN1jlgYe)）\n![image](img_v3_0211g_e8af8f52-61fb-449b-93ba-c0f23319fahu)"}],"source_text_full":"@所有人 围绕夏促&世界杯将面向机构举办4场线上选品推介会，基于各行业的提报，第1期选品会商家&商品已确定（详见：[https://bytedance.larkoffice.com/wiki/F3QPw4y14i5I7Hk7LWmcElFvnnd?sheet=0l122O](https://bytedance.larkoffice.com/wiki/F3QPw4y14i5I7Hk7LWmcElFvnnd?sheet=0l122O)），第1期线上选品撮合会时间为5月13号（下周三）下午5点。（其他3期时间：5月20日/5月27日/6月3日）\n**辛苦am支持**：\n1）目前服饰行业无商品提报，辛苦@Millie Cheng尽快补充（DDL本周五下班前）。H&L目前提报的商家偏少，辛苦@李瑶 每个市场继续补充3-5家。\n2）辛苦有商家入选的AM沟通入选商家完善推品PPT（DDL下周一下班前），PPT完成后发给@熊梓瑜 进行整合。\n**商家沟通话术**：平台将于5月13号（下周三）下午5点举办面向机构的线上选品撮合会，主要是围绕夏促&世界杯相关商品的推品会，恭喜你们有商品入选，请在下周一下班前完成商品卡片的制作。（卡片模版可参考：[https://bytedance.sg.larkoffice.com/file/I1NWbGa5vouRevxRs7vlN1jlgYe](https://bytedance.sg.larkoffice.com/file/I1NWbGa5vouRevxRs7vlN1jlgYe)）\n![image](img_v3_0211g_e8af8f52-61fb-449b-93ba-c0f23319fahu)","ack_lock":{"status":"pending","tag":"[⚠️待接单/未响应]","evidence":"未在时间窗口内检测到责任人认领（收到/1/OK/表情等）"}}}
{"type":"chat_task","target_id":"mentions_me_global","target_title":"全局@我","chat_id":"","chat_name":"未知群聊","chat_link":"","message_link":"","jump_link":"","message_id":"om_x100b50e243875cace2dc2dd175b01cb","task":{"is_task":true,"task_name":"【整合推品PPT（5月13日17点前）】","summary":"【整合推品PPT（5月13日17点前）】","task_type":"todo","assigner":"","owners":["熊梓瑜"],"owner_mapping":[{"owner":"熊梓瑜","scope":"personal"}],"owner_resolution_status":"full","due_time":"2026-05-13 17:00","deliverable":"整合后的PPT","source_message_ids":["om_x100b50e243875cace2dc2dd175b01cb"],"suggestion_reply":null,"evidence":["PPT完成后发给@熊梓瑜 进行整合。"],"source_messages_full":[{"message_id":"om_x100b50e243875cace2dc2dd175b01cb","sender":"","chat_id":null,"chat_name":"未知群聊","chat_link":null,"message_link":null,"jump_link":null,"create_time":"2026-05-08T12:04:37+08:00","text":"@所有人 围绕夏促&世界杯将面向机构举办4场线上选品推介会，基于各行业的提报，第1期选品会商家&商品已确定（详见：[https://bytedance.larkoffice.com/wiki/F3QPw4y14i5I7Hk7LWmcElFvnnd?sheet=0l122O](https://bytedance.larkoffice.com/wiki/F3QPw4y14i5I7Hk7LWmcElFvnnd?sheet=0l122O)），第1期线上选品撮合会时间为5月13号（下周三）下午5点。（其他3期时间：5月20日/5月27日/6月3日）\n**辛苦am支持**：\n1）目前服饰行业无商品提报，辛苦@Millie Cheng尽快补充（DDL本周五下班前）。H&L目前提报的商家偏少，辛苦@李瑶 每个市场继续补充3-5家。\n2）辛苦有商家入选的AM沟通入选商家完善推品PPT（DDL下周一下班前），PPT完成后发给@熊梓瑜 进行整合。\n**商家沟通话术**：平台将于5月13号（下周三）下午5点举办面向机构的线上选品撮合会，主要是围绕夏促&世界杯相关商品的推品会，恭喜你们有商品入选，请在下周一下班前完成商品卡片的制作。（卡片模版可参考：[https://bytedance.sg.larkoffice.com/file/I1NWbGa5vouRevxRs7vlN1jlgYe](https://bytedance.sg.larkoffice.com/file/I1NWbGa5vouRevxRs7vlN1jlgYe)）\n![image](img_v3_0211g_e8af8f52-61fb-449b-93ba-c0f23319fahu)"}],"source_text_full":"@所有人 围绕夏促&世界杯将面向机构举办4场线上选品推介会，基于各行业的提报，第1期选品会商家&商品已确定（详见：[https://bytedance.larkoffice.com/wiki/F3QPw4y14i5I7Hk7LWmcElFvnnd?sheet=0l122O](https://bytedance.larkoffice.com/wiki/F3QPw4y14i5I7Hk7LWmcElFvnnd?sheet=0l122O)），第1期线上选品撮合会时间为5月13号（下周三）下午5点。（其他3期时间：5月20日/5月27日/6月3日）\n**辛苦am支持**：\n1）目前服饰行业无商品提报，辛苦@Millie Cheng尽快补充（DDL本周五下班前）。H&L目前提报的商家偏少，辛苦@李瑶 每个市场继续补充3-5家。\n2）辛苦有商家入选的AM沟通入选商家完善推品PPT（DDL下周一下班前），PPT完成后发给@熊梓瑜 进行整合。\n**商家沟通话术**：平台将于5月13号（下周三）下午5点举办面向机构的线上选品撮合会，主要是围绕夏促&世界杯相关商品的推品会，恭喜你们有商品入选，请在下周一下班前完成商品卡片的制作。（卡片模版可参考：[https://bytedance.sg.larkoffice.com/file/I1NWbGa5vouRevxRs7vlN1jlgYe](https://bytedance.sg.larkoffice.com/file/I1NWbGa5vouRevxRs7vlN1jlgYe)）\n![image](img_v3_0211g_e8af8f52-61fb-449b-93ba-c0f23319fahu)","ack_lock":{"status":"pending","tag":"[⚠️待接单/未响应]","evidence":"未在时间窗口内检测到责任人认领（收到/1/OK/表情等）"}}}
{"type":"mention_message_new","target_id":"mentions_me_global","target_title":"全局@我","chat_id":"","chat_name":"未知群聊","chat_link":"","message_link":"","jump_link":"","message_id":"om_x100b50e23ecd5ca8e121e27e8468428","sender":"","create_time":"2026-05-08T12:30:56+08:00","text":"@所有人 各位am好💗\n📢 **「Levelup 2.0」今日进度播报 - 5/08**\n**📊 当前进展：** 寄样目标达成率24%，仍存在大量商家寄样进度落后时间进度，请相关am注意\n🔔 **AM to do**：前往[https://bytedance.sg.larkoffice.com/sheets/XudYsO4bmhu5KvtYujllHCHmgSe?sheet=hYLDRS](https://bytedance.sg.larkoffice.com/sheets/XudYsO4bmhu5KvtYujllHCHmgSe?sheet=hYLDRS)找到目标商家，**核心关注Q列：仅差10pp即可追上商家（共计393位）cc **@张婷婷 @许彦云 @江琳 @陈钰霏 @戈垚 @郭娜 @赵颖奕 \n![image](img_v3_0211g_82e43a88-f834-4fb9-8ee3-6f5579cfa1hu)\n\n**🎯 辛苦AM同学核心传递两件事（可直接复制粘贴）：**\n⚠️ 亲爱的商家好，年中促开打在即，您的寄样进展落后于大盘同行表现，将直接影响年中促GMV爆发！**请核心关注以下两个动作**：\n1. **每日查询当前寄样进度**，保障不掉队→[https://bytedance.sg.larkoffice.com/base/I40ebw72ua78FtstIk7lOOsUgWf?table=tblhnpmeYPNgRiA1&view=vewnKQXpWl](https://bytedance.sg.larkoffice.com/base/I40ebw72ua78FtstIk7lOOsUgWf?table=tblhnpmeYPNgRiA1&view=vewnKQXpWl)\n2. **立刻通过当前店铺中高gmv达人申样通过**，7日失效！→[https://bytedance.us.larkoffice.com/share/base/query/shrusgush9lKvziZvEVofJWJnqe?from=navigation](https://bytedance.us.larkoffice.com/share/base/query/shrusgush9lKvziZvEVofJWJnqe?from=navigation)"}
{"type":"chat_task","target_id":"mentions_me_global","target_title":"全局@我","chat_id":"","chat_name":"未知群聊","chat_link":"","message_link":"","jump_link":"","message_id":"om_x100b50e23ecd5ca8e121e27e8468428","task":{"is_task":true,"task_name":"【AM跟进寄样进度落后商家（核心关注差10pp商家）】","summary":"【AM跟进寄样进度落后商家（核心关注差10pp商家）】","task_type":"进度跟进","assigner":"未知发送者","owners":["所有人","各位am","相关am","张婷婷","许彦云","江琳","陈钰霏","戈垚","郭娜","赵颖奕"],"owner_mapping":[{"owner":"所有人","scope":"泛指"},{"owner":"各位am","scope":"泛指"},{"owner":"相关am","scope":"泛指"},{"owner":"张婷婷","scope":"指定"},{"owner":"许彦云","scope":"指定"},{"owner":"江琳","scope":"指定"},{"owner":"陈钰霏","scope":"指定"},{"owner":"戈垚","scope":"指定"},{"owner":"郭娜","scope":"指定"},{"owner":"赵颖奕","scope":"指定"}],"owner_resolution_status":"partial","due_time":null,"deliverable":null,"source_message_ids":["om_x100b50e23ecd5ca8e121e27e8468428"],"suggestion_reply":"建议补充明确的截止时间（如今日下班前），以便AM同学按时完成【AM跟进寄样进度落后商家】的任务。","evidence":["🔔 **AM to do**：前往[https://bytedance.sg.larkoffice.com/sheets/XudYsO4bmhu5KvtYujllHCHmgSe?sheet=hYLDRS](https://bytedance.sg.larkoffice.com/sheets/XudYsO4bmhu5KvtYujllHCHmgSe?sheet=hYLDRS)找到目标商家，**核心关注Q列：仅差10pp即可追上商家（共计393位）cc **@张婷婷 @许彦云 @江琳 @陈钰霏 @戈垚 @郭娜 @赵颖奕"],"source_messages_full":[{"message_id":"om_x100b50e23ecd5ca8e121e27e8468428","sender":"","chat_id":null,"chat_name":"未知群聊","chat_link":null,"message_link":null,"jump_link":null,"create_time":"2026-05-08T12:30:56+08:00","text":"@所有人 各位am好💗\n📢 **「Levelup 2.0」今日进度播报 - 5/08**\n**📊 当前进展：** 寄样目标达成率24%，仍存在大量商家寄样进度落后时间进度，请相关am注意\n🔔 **AM to do**：前往[https://bytedance.sg.larkoffice.com/sheets/XudYsO4bmhu5KvtYujllHCHmgSe?sheet=hYLDRS](https://bytedance.sg.larkoffice.com/sheets/XudYsO4bmhu5KvtYujllHCHmgSe?sheet=hYLDRS)找到目标商家，**核心关注Q列：仅差10pp即可追上商家（共计393位）cc **@张婷婷 @许彦云 @江琳 @陈钰霏 @戈垚 @郭娜 @赵颖奕 \n![image](img_v3_0211g_82e43a88-f834-4fb9-8ee3-6f5579cfa1hu)\n\n**🎯 辛苦AM同学核心传递两件事（可直接复制粘贴）：**\n⚠️ 亲爱的商家好，年中促开打在即，您的寄样进展落后于大盘同行表现，将直接影响年中促GMV爆发！**请核心关注以下两个动作**：\n1. **每日查询当前寄样进度**，保障不掉队→[https://bytedance.sg.larkoffice.com/base/I40ebw72ua78FtstIk7lOOsUgWf?table=tblhnpmeYPNgRiA1&view=vewnKQXpWl](https://bytedance.sg.larkoffice.com/base/I40ebw72ua78FtstIk7lOOsUgWf?table=tblhnpmeYPNgRiA1&view=vewnKQXpWl)\n2. **立刻通过当前店铺中高gmv达人申样通过**，7日失效！→[https://bytedance.us.larkoffice.com/share/base/query/shrusgush9lKvziZvEVofJWJnqe?from=navigation](https://bytedance.us.larkoffice.com/share/base/query/shrusgush9lKvziZvEVofJWJnqe?from=navigation)"}],"source_text_full":"@所有人 各位am好💗\n📢 **「Levelup 2.0」今日进度播报 - 5/08**\n**📊 当前进展：** 寄样目标达成率24%，仍存在大量商家寄样进度落后时间进度，请相关am注意\n🔔 **AM to do**：前往[https://bytedance.sg.larkoffice.com/sheets/XudYsO4bmhu5KvtYujllHCHmgSe?sheet=hYLDRS](https://bytedance.sg.larkoffice.com/sheets/XudYsO4bmhu5KvtYujllHCHmgSe?sheet=hYLDRS)找到目标商家，**核心关注Q列：仅差10pp即可追上商家（共计393位）cc **@张婷婷 @许彦云 @江琳 @陈钰霏 @戈垚 @郭娜 @赵颖奕 \n![image](img_v3_0211g_82e43a88-f834-4fb9-8ee3-6f5579cfa1hu)\n\n**🎯 辛苦AM同学核心传递两件事（可直接复制粘贴）：**\n⚠️ 亲爱的商家好，年中促开打在即，您的寄样进展落后于大盘同行表现，将直接影响年中促GMV爆发！**请核心关注以下两个动作**：\n1. **每日查询当前寄样进度**，保障不掉队→[https://bytedance.sg.larkoffice.com/base/I40ebw72ua78FtstIk7lOOsUgWf?table=tblhnpmeYPNgRiA1&view=vewnKQXpWl](https://bytedance.sg.larkoffice.com/base/I40ebw72ua78FtstIk7lOOsUgWf?table=tblhnpmeYPNgRiA1&view=vewnKQXpWl)\n2. **立刻通过当前店铺中高gmv达人申样通过**，7日失效！→[https://bytedance.us.larkoffice.com/share/base/query/shrusgush9lKvziZvEVofJWJnqe?from=navigation](https://bytedance.us.larkoffice.com/share/base/query/shrusgush9lKvziZvEVofJWJnqe?from=navigation)","missing_fields":["due_time"],"ack_lock":{"status":"pending","tag":"[⚠️待接单/未响应]","evidence":"未在时间窗口内检测到责任人认领（收到/1/OK/表情等）"}}}
{"type":"chat_task","target_id":"mentions_me_global","target_title":"全局@我","chat_id":"","chat_name":"未知群聊","chat_link":"","message_link":"","jump_link":"","message_id":"om_x100b50e23ecd5ca8e121e27e8468428","task":{"is_task":true,"task_name":"【AM向商家传递寄样催促话术】","summary":"【AM向商家传递寄样催促话术】","task_type":"信息通知","assigner":"未知发送者","owners":["AM同学"],"owner_mapping":[{"owner":"AM同学","scope":"泛指"}],"owner_resolution_status":"partial","due_time":null,"deliverable":null,"source_message_ids":["om_x100b50e23ecd5ca8e121e27e8468428"],"suggestion_reply":"建议补充明确的截止时间，并指定具体负责的AM同学，以确保【AM向商家传递寄样催促话术】任务有效落地。","evidence":["**🎯 辛苦AM同学核心传递两件事（可直接复制粘贴）：**\n⚠️ 亲爱的商家好，年中促开打在即，您的寄样进展落后于大盘同行表现，将直接影响年中促GMV爆发！**请核心关注以下两个动作**：\n1. **每日查询当前寄样进度**，保障不掉队→[https://bytedance.sg.larkoffice.com/base/I40ebw72ua78FtstIk7lOOsUgWf?table=tblhnpmeYPNgRiA1&view=vewnKQXpWl](https://bytedance.sg.larkoffice.com/base/I40ebw72ua78FtstIk7lOOsUgWf?table=tblhnpmeYPNgRiA1&view=vewnKQXpWl)\n2. **立刻通过当前店铺中高gmv达人申样通过**，7日失效！→[https://bytedance.us.larkoffice.com/share/base/query/shrusgush9lKvziZvEVofJWJnqe?from=navigation](https://bytedance.us.larkoffice.com/share/base/query/shrusgush9lKvziZvEVofJWJnqe?from=navigation)"],"source_messages_full":[{"message_id":"om_x100b50e23ecd5ca8e121e27e8468428","sender":"","chat_id":null,"chat_name":"未知群聊","chat_link":null,"message_link":null,"jump_link":null,"create_time":"2026-05-08T12:30:56+08:00","text":"@所有人 各位am好💗\n📢 **「Levelup 2.0」今日进度播报 - 5/08**\n**📊 当前进展：** 寄样目标达成率24%，仍存在大量商家寄样进度落后时间进度，请相关am注意\n🔔 **AM to do**：前往[https://bytedance.sg.larkoffice.com/sheets/XudYsO4bmhu5KvtYujllHCHmgSe?sheet=hYLDRS](https://bytedance.sg.larkoffice.com/sheets/XudYsO4bmhu5KvtYujllHCHmgSe?sheet=hYLDRS)找到目标商家，**核心关注Q列：仅差10pp即可追上商家（共计393位）cc **@张婷婷 @许彦云 @江琳 @陈钰霏 @戈垚 @郭娜 @赵颖奕 \n![image](img_v3_0211g_82e43a88-f834-4fb9-8ee3-6f5579cfa1hu)\n\n**🎯 辛苦AM同学核心传递两件事（可直接复制粘贴）：**\n⚠️ 亲爱的商家好，年中促开打在即，您的寄样进展落后于大盘同行表现，将直接影响年中促GMV爆发！**请核心关注以下两个动作**：\n1. **每日查询当前寄样进度**，保障不掉队→[https://bytedance.sg.larkoffice.com/base/I40ebw72ua78FtstIk7lOOsUgWf?table=tblhnpmeYPNgRiA1&view=vewnKQXpWl](https://bytedance.sg.larkoffice.com/base/I40ebw72ua78FtstIk7lOOsUgWf?table=tblhnpmeYPNgRiA1&view=vewnKQXpWl)\n2. **立刻通过当前店铺中高gmv达人申样通过**，7日失效！→[https://bytedance.us.larkoffice.com/share/base/query/shrusgush9lKvziZvEVofJWJnqe?from=navigation](https://bytedance.us.larkoffice.com/share/base/query/shrusgush9lKvziZvEVofJWJnqe?from=navigation)"}],"source_text_full":"@所有人 各位am好💗\n📢 **「Levelup 2.0」今日进度播报 - 5/08**\n**📊 当前进展：** 寄样目标达成率24%，仍存在大量商家寄样进度落后时间进度，请相关am注意\n🔔 **AM to do**：前往[https://bytedance.sg.larkoffice.com/sheets/XudYsO4bmhu5KvtYujllHCHmgSe?sheet=hYLDRS](https://bytedance.sg.larkoffice.com/sheets/XudYsO4bmhu5KvtYujllHCHmgSe?sheet=hYLDRS)找到目标商家，**核心关注Q列：仅差10pp即可追上商家（共计393位）cc **@张婷婷 @许彦云 @江琳 @陈钰霏 @戈垚 @郭娜 @赵颖奕 \n![image](img_v3_0211g_82e43a88-f834-4fb9-8ee3-6f5579cfa1hu)\n\n**🎯 辛苦AM同学核心传递两件事（可直接复制粘贴）：**\n⚠️ 亲爱的商家好，年中促开打在即，您的寄样进展落后于大盘同行表现，将直接影响年中促GMV爆发！**请核心关注以下两个动作**：\n1. **每日查询当前寄样进度**，保障不掉队→[https://bytedance.sg.larkoffice.com/base/I40ebw72ua78FtstIk7lOOsUgWf?table=tblhnpmeYPNgRiA1&view=vewnKQXpWl](https://bytedance.sg.larkoffice.com/base/I40ebw72ua78FtstIk7lOOsUgWf?table=tblhnpmeYPNgRiA1&view=vewnKQXpWl)\n2. **立刻通过当前店铺中高gmv达人申样通过**，7日失效！→[https://bytedance.us.larkoffice.com/share/base/query/shrusgush9lKvziZvEVofJWJnqe?from=navigation](https://bytedance.us.larkoffice.com/share/base/query/shrusgush9lKvziZvEVofJWJnqe?from=navigation)","missing_fields":["due_time"],"ack_lock":{"status":"pending","tag":"[⚠️待接单/未响应]","evidence":"未在时间窗口内检测到责任人认领（收到/1/OK/表情等）"}}}
{"type":"mention_message_new","target_id":"mentions_me_global","target_title":"全局@我","chat_id":"","chat_name":"未知群聊","chat_link":"","message_link":"","jump_link":"","message_id":"om_x100b50e23345d0a4e15f580f36b9cb8","sender":"","create_time":"2026-05-08T12:34:32+08:00","text":"**🚀【ACE好内容】请关注5月店铺投稿情况！祝大卖🔥**\n❤️亲爱的商家【JOOAN Security Camera Store】： <at id=all></at>\n\n**📅旺季来临🔥想要引爆新增量，建议重点关注三个机会点：**\n<font color='green'>【L2+达人】</font><font color='purple'>【西语达人】</font><font color='yellow'>【商家自制视频】</font>\n\n<at id=7308549347699294209></at>提醒您关注店铺的5月投稿相关指标情况👇\n\n<hr>\n1️⃣<font color='green'>**【🧑L2+达人】**</font>\n **🎯5月目标:日均L2+达人投稿**<font color='green'>**3**</font>**条，日均L2+达人视频GMV**<font color='green'>**126**</font> \n **✅5月达成:**\n- **MTD达成，截至**<font color='grey'>***5.6***</font>\n    - 日均投稿<font color='green'>1</font>条（📈达成率<font color='green'>33%</font>）；日均视频GMV<font color='green'>82</font>（📈达成率<font color='green'>65%</font>）\n- **本周达成，**<font color='grey'>***4.30-5.6 VS 4.23-4.29***</font>\n    - 日均投稿<font color='green'>0</font>条  <font color='red'>**(📈周环比**</font><font color='green'>** **</font><font color='red'>**)**</font> ；日均GMV<font color='green'> </font> <font color='red'>**(📈周环比**</font><font color='green'>** **</font><font color='red'>**)**</font>\n- **本周达人寄样，**<font color='grey'>***4.30-5.6 VS 4.23-4.29***</font>**：**\n    - L3+达人日均申样数<font color='green'>0</font>， <font color='red'>**寄样未审核数**</font><font color='green'>**3**</font><font color='red'>**（📈寄样通过率**</font><font color='green'>**0%**</font><font color='red'>**) **</font>\n**📣建议动作与配套资源：**\n- **持续建联：保持每日使用定邀功能，稳定触达达人，持续扩大合作达人规模**\n    - 查看3C家电垂类达人： [💻 US 3C数码-高产达推荐](https://bytedance.larkoffice.com/wiki/SDIrwTjGJief8ZkMPuKcDyuSnid?sheet=ZJukg2)\n    - 定邀工具介绍：[联盟「定向计划」功能介绍](https://bytedance.larkoffice.com/wiki/UoJ5wmIICikjZkksT7PcXY3hnrb)\n- **申样跟进：及时处理L3+达人申样，避免延误导致错失合作机会**\n    - [🔍查询最近7天未处理高GMV达人的申样记录](https://bytedance.us.larkoffice.com/share/base/query/shrusgush9lKvziZvEVofJWJnqe?from=navigation)\n- **履约催促：关注已收样达人履约进度，推动达人发文≥4次，提升内容产出与转化效率**\n    - 话术模版可参考：[达人话术参考](https://bytedance.sg.larkoffice.com/docx/Ea56dioh4oPIhPxPOfwlDFLfgMf)\n- **如果想要寻求更多机构达人合作，请填下方问卷链接，** 平台会协助推品给更多机构和达人，并直接为您拉飞书群沟通\n    - [👉商家点击填写商品推广需求](https://bytedance.sg.larkoffice.com/share/base/form/shrlgvSaU0ueQ8l21pyEZRa6xU3)\n    - [👉查看货盘提报指南](https://bytedance.sg.larkoffice.com/docx/EqJ4dzF2poeRQPxWAVRlKhHigre)\n\n<hr>\n2️⃣<font color='purple'>**【📢西语达人】**</font>\n**🎯5月目标：日均西语达人投稿**<font color='purple'>**0**</font>**条，日均西语达人视频GMV**<font color='purple'>**0**</font>\n**✅5月达成：**\n- **MTD达成，截至**<font color='grey'>***5.6***</font>\n    - 日均投稿<font color='purple'>0</font>条（📈达成率<font color='purple'>84%</font>）；日均视频GMV<font color='purple'>64</font>（📈达成率<font color='purple'>0%</font>）\n- **本周达成，**<font color='grey'>***4.30-5.6 VS 4.23-4.29***</font>\n    - 日均投稿<font color='purple'>1</font>条（📈周环比<font color='purple'>+67%</font>）；日均GMV<font color='purple'>75</font>（📈周环比<font color='purple'>-9%</font>)\n**📣建议动作与配套资源：**\n- 查看西语垂类达人： [西语垂类达人-for POP3C only](https://bytedance.larkoffice.com/wiki/MaFKwzArzinUmWkBqVXc6Pqwn9d)\n- 查看西语达人&机构： [US_【美区西语】🌟 带货达人& 西语向达人机构名单推荐](https://bytedance.larkoffice.com/wiki/TFwbwWxkCikYnKkwCcLcvNgInAd?sheet=dAYICo)\n- 店铺西语达人合作现状查询：[by商家寄样查询🔗](https://bytedance.sg.larkoffice.com/share/base/query/shrlgG0bBmsAQAiD0y2mlAIiWTD?from=navigation)、[by商家西语发文查询🔗](https://bytedance.sg.larkoffice.com/share/base/query/shrlggJThTsTr4kgTxwoFDJNUqh?from=navigation)（有官方流量支持🔥）、[by商家历史西语合作达人🔗](https://bytedance.sg.larkoffice.com/share/base/query/shrlgB8vvoGeyAQVhrQDHs8xQAe)\n\n<hr>\n<font color='yellow'>**3️⃣【🎬商家自制视频】**</font>\n**🎯5月目标：商家自制视频投稿数**<font color='yellow'>**11**</font>**，目标GMV**<font color='yellow'>**1,021**</font>\n**✅5月达成：**\n- **MTD达成，截至**<font color='grey'>***5.6***</font>\n    - 日均投稿<font color='yellow'>4</font>条（📈达成率<font color='yellow'>32%</font>)；日均视频GMV<font color='yellow'>797</font>（📈达成率<font color='yellow'>78%</font>）\n- **本周达成，**<font color='grey'>***4.30-5.6 VS 4.23-4.29***</font>\n    - 日均投稿<font color='yellow'>8</font>条（📈周环比<font color='yellow'>+77%</font>）；日均GMV<font color='yellow'>6</font>（📈周环比<font color='yellow'>-7%</font>)\n**📣建议动作与配套资源：**\n- 查看Q2自制视频商家资源：👉[2026 Q2 TikTok Shop 美国 Global Selling商家自制内容激励概览 [对外]](https://bytedance.larkoffice.com/docx/Pu0ZdoAFKouRsQxlGKCcW2AInnh)\n\n<hr>\n<font color='red'>**4️⃣【其他重点关注】**</font>\n**🏆查看近期的优质爆品、增长品、西语主力品，优质视频：**\n[POP3C家电｜爆品/增长品/爆款视频榜单-04/27更新](https://bytedance.sg.larkoffice.com/sheets/SAjwsn5SRhLK6btlrJplC9ehgCg?sheet=0vdJfM)\n**🔍查看美区3C家电优质机构&达人：**\n[🧭美区3C家电｜优质机构&达人清单-for POP3C only](https://bytedance.larkoffice.com/wiki/MaFKwzArzinUmWkBqVXc6Pqwn9d)\n\n<hr>\n有任何疑问请联系您的AM经理<at id=7308549347699294209></at>\n[按钮](https://bytedance.sg.larkoffice.com/share/base/form/shrlgvSaU0ueQ8l21pyEZRa6xU3?ccm_open_type=im_card_automation_button)\n[按钮](https://bytedance.sg.larkoffice.com/docx/XFoJdTG1qomPIJxxPwTlzngHgEf?ccm_open_type=im_card_automation_button)\n---"}
{"type":"chat_task","target_id":"mentions_me_global","target_title":"全局@我","chat_id":"","chat_name":"未知群聊","chat_link":"","message_link":"","jump_link":"","message_id":"om_x100b50e23345d0a4e15f580f36b9cb8","task":{"is_task":true,"task_name":"【ACE好内容】","summary":"【ACE好内容】","task_type":"","assigner":"","owners":[],"owner_mapping":[],"owner_resolution_status":"none","due_time":null,"deliverable":null,"source_message_ids":["om_x100b50e23345d0a4e15f580f36b9cb8"],"suggestion_reply":"收到～为了方便大家后续跟进，建议按【动词+交付物/事项+时间节点】补全一下：负责人（可以直接 @ 一下具体同学）、最晚截止时间 / DDL。另外也建议在消息里用【任务名称】格式明确指出待办。谢谢～","evidence":["消息中包含【】锚点，任务名直接继承原话","消息中包含【】锚点，按规则高优判定为任务"],"source_messages_full":[{"message_id":"om_x100b50e23345d0a4e15f580f36b9cb8","sender":"","chat_id":null,"chat_name":"未知群聊","chat_link":null,"message_link":null,"jump_link":null,"create_time":"2026-05-08T12:34:32+08:00","text":"**🚀【ACE好内容】请关注5月店铺投稿情况！祝大卖🔥**\n❤️亲爱的商家【JOOAN Security Camera Store】： <at id=all></at>\n\n**📅旺季来临🔥想要引爆新增量，建议重点关注三个机会点：**\n<font color='green'>【L2+达人】</font><font color='purple'>【西语达人】</font><font color='yellow'>【商家自制视频】</font>\n\n<at id=7308549347699294209></at>提醒您关注店铺的5月投稿相关指标情况👇\n\n<hr>\n1️⃣<font color='green'>**【🧑L2+达人】**</font>\n **🎯5月目标:日均L2+达人投稿**<font color='green'>**3**</font>**条，日均L2+达人视频GMV**<font color='green'>**126**</font> \n **✅5月达成:**\n- **MTD达成，截至**<font color='grey'>***5.6***</font>\n    - 日均投稿<font color='green'>1</font>条（📈达成率<font color='green'>33%</font>）；日均视频GMV<font color='green'>82</font>（📈达成率<font color='green'>65%</font>）\n- **本周达成，**<font color='grey'>***4.30-5.6 VS 4.23-4.29***</font>\n    - 日均投稿<font color='green'>0</font>条  <font color='red'>**(📈周环比**</font><font color='green'>** **</font><font color='red'>**)**</font> ；日均GMV<font color='green'> </font> <font color='red'>**(📈周环比**</font><font color='green'>** **</font><font color='red'>**)**</font>\n- **本周达人寄样，**<font color='grey'>***4.30-5.6 VS 4.23-4.29***</font>**：**\n    - L3+达人日均申样数<font color='green'>0</font>， <font color='red'>**寄样未审核数**</font><font color='green'>**3**</font><font color='red'>**（📈寄样通过率**</font><font color='green'>**0%**</font><font color='red'>**) **</font>\n**📣建议动作与配套资源：**\n- **持续建联：保持每日使用定邀功能，稳定触达达人，持续扩大合作达人规模**\n    - 查看3C家电垂类达人： [💻 US 3C数码-高产达推荐](https://bytedance.larkoffice.com/wiki/SDIrwTjGJief8ZkMPuKcDyuSnid?sheet=ZJukg2)\n    - 定邀工具介绍：[联盟「定向计划」功能介绍](https://bytedance.larkoffice.com/wiki/UoJ5wmIICikjZkksT7PcXY3hnrb)\n- **申样跟进：及时处理L3+达人申样，避免延误导致错失合作机会**\n    - [🔍查询最近7天未处理高GMV达人的申样记录](https://bytedance.us.larkoffice.com/share/base/query/shrusgush9lKvziZvEVofJWJnqe?from=navigation)\n- **履约催促：关注已收样达人履约进度，推动达人发文≥4次，提升内容产出与转化效率**\n    - 话术模版可参考：[达人话术参考](https://bytedance.sg.larkoffice.com/docx/Ea56dioh4oPIhPxPOfwlDFLfgMf)\n- **如果想要寻求更多机构达人合作，请填下方问卷链接，** 平台会协助推品给更多机构和达人，并直接为您拉飞书群沟通\n    - [👉商家点击填写商品推广需求](https://bytedance.sg.larkoffice.com/share/base/form/shrlgvSaU0ueQ8l21pyEZRa6xU3)\n    - [👉查看货盘提报指南](https://bytedance.sg.larkoffice.com/docx/EqJ4dzF2poeRQPxWAVRlKhHigre)\n\n<hr>\n2️⃣<font color='purple'>**【📢西语达人】**</font>\n**🎯5月目标：日均西语达人投稿**<font color='purple'>**0**</font>**条，日均西语达人视频GMV**<font color='purple'>**0**</font>\n**✅5月达成：**\n- **MTD达成，截至**<font color='grey'>***5.6***</font>\n    - 日均投稿<font color='purple'>0</font>条（📈达成率<font color='purple'>84%</font>）；日均视频GMV<font color='purple'>64</font>（📈达成率<font color='purple'>0%</font>）\n- **本周达成，**<font color='grey'>***4.30-5.6 VS 4.23-4.29***</font>\n    - 日均投稿<font color='purple'>1</font>条（📈周环比<font color='purple'>+67%</font>）；日均GMV<font color='purple'>75</font>（📈周环比<font color='purple'>-9%</font>)\n**📣建议动作与配套资源：**\n- 查看西语垂类达人： [西语垂类达人-for POP3C only](https://bytedance.larkoffice.com/wiki/MaFKwzArzinUmWkBqVXc6Pqwn9d)\n- 查看西语达人&机构： [US_【美区西语】🌟 带货达人& 西语向达人机构名单推荐](https://bytedance.larkoffice.com/wiki/TFwbwWxkCikYnKkwCcLcvNgInAd?sheet=dAYICo)\n- 店铺西语达人合作现状查询：[by商家寄样查询🔗](https://bytedance.sg.larkoffice.com/share/base/query/shrlgG0bBmsAQAiD0y2mlAIiWTD?from=navigation)、[by商家西语发文查询🔗](https://bytedance.sg.larkoffice.com/share/base/query/shrlggJThTsTr4kgTxwoFDJNUqh?from=navigation)（有官方流量支持🔥）、[by商家历史西语合作达人🔗](https://bytedance.sg.larkoffice.com/share/base/query/shrlgB8vvoGeyAQVhrQDHs8xQAe)\n\n<hr>\n<font color='yellow'>**3️⃣【🎬商家自制视频】**</font>\n**🎯5月目标：商家自制视频投稿数**<font color='yellow'>**11**</font>**，目标GMV**<font color='yellow'>**1,021**</font>\n**✅5月达成：**\n- **MTD达成，截至**<font color='grey'>***5.6***</font>\n    - 日均投稿<font color='yellow'>4</font>条（📈达成率<font color='yellow'>32%</font>)；日均视频GMV<font color='yellow'>797</font>（📈达成率<font color='yellow'>78%</font>）\n- **本周达成，**<font color='grey'>***4.30-5.6 VS 4.23-4.29***</font>\n    - 日均投稿<font color='yellow'>8</font>条（📈周环比<font color='yellow'>+77%</font>）；日均GMV<font color='yellow'>6</font>（📈周环比<font color='yellow'>-7%</font>)\n**📣建议动作与配套资源：**\n- 查看Q2自制视频商家资源：👉[2026 Q2 TikTok Shop 美国 Global Selling商家自制内容激励概览 [对外]](https://bytedance.larkoffice.com/docx/Pu0ZdoAFKouRsQxlGKCcW2AInnh)\n\n<hr>\n<font color='red'>**4️⃣【其他重点关注】**</font>\n**🏆查看近期的优质爆品、增长品、西语主力品，优质视频：**\n[POP3C家电｜爆品/增长品/爆款视频榜单-04/27更新](https://bytedance.sg.larkoffice.com/sheets/SAjwsn5SRhLK6btlrJplC9ehgCg?sheet=0vdJfM)\n**🔍查看美区3C家电优质机构&达人：**\n[🧭美区3C家电｜优质机构&达人清单-for POP3C only](https://bytedance.larkoffice.com/wiki/MaFKwzArzinUmWkBqVXc6Pqwn9d)\n\n<hr>\n有任何疑问请联系您的AM经理<at id=7308549347699294209></at>\n[按钮](https://bytedance.sg.larkoffice.com/share/base/form/shrlgvSaU0ueQ8l21pyEZRa6xU3?ccm_open_type=im_card_automation_button)\n[按钮](https://bytedance.sg.larkoffice.com/docx/XFoJdTG1qomPIJxxPwTlzngHgEf?ccm_open_type=im_card_automation_button)\n---"}],"source_text_full":"**🚀【ACE好内容】请关注5月店铺投稿情况！祝大卖🔥**\n❤️亲爱的商家【JOOAN Security Camera Store】： <at id=all></at>\n\n**📅旺季来临🔥想要引爆新增量，建议重点关注三个机会点：**\n<font color='green'>【L2+达人】</font><font color='purple'>【西语达人】</font><font color='yellow'>【商家自制视频】</font>\n\n<at id=7308549347699294209></at>提醒您关注店铺的5月投稿相关指标情况👇\n\n<hr>\n1️⃣<font color='green'>**【🧑L2+达人】**</font>\n **🎯5月目标:日均L2+达人投稿**<font color='green'>**3**</font>**条，日均L2+达人视频GMV**<font color='green'>**126**</font> \n **✅5月达成:**\n- **MTD达成，截至**<font color='grey'>***5.6***</font>\n    - 日均投稿<font color='green'>1</font>条（📈达成率<font color='green'>33%</font>）；日均视频GMV<font color='green'>82</font>（📈达成率<font color='green'>65%</font>）\n- **本周达成，**<font color='grey'>***4.30-5.6 VS 4.23-4.29***</font>\n    - 日均投稿<font color='green'>0</font>条  <font color='red'>**(📈周环比**</font><font color='green'>** **</font><font color='red'>**)**</font> ；日均GMV<font color='green'> </font> <font color='red'>**(📈周环比**</font><font color='green'>** **</font><font color='red'>**)**</font>\n- **本周达人寄样，**<font color='grey'>***4.30-5.6 VS 4.23-4.29***</font>**：**\n    - L3+达人日均申样数<font color='green'>0</font>， <font color='red'>**寄样未审核数**</font><font color='green'>**3**</font><font color='red'>**（📈寄样通过率**</font><font color='green'>**0%**</font><font color='red'>**) **</font>\n**📣建议动作与配套资源：**\n- **持续建联：保持每日使用定邀功能，稳定触达达人，持续扩大合作达人规模**\n    - 查看3C家电垂类达人： [💻 US 3C数码-高产达推荐](https://bytedance.larkoffice.com/wiki/SDIrwTjGJief8ZkMPuKcDyuSnid?sheet=ZJukg2)\n    - 定邀工具介绍：[联盟「定向计划」功能介绍](https://bytedance.larkoffice.com/wiki/UoJ5wmIICikjZkksT7PcXY3hnrb)\n- **申样跟进：及时处理L3+达人申样，避免延误导致错失合作机会**\n    - [🔍查询最近7天未处理高GMV达人的申样记录](https://bytedance.us.larkoffice.com/share/base/query/shrusgush9lKvziZvEVofJWJnqe?from=navigation)\n- **履约催促：关注已收样达人履约进度，推动达人发文≥4次，提升内容产出与转化效率**\n    - 话术模版可参考：[达人话术参考](https://bytedance.sg.larkoffice.com/docx/Ea56dioh4oPIhPxPOfwlDFLfgMf)\n- **如果想要寻求更多机构达人合作，请填下方问卷链接，** 平台会协助推品给更多机构和达人，并直接为您拉飞书群沟通\n    - [👉商家点击填写商品推广需求](https://bytedance.sg.larkoffice.com/share/base/form/shrlgvSaU0ueQ8l21pyEZRa6xU3)\n    - [👉查看货盘提报指南](https://bytedance.sg.larkoffice.com/docx/EqJ4dzF2poeRQPxWAVRlKhHigre)\n\n<hr>\n2️⃣<font color='purple'>**【📢西语达人】**</font>\n**🎯5月目标：日均西语达人投稿**<font color='purple'>**0**</font>**条，日均西语达人视频GMV**<font color='purple'>**0**</font>\n**✅5月达成：**\n- **MTD达成，截至**<font color='grey'>***5.6***</font>\n    - 日均投稿<font color='purple'>0</font>条（📈达成率<font color='purple'>84%</font>）；日均视频GMV<font color='purple'>64</font>（📈达成率<font color='purple'>0%</font>）\n- **本周达成，**<font color='grey'>***4.30-5.6 VS 4.23-4.29***</font>\n    - 日均投稿<font color='purple'>1</font>条（📈周环比<font color='purple'>+67%</font>）；日均GMV<font color='purple'>75</font>（📈周环比<font color='purple'>-9%</font>)\n**📣建议动作与配套资源：**\n- 查看西语垂类达人： [西语垂类达人-for POP3C only](https://bytedance.larkoffice.com/wiki/MaFKwzArzinUmWkBqVXc6Pqwn9d)\n- 查看西语达人&机构： [US_【美区西语】🌟 带货达人& 西语向达人机构名单推荐](https://bytedance.larkoffice.com/wiki/TFwbwWxkCikYnKkwCcLcvNgInAd?sheet=dAYICo)\n- 店铺西语达人合作现状查询：[by商家寄样查询🔗](https://bytedance.sg.larkoffice.com/share/base/query/shrlgG0bBmsAQAiD0y2mlAIiWTD?from=navigation)、[by商家西语发文查询🔗](https://bytedance.sg.larkoffice.com/share/base/query/shrlggJThTsTr4kgTxwoFDJNUqh?from=navigation)（有官方流量支持🔥）、[by商家历史西语合作达人🔗](https://bytedance.sg.larkoffice.com/share/base/query/shrlgB8vvoGeyAQVhrQDHs8xQAe)\n\n<hr>\n<font color='yellow'>**3️⃣【🎬商家自制视频】**</font>\n**🎯5月目标：商家自制视频投稿数**<font color='yellow'>**11**</font>**，目标GMV**<font color='yellow'>**1,021**</font>\n**✅5月达成：**\n- **MTD达成，截至**<font color='grey'>***5.6***</font>\n    - 日均投稿<font color='yellow'>4</font>条（📈达成率<font color='yellow'>32%</font>)；日均视频GMV<font color='yellow'>797</font>（📈达成率<font color='yellow'>78%</font>）\n- **本周达成，**<font color='grey'>***4.30-5.6 VS 4.23-4.29***</font>\n    - 日均投稿<font color='yellow'>8</font>条（📈周环比<font color='yellow'>+77%</font>）；日均GMV<font color='yellow'>6</font>（📈周环比<font color='yellow'>-7%</font>)\n**📣建议动作与配套资源：**\n- 查看Q2自制视频商家资源：👉[2026 Q2 TikTok Shop 美国 Global Selling商家自制内容激励概览 [对外]](https://bytedance.larkoffice.com/docx/Pu0ZdoAFKouRsQxlGKCcW2AInnh)\n\n<hr>\n<font color='red'>**4️⃣【其他重点关注】**</font>\n**🏆查看近期的优质爆品、增长品、西语主力品，优质视频：**\n[POP3C家电｜爆品/增长品/爆款视频榜单-04/27更新](https://bytedance.sg.larkoffice.com/sheets/SAjwsn5SRhLK6btlrJplC9ehgCg?sheet=0vdJfM)\n**🔍查看美区3C家电优质机构&达人：**\n[🧭美区3C家电｜优质机构&达人清单-for POP3C only](https://bytedance.larkoffice.com/wiki/MaFKwzArzinUmWkBqVXc6Pqwn9d)\n\n<hr>\n有任何疑问请联系您的AM经理<at id=7308549347699294209></at>\n[按钮](https://bytedance.sg.larkoffice.com/share/base/form/shrlgvSaU0ueQ8l21pyEZRa6xU3?ccm_open_type=im_card_automation_button)\n[按钮](https://bytedance.sg.larkoffice.com/docx/XFoJdTG1qomPIJxxPwTlzngHgEf?ccm_open_type=im_card_automation_button)\n---","missing_fields":["owners","due_time"],"ack_lock":{"status":"pending","tag":"[⚠️待接单/未响应]","evidence":"未在时间窗口内检测到责任人认领（收到/1/OK/表情等）"}}}
{"type":"chat_task","target_id":"mentions_me_global","target_title":"全局@我","chat_id":"","chat_name":"未知群聊","chat_link":"","message_link":"","jump_link":"","message_id":"om_x100b50e23345d0a4e15f580f36b9cb8","task":{"is_task":true,"task_name":"【ACE好内容】","summary":"【ACE好内容】","task_type":"","assigner":"","owners":[],"owner_mapping":[],"owner_resolution_status":"none","due_time":null,"deliverable":null,"source_message_ids":["om_x100b50e23345d0a4e15f580f36b9cb8"],"suggestion_reply":"收到～为了方便大家后续跟进，建议按【动词+交付物/事项+时间节点】补全一下：负责人（可以直接 @ 一下具体同学）、最晚截止时间 / DDL。另外也建议在消息里用【任务名称】格式明确指出待办。谢谢～","evidence":["消息中包含【】锚点，任务名直接继承原话","消息中包含【】锚点，按规则高优判定为任务"],"source_messages_full":[{"message_id":"om_x100b50e23345d0a4e15f580f36b9cb8","sender":"","chat_id":null,"chat_name":"未知群聊","chat_link":null,"message_link":null,"jump_link":null,"create_time":"2026-05-08T12:34:32+08:00","text":"**🚀【ACE好内容】请关注5月店铺投稿情况！祝大卖🔥**\n❤️亲爱的商家【JOOAN Security Camera Store】： <at id=all></at>\n\n**📅旺季来临🔥想要引爆新增量，建议重点关注三个机会点：**\n<font color='green'>【L2+达人】</font><font color='purple'>【西语达人】</font><font color='yellow'>【商家自制视频】</font>\n\n<at id=7308549347699294209></at>提醒您关注店铺的5月投稿相关指标情况👇\n\n<hr>\n1️⃣<font color='green'>**【🧑L2+达人】**</font>\n **🎯5月目标:日均L2+达人投稿**<font color='green'>**3**</font>**条，日均L2+达人视频GMV**<font color='green'>**126**</font> \n **✅5月达成:**\n- **MTD达成，截至**<font color='grey'>***5.6***</font>\n    - 日均投稿<font color='green'>1</font>条（📈达成率<font color='green'>33%</font>）；日均视频GMV<font color='green'>82</font>（📈达成率<font color='green'>65%</font>）\n- **本周达成，**<font color='grey'>***4.30-5.6 VS 4.23-4.29***</font>\n    - 日均投稿<font color='green'>0</font>条  <font color='red'>**(📈周环比**</font><font color='green'>** **</font><font color='red'>**)**</font> ；日均GMV<font color='green'> </font> <font color='red'>**(📈周环比**</font><font color='green'>** **</font><font color='red'>**)**</font>\n- **本周达人寄样，**<font color='grey'>***4.30-5.6 VS 4.23-4.29***</font>**：**\n    - L3+达人日均申样数<font color='green'>0</font>， <font color='red'>**寄样未审核数**</font><font color='green'>**3**</font><font color='red'>**（📈寄样通过率**</font><font color='green'>**0%**</font><font color='red'>**) **</font>\n**📣建议动作与配套资源：**\n- **持续建联：保持每日使用定邀功能，稳定触达达人，持续扩大合作达人规模**\n    - 查看3C家电垂类达人： [💻 US 3C数码-高产达推荐](https://bytedance.larkoffice.com/wiki/SDIrwTjGJief8ZkMPuKcDyuSnid?sheet=ZJukg2)\n    - 定邀工具介绍：[联盟「定向计划」功能介绍](https://bytedance.larkoffice.com/wiki/UoJ5wmIICikjZkksT7PcXY3hnrb)\n- **申样跟进：及时处理L3+达人申样，避免延误导致错失合作机会**\n    - [🔍查询最近7天未处理高GMV达人的申样记录](https://bytedance.us.larkoffice.com/share/base/query/shrusgush9lKvziZvEVofJWJnqe?from=navigation)\n- **履约催促：关注已收样达人履约进度，推动达人发文≥4次，提升内容产出与转化效率**\n    - 话术模版可参考：[达人话术参考](https://bytedance.sg.larkoffice.com/docx/Ea56dioh4oPIhPxPOfwlDFLfgMf)\n- **如果想要寻求更多机构达人合作，请填下方问卷链接，** 平台会协助推品给更多机构和达人，并直接为您拉飞书群沟通\n    - [👉商家点击填写商品推广需求](https://bytedance.sg.larkoffice.com/share/base/form/shrlgvSaU0ueQ8l21pyEZRa6xU3)\n    - [👉查看货盘提报指南](https://bytedance.sg.larkoffice.com/docx/EqJ4dzF2poeRQPxWAVRlKhHigre)\n\n<hr>\n2️⃣<font color='purple'>**【📢西语达人】**</font>\n**🎯5月目标：日均西语达人投稿**<font color='purple'>**0**</font>**条，日均西语达人视频GMV**<font color='purple'>**0**</font>\n**✅5月达成：**\n- **MTD达成，截至**<font color='grey'>***5.6***</font>\n    - 日均投稿<font color='purple'>0</font>条（📈达成率<font color='purple'>84%</font>）；日均视频GMV<font color='purple'>64</font>（📈达成率<font color='purple'>0%</font>）\n- **本周达成，**<font color='grey'>***4.30-5.6 VS 4.23-4.29***</font>\n    - 日均投稿<font color='purple'>1</font>条（📈周环比<font color='purple'>+67%</font>）；日均GMV<font color='purple'>75</font>（📈周环比<font color='purple'>-9%</font>)\n**📣建议动作与配套资源：**\n- 查看西语垂类达人： [西语垂类达人-for POP3C only](https://bytedance.larkoffice.com/wiki/MaFKwzArzinUmWkBqVXc6Pqwn9d)\n- 查看西语达人&机构： [US_【美区西语】🌟 带货达人& 西语向达人机构名单推荐](https://bytedance.larkoffice.com/wiki/TFwbwWxkCikYnKkwCcLcvNgInAd?sheet=dAYICo)\n- 店铺西语达人合作现状查询：[by商家寄样查询🔗](https://bytedance.sg.larkoffice.com/share/base/query/shrlgG0bBmsAQAiD0y2mlAIiWTD?from=navigation)、[by商家西语发文查询🔗](https://bytedance.sg.larkoffice.com/share/base/query/shrlggJThTsTr4kgTxwoFDJNUqh?from=navigation)（有官方流量支持🔥）、[by商家历史西语合作达人🔗](https://bytedance.sg.larkoffice.com/share/base/query/shrlgB8vvoGeyAQVhrQDHs8xQAe)\n\n<hr>\n<font color='yellow'>**3️⃣【🎬商家自制视频】**</font>\n**🎯5月目标：商家自制视频投稿数**<font color='yellow'>**11**</font>**，目标GMV**<font color='yellow'>**1,021**</font>\n**✅5月达成：**\n- **MTD达成，截至**<font color='grey'>***5.6***</font>\n    - 日均投稿<font color='yellow'>4</font>条（📈达成率<font color='yellow'>32%</font>)；日均视频GMV<font color='yellow'>797</font>（📈达成率<font color='yellow'>78%</font>）\n- **本周达成，**<font color='grey'>***4.30-5.6 VS 4.23-4.29***</font>\n    - 日均投稿<font color='yellow'>8</font>条（📈周环比<font color='yellow'>+77%</font>）；日均GMV<font color='yellow'>6</font>（📈周环比<font color='yellow'>-7%</font>)\n**📣建议动作与配套资源：**\n- 查看Q2自制视频商家资源：👉[2026 Q2 TikTok Shop 美国 Global Selling商家自制内容激励概览 [对外]](https://bytedance.larkoffice.com/docx/Pu0ZdoAFKouRsQxlGKCcW2AInnh)\n\n<hr>\n<font color='red'>**4️⃣【其他重点关注】**</font>\n**🏆查看近期的优质爆品、增长品、西语主力品，优质视频：**\n[POP3C家电｜爆品/增长品/爆款视频榜单-04/27更新](https://bytedance.sg.larkoffice.com/sheets/SAjwsn5SRhLK6btlrJplC9ehgCg?sheet=0vdJfM)\n**🔍查看美区3C家电优质机构&达人：**\n[🧭美区3C家电｜优质机构&达人清单-for POP3C only](https://bytedance.larkoffice.com/wiki/MaFKwzArzinUmWkBqVXc6Pqwn9d)\n\n<hr>\n有任何疑问请联系您的AM经理<at id=7308549347699294209></at>\n[按钮](https://bytedance.sg.larkoffice.com/share/base/form/shrlgvSaU0ueQ8l21pyEZRa6xU3?ccm_open_type=im_card_automation_button)\n[按钮](https://bytedance.sg.larkoffice.com/docx/XFoJdTG1qomPIJxxPwTlzngHgEf?ccm_open_type=im_card_automation_button)\n---"}],"source_text_full":"**🚀【ACE好内容】请关注5月店铺投稿情况！祝大卖🔥**\n❤️亲爱的商家【JOOAN Security Camera Store】： <at id=all></at>\n\n**📅旺季来临🔥想要引爆新增量，建议重点关注三个机会点：**\n<font color='green'>【L2+达人】</font><font color='purple'>【西语达人】</font><font color='yellow'>【商家自制视频】</font>\n\n<at id=7308549347699294209></at>提醒您关注店铺的5月投稿相关指标情况👇\n\n<hr>\n1️⃣<font color='green'>**【🧑L2+达人】**</font>\n **🎯5月目标:日均L2+达人投稿**<font color='green'>**3**</font>**条，日均L2+达人视频GMV**<font color='green'>**126**</font> \n **✅5月达成:**\n- **MTD达成，截至**<font color='grey'>***5.6***</font>\n    - 日均投稿<font color='green'>1</font>条（📈达成率<font color='green'>33%</font>）；日均视频GMV<font color='green'>82</font>（📈达成率<font color='green'>65%</font>）\n- **本周达成，**<font color='grey'>***4.30-5.6 VS 4.23-4.29***</font>\n    - 日均投稿<font color='green'>0</font>条  <font color='red'>**(📈周环比**</font><font color='green'>** **</font><font color='red'>**)**</font> ；日均GMV<font color='green'> </font> <font color='red'>**(📈周环比**</font><font color='green'>** **</font><font color='red'>**)**</font>\n- **本周达人寄样，**<font color='grey'>***4.30-5.6 VS 4.23-4.29***</font>**：**\n    - L3+达人日均申样数<font color='green'>0</font>， <font color='red'>**寄样未审核数**</font><font color='green'>**3**</font><font color='red'>**（📈寄样通过率**</font><font color='green'>**0%**</font><font color='red'>**) **</font>\n**📣建议动作与配套资源：**\n- **持续建联：保持每日使用定邀功能，稳定触达达人，持续扩大合作达人规模**\n    - 查看3C家电垂类达人： [💻 US 3C数码-高产达推荐](https://bytedance.larkoffice.com/wiki/SDIrwTjGJief8ZkMPuKcDyuSnid?sheet=ZJukg2)\n    - 定邀工具介绍：[联盟「定向计划」功能介绍](https://bytedance.larkoffice.com/wiki/UoJ5wmIICikjZkksT7PcXY3hnrb)\n- **申样跟进：及时处理L3+达人申样，避免延误导致错失合作机会**\n    - [🔍查询最近7天未处理高GMV达人的申样记录](https://bytedance.us.larkoffice.com/share/base/query/shrusgush9lKvziZvEVofJWJnqe?from=navigation)\n- **履约催促：关注已收样达人履约进度，推动达人发文≥4次，提升内容产出与转化效率**\n    - 话术模版可参考：[达人话术参考](https://bytedance.sg.larkoffice.com/docx/Ea56dioh4oPIhPxPOfwlDFLfgMf)\n- **如果想要寻求更多机构达人合作，请填下方问卷链接，** 平台会协助推品给更多机构和达人，并直接为您拉飞书群沟通\n    - [👉商家点击填写商品推广需求](https://bytedance.sg.larkoffice.com/share/base/form/shrlgvSaU0ueQ8l21pyEZRa6xU3)\n    - [👉查看货盘提报指南](https://bytedance.sg.larkoffice.com/docx/EqJ4dzF2poeRQPxWAVRlKhHigre)\n\n<hr>\n2️⃣<font color='purple'>**【📢西语达人】**</font>\n**🎯5月目标：日均西语达人投稿**<font color='purple'>**0**</font>**条，日均西语达人视频GMV**<font color='purple'>**0**</font>\n**✅5月达成：**\n- **MTD达成，截至**<font color='grey'>***5.6***</font>\n    - 日均投稿<font color='purple'>0</font>条（📈达成率<font color='purple'>84%</font>）；日均视频GMV<font color='purple'>64</font>（📈达成率<font color='purple'>0%</font>）\n- **本周达成，**<font color='grey'>***4.30-5.6 VS 4.23-4.29***</font>\n    - 日均投稿<font color='purple'>1</font>条（📈周环比<font color='purple'>+67%</font>）；日均GMV<font color='purple'>75</font>（📈周环比<font color='purple'>-9%</font>)\n**📣建议动作与配套资源：**\n- 查看西语垂类达人： [西语垂类达人-for POP3C only](https://bytedance.larkoffice.com/wiki/MaFKwzArzinUmWkBqVXc6Pqwn9d)\n- 查看西语达人&机构： [US_【美区西语】🌟 带货达人& 西语向达人机构名单推荐](https://bytedance.larkoffice.com/wiki/TFwbwWxkCikYnKkwCcLcvNgInAd?sheet=dAYICo)\n- 店铺西语达人合作现状查询：[by商家寄样查询🔗](https://bytedance.sg.larkoffice.com/share/base/query/shrlgG0bBmsAQAiD0y2mlAIiWTD?from=navigation)、[by商家西语发文查询🔗](https://bytedance.sg.larkoffice.com/share/base/query/shrlggJThTsTr4kgTxwoFDJNUqh?from=navigation)（有官方流量支持🔥）、[by商家历史西语合作达人🔗](https://bytedance.sg.larkoffice.com/share/base/query/shrlgB8vvoGeyAQVhrQDHs8xQAe)\n\n<hr>\n<font color='yellow'>**3️⃣【🎬商家自制视频】**</font>\n**🎯5月目标：商家自制视频投稿数**<font color='yellow'>**11**</font>**，目标GMV**<font color='yellow'>**1,021**</font>\n**✅5月达成：**\n- **MTD达成，截至**<font color='grey'>***5.6***</font>\n    - 日均投稿<font color='yellow'>4</font>条（📈达成率<font color='yellow'>32%</font>)；日均视频GMV<font color='yellow'>797</font>（📈达成率<font color='yellow'>78%</font>）\n- **本周达成，**<font color='grey'>***4.30-5.6 VS 4.23-4.29***</font>\n    - 日均投稿<font color='yellow'>8</font>条（📈周环比<font color='yellow'>+77%</font>）；日均GMV<font color='yellow'>6</font>（📈周环比<font color='yellow'>-7%</font>)\n**📣建议动作与配套资源：**\n- 查看Q2自制视频商家资源：👉[2026 Q2 TikTok Shop 美国 Global Selling商家自制内容激励概览 [对外]](https://bytedance.larkoffice.com/docx/Pu0ZdoAFKouRsQxlGKCcW2AInnh)\n\n<hr>\n<font color='red'>**4️⃣【其他重点关注】**</font>\n**🏆查看近期的优质爆品、增长品、西语主力品，优质视频：**\n[POP3C家电｜爆品/增长品/爆款视频榜单-04/27更新](https://bytedance.sg.larkoffice.com/sheets/SAjwsn5SRhLK6btlrJplC9ehgCg?sheet=0vdJfM)\n**🔍查看美区3C家电优质机构&达人：**\n[🧭美区3C家电｜优质机构&达人清单-for POP3C only](https://bytedance.larkoffice.com/wiki/MaFKwzArzinUmWkBqVXc6Pqwn9d)\n\n<hr>\n有任何疑问请联系您的AM经理<at id=7308549347699294209></at>\n[按钮](https://bytedance.sg.larkoffice.com/share/base/form/shrlgvSaU0ueQ8l21pyEZRa6xU3?ccm_open_type=im_card_automation_button)\n[按钮](https://bytedance.sg.larkoffice.com/docx/XFoJdTG1qomPIJxxPwTlzngHgEf?ccm_open_type=im_card_automation_button)\n---","missing_fields":["owners","due_time"],"ack_lock":{"status":"pending","tag":"[⚠️待接单/未响应]","evidence":"未在时间窗口内检测到责任人认领（收到/1/OK/表情等）"}}}
{"type":"chat_task","target_id":"mentions_me_global","target_title":"全局@我","chat_id":"","chat_name":"未知群聊","chat_link":"","message_link":"","jump_link":"","message_id":"om_x100b50e23345d0a4e15f580f36b9cb8","task":{"is_task":true,"task_name":"【ACE好内容】","summary":"【ACE好内容】","task_type":"","assigner":"","owners":[],"owner_mapping":[],"owner_resolution_status":"none","due_time":null,"deliverable":null,"source_message_ids":["om_x100b50e23345d0a4e15f580f36b9cb8"],"suggestion_reply":"收到～为了方便大家后续跟进，建议按【动词+交付物/事项+时间节点】补全一下：负责人（可以直接 @ 一下具体同学）、最晚截止时间 / DDL。另外也建议在消息里用【任务名称】格式明确指出待办。谢谢～","evidence":["消息中包含【】锚点，任务名直接继承原话","消息中包含【】锚点，按规则高优判定为任务"],"source_messages_full":[{"message_id":"om_x100b50e23345d0a4e15f580f36b9cb8","sender":"","chat_id":null,"chat_name":"未知群聊","chat_link":null,"message_link":null,"jump_link":null,"create_time":"2026-05-08T12:34:32+08:00","text":"**🚀【ACE好内容】请关注5月店铺投稿情况！祝大卖🔥**\n❤️亲爱的商家【JOOAN Security Camera Store】： <at id=all></at>\n\n**📅旺季来临🔥想要引爆新增量，建议重点关注三个机会点：**\n<font color='green'>【L2+达人】</font><font color='purple'>【西语达人】</font><font color='yellow'>【商家自制视频】</font>\n\n<at id=7308549347699294209></at>提醒您关注店铺的5月投稿相关指标情况👇\n\n<hr>\n1️⃣<font color='green'>**【🧑L2+达人】**</font>\n **🎯5月目标:日均L2+达人投稿**<font color='green'>**3**</font>**条，日均L2+达人视频GMV**<font color='green'>**126**</font> \n **✅5月达成:**\n- **MTD达成，截至**<font color='grey'>***5.6***</font>\n    - 日均投稿<font color='green'>1</font>条（📈达成率<font color='green'>33%</font>）；日均视频GMV<font color='green'>82</font>（📈达成率<font color='green'>65%</font>）\n- **本周达成，**<font color='grey'>***4.30-5.6 VS 4.23-4.29***</font>\n    - 日均投稿<font color='green'>0</font>条  <font color='red'>**(📈周环比**</font><font color='green'>** **</font><font color='red'>**)**</font> ；日均GMV<font color='green'> </font> <font color='red'>**(📈周环比**</font><font color='green'>** **</font><font color='red'>**)**</font>\n- **本周达人寄样，**<font color='grey'>***4.30-5.6 VS 4.23-4.29***</font>**：**\n    - L3+达人日均申样数<font color='green'>0</font>， <font color='red'>**寄样未审核数**</font><font color='green'>**3**</font><font color='red'>**（📈寄样通过率**</font><font color='green'>**0%**</font><font color='red'>**) **</font>\n**📣建议动作与配套资源：**\n- **持续建联：保持每日使用定邀功能，稳定触达达人，持续扩大合作达人规模**\n    - 查看3C家电垂类达人： [💻 US 3C数码-高产达推荐](https://bytedance.larkoffice.com/wiki/SDIrwTjGJief8ZkMPuKcDyuSnid?sheet=ZJukg2)\n    - 定邀工具介绍：[联盟「定向计划」功能介绍](https://bytedance.larkoffice.com/wiki/UoJ5wmIICikjZkksT7PcXY3hnrb)\n- **申样跟进：及时处理L3+达人申样，避免延误导致错失合作机会**\n    - [🔍查询最近7天未处理高GMV达人的申样记录](https://bytedance.us.larkoffice.com/share/base/query/shrusgush9lKvziZvEVofJWJnqe?from=navigation)\n- **履约催促：关注已收样达人履约进度，推动达人发文≥4次，提升内容产出与转化效率**\n    - 话术模版可参考：[达人话术参考](https://bytedance.sg.larkoffice.com/docx/Ea56dioh4oPIhPxPOfwlDFLfgMf)\n- **如果想要寻求更多机构达人合作，请填下方问卷链接，** 平台会协助推品给更多机构和达人，并直接为您拉飞书群沟通\n    - [👉商家点击填写商品推广需求](https://bytedance.sg.larkoffice.com/share/base/form/shrlgvSaU0ueQ8l21pyEZRa6xU3)\n    - [👉查看货盘提报指南](https://bytedance.sg.larkoffice.com/docx/EqJ4dzF2poeRQPxWAVRlKhHigre)\n\n<hr>\n2️⃣<font color='purple'>**【📢西语达人】**</font>\n**🎯5月目标：日均西语达人投稿**<font color='purple'>**0**</font>**条，日均西语达人视频GMV**<font color='purple'>**0**</font>\n**✅5月达成：**\n- **MTD达成，截至**<font color='grey'>***5.6***</font>\n    - 日均投稿<font color='purple'>0</font>条（📈达成率<font color='purple'>84%</font>）；日均视频GMV<font color='purple'>64</font>（📈达成率<font color='purple'>0%</font>）\n- **本周达成，**<font color='grey'>***4.30-5.6 VS 4.23-4.29***</font>\n    - 日均投稿<font color='purple'>1</font>条（📈周环比<font color='purple'>+67%</font>）；日均GMV<font color='purple'>75</font>（📈周环比<font color='purple'>-9%</font>)\n**📣建议动作与配套资源：**\n- 查看西语垂类达人： [西语垂类达人-for POP3C only](https://bytedance.larkoffice.com/wiki/MaFKwzArzinUmWkBqVXc6Pqwn9d)\n- 查看西语达人&机构： [US_【美区西语】🌟 带货达人& 西语向达人机构名单推荐](https://bytedance.larkoffice.com/wiki/TFwbwWxkCikYnKkwCcLcvNgInAd?sheet=dAYICo)\n- 店铺西语达人合作现状查询：[by商家寄样查询🔗](https://bytedance.sg.larkoffice.com/share/base/query/shrlgG0bBmsAQAiD0y2mlAIiWTD?from=navigation)、[by商家西语发文查询🔗](https://bytedance.sg.larkoffice.com/share/base/query/shrlggJThTsTr4kgTxwoFDJNUqh?from=navigation)（有官方流量支持🔥）、[by商家历史西语合作达人🔗](https://bytedance.sg.larkoffice.com/share/base/query/shrlgB8vvoGeyAQVhrQDHs8xQAe)\n\n<hr>\n<font color='yellow'>**3️⃣【🎬商家自制视频】**</font>\n**🎯5月目标：商家自制视频投稿数**<font color='yellow'>**11**</font>**，目标GMV**<font color='yellow'>**1,021**</font>\n**✅5月达成：**\n- **MTD达成，截至**<font color='grey'>***5.6***</font>\n    - 日均投稿<font color='yellow'>4</font>条（📈达成率<font color='yellow'>32%</font>)；日均视频GMV<font color='yellow'>797</font>（📈达成率<font color='yellow'>78%</font>）\n- **本周达成，**<font color='grey'>***4.30-5.6 VS 4.23-4.29***</font>\n    - 日均投稿<font color='yellow'>8</font>条（📈周环比<font color='yellow'>+77%</font>）；日均GMV<font color='yellow'>6</font>（📈周环比<font color='yellow'>-7%</font>)\n**📣建议动作与配套资源：**\n- 查看Q2自制视频商家资源：👉[2026 Q2 TikTok Shop 美国 Global Selling商家自制内容激励概览 [对外]](https://bytedance.larkoffice.com/docx/Pu0ZdoAFKouRsQxlGKCcW2AInnh)\n\n<hr>\n<font color='red'>**4️⃣【其他重点关注】**</font>\n**🏆查看近期的优质爆品、增长品、西语主力品，优质视频：**\n[POP3C家电｜爆品/增长品/爆款视频榜单-04/27更新](https://bytedance.sg.larkoffice.com/sheets/SAjwsn5SRhLK6btlrJplC9ehgCg?sheet=0vdJfM)\n**🔍查看美区3C家电优质机构&达人：**\n[🧭美区3C家电｜优质机构&达人清单-for POP3C only](https://bytedance.larkoffice.com/wiki/MaFKwzArzinUmWkBqVXc6Pqwn9d)\n\n<hr>\n有任何疑问请联系您的AM经理<at id=7308549347699294209></at>\n[按钮](https://bytedance.sg.larkoffice.com/share/base/form/shrlgvSaU0ueQ8l21pyEZRa6xU3?ccm_open_type=im_card_automation_button)\n[按钮](https://bytedance.sg.larkoffice.com/docx/XFoJdTG1qomPIJxxPwTlzngHgEf?ccm_open_type=im_card_automation_button)\n---"}],"source_text_full":"**🚀【ACE好内容】请关注5月店铺投稿情况！祝大卖🔥**\n❤️亲爱的商家【JOOAN Security Camera Store】： <at id=all></at>\n\n**📅旺季来临🔥想要引爆新增量，建议重点关注三个机会点：**\n<font color='green'>【L2+达人】</font><font color='purple'>【西语达人】</font><font color='yellow'>【商家自制视频】</font>\n\n<at id=7308549347699294209></at>提醒您关注店铺的5月投稿相关指标情况👇\n\n<hr>\n1️⃣<font color='green'>**【🧑L2+达人】**</font>\n **🎯5月目标:日均L2+达人投稿**<font color='green'>**3**</font>**条，日均L2+达人视频GMV**<font color='green'>**126**</font> \n **✅5月达成:**\n- **MTD达成，截至**<font color='grey'>***5.6***</font>\n    - 日均投稿<font color='green'>1</font>条（📈达成率<font color='green'>33%</font>）；日均视频GMV<font color='green'>82</font>（📈达成率<font color='green'>65%</font>）\n- **本周达成，**<font color='grey'>***4.30-5.6 VS 4.23-4.29***</font>\n    - 日均投稿<font color='green'>0</font>条  <font color='red'>**(📈周环比**</font><font color='green'>** **</font><font color='red'>**)**</font> ；日均GMV<font color='green'> </font> <font color='red'>**(📈周环比**</font><font color='green'>** **</font><font color='red'>**)**</font>\n- **本周达人寄样，**<font color='grey'>***4.30-5.6 VS 4.23-4.29***</font>**：**\n    - L3+达人日均申样数<font color='green'>0</font>， <font color='red'>**寄样未审核数**</font><font color='green'>**3**</font><font color='red'>**（📈寄样通过率**</font><font color='green'>**0%**</font><font color='red'>**) **</font>\n**📣建议动作与配套资源：**\n- **持续建联：保持每日使用定邀功能，稳定触达达人，持续扩大合作达人规模**\n    - 查看3C家电垂类达人： [💻 US 3C数码-高产达推荐](https://bytedance.larkoffice.com/wiki/SDIrwTjGJief8ZkMPuKcDyuSnid?sheet=ZJukg2)\n    - 定邀工具介绍：[联盟「定向计划」功能介绍](https://bytedance.larkoffice.com/wiki/UoJ5wmIICikjZkksT7PcXY3hnrb)\n- **申样跟进：及时处理L3+达人申样，避免延误导致错失合作机会**\n    - [🔍查询最近7天未处理高GMV达人的申样记录](https://bytedance.us.larkoffice.com/share/base/query/shrusgush9lKvziZvEVofJWJnqe?from=navigation)\n- **履约催促：关注已收样达人履约进度，推动达人发文≥4次，提升内容产出与转化效率**\n    - 话术模版可参考：[达人话术参考](https://bytedance.sg.larkoffice.com/docx/Ea56dioh4oPIhPxPOfwlDFLfgMf)\n- **如果想要寻求更多机构达人合作，请填下方问卷链接，** 平台会协助推品给更多机构和达人，并直接为您拉飞书群沟通\n    - [👉商家点击填写商品推广需求](https://bytedance.sg.larkoffice.com/share/base/form/shrlgvSaU0ueQ8l21pyEZRa6xU3)\n    - [👉查看货盘提报指南](https://bytedance.sg.larkoffice.com/docx/EqJ4dzF2poeRQPxWAVRlKhHigre)\n\n<hr>\n2️⃣<font color='purple'>**【📢西语达人】**</font>\n**🎯5月目标：日均西语达人投稿**<font color='purple'>**0**</font>**条，日均西语达人视频GMV**<font color='purple'>**0**</font>\n**✅5月达成：**\n- **MTD达成，截至**<font color='grey'>***5.6***</font>\n    - 日均投稿<font color='purple'>0</font>条（📈达成率<font color='purple'>84%</font>）；日均视频GMV<font color='purple'>64</font>（📈达成率<font color='purple'>0%</font>）\n- **本周达成，**<font color='grey'>***4.30-5.6 VS 4.23-4.29***</font>\n    - 日均投稿<font color='purple'>1</font>条（📈周环比<font color='purple'>+67%</font>）；日均GMV<font color='purple'>75</font>（📈周环比<font color='purple'>-9%</font>)\n**📣建议动作与配套资源：**\n- 查看西语垂类达人： [西语垂类达人-for POP3C only](https://bytedance.larkoffice.com/wiki/MaFKwzArzinUmWkBqVXc6Pqwn9d)\n- 查看西语达人&机构： [US_【美区西语】🌟 带货达人& 西语向达人机构名单推荐](https://bytedance.larkoffice.com/wiki/TFwbwWxkCikYnKkwCcLcvNgInAd?sheet=dAYICo)\n- 店铺西语达人合作现状查询：[by商家寄样查询🔗](https://bytedance.sg.larkoffice.com/share/base/query/shrlgG0bBmsAQAiD0y2mlAIiWTD?from=navigation)、[by商家西语发文查询🔗](https://bytedance.sg.larkoffice.com/share/base/query/shrlggJThTsTr4kgTxwoFDJNUqh?from=navigation)（有官方流量支持🔥）、[by商家历史西语合作达人🔗](https://bytedance.sg.larkoffice.com/share/base/query/shrlgB8vvoGeyAQVhrQDHs8xQAe)\n\n<hr>\n<font color='yellow'>**3️⃣【🎬商家自制视频】**</font>\n**🎯5月目标：商家自制视频投稿数**<font color='yellow'>**11**</font>**，目标GMV**<font color='yellow'>**1,021**</font>\n**✅5月达成：**\n- **MTD达成，截至**<font color='grey'>***5.6***</font>\n    - 日均投稿<font color='yellow'>4</font>条（📈达成率<font color='yellow'>32%</font>)；日均视频GMV<font color='yellow'>797</font>（📈达成率<font color='yellow'>78%</font>）\n- **本周达成，**<font color='grey'>***4.30-5.6 VS 4.23-4.29***</font>\n    - 日均投稿<font color='yellow'>8</font>条（📈周环比<font color='yellow'>+77%</font>）；日均GMV<font color='yellow'>6</font>（📈周环比<font color='yellow'>-7%</font>)\n**📣建议动作与配套资源：**\n- 查看Q2自制视频商家资源：👉[2026 Q2 TikTok Shop 美国 Global Selling商家自制内容激励概览 [对外]](https://bytedance.larkoffice.com/docx/Pu0ZdoAFKouRsQxlGKCcW2AInnh)\n\n<hr>\n<font color='red'>**4️⃣【其他重点关注】**</font>\n**🏆查看近期的优质爆品、增长品、西语主力品，优质视频：**\n[POP3C家电｜爆品/增长品/爆款视频榜单-04/27更新](https://bytedance.sg.larkoffice.com/sheets/SAjwsn5SRhLK6btlrJplC9ehgCg?sheet=0vdJfM)\n**🔍查看美区3C家电优质机构&达人：**\n[🧭美区3C家电｜优质机构&达人清单-for POP3C only](https://bytedance.larkoffice.com/wiki/MaFKwzArzinUmWkBqVXc6Pqwn9d)\n\n<hr>\n有任何疑问请联系您的AM经理<at id=7308549347699294209></at>\n[按钮](https://bytedance.sg.larkoffice.com/share/base/form/shrlgvSaU0ueQ8l21pyEZRa6xU3?ccm_open_type=im_card_automation_button)\n[按钮](https://bytedance.sg.larkoffice.com/docx/XFoJdTG1qomPIJxxPwTlzngHgEf?ccm_open_type=im_card_automation_button)\n---","missing_fields":["owners","due_time"],"ack_lock":{"status":"pending","tag":"[⚠️待接单/未响应]","evidence":"未在时间窗口内检测到责任人认领（收到/1/OK/表情等）"}}}
{"type":"chat_task","target_id":"mentions_me_global","target_title":"全局@我","chat_id":"","chat_name":"未知群聊","chat_link":"","message_link":"","jump_link":"","message_id":"om_x100b50e23345d0a4e15f580f36b9cb8","task":{"is_task":true,"task_name":"【ACE好内容】","summary":"【ACE好内容】","task_type":"","assigner":"","owners":[],"owner_mapping":[],"owner_resolution_status":"none","due_time":null,"deliverable":null,"source_message_ids":["om_x100b50e23345d0a4e15f580f36b9cb8"],"suggestion_reply":"收到～为了方便大家后续跟进，建议按【动词+交付物/事项+时间节点】补全一下：负责人（可以直接 @ 一下具体同学）、最晚截止时间 / DDL。另外也建议在消息里用【任务名称】格式明确指出待办。谢谢～","evidence":["消息中包含【】锚点，任务名直接继承原话","消息中包含【】锚点，按规则高优判定为任务"],"source_messages_full":[{"message_id":"om_x100b50e23345d0a4e15f580f36b9cb8","sender":"","chat_id":null,"chat_name":"未知群聊","chat_link":null,"message_link":null,"jump_link":null,"create_time":"2026-05-08T12:34:32+08:00","text":"**🚀【ACE好内容】请关注5月店铺投稿情况！祝大卖🔥**\n❤️亲爱的商家【JOOAN Security Camera Store】： <at id=all></at>\n\n**📅旺季来临🔥想要引爆新增量，建议重点关注三个机会点：**\n<font color='green'>【L2+达人】</font><font color='purple'>【西语达人】</font><font color='yellow'>【商家自制视频】</font>\n\n<at id=7308549347699294209></at>提醒您关注店铺的5月投稿相关指标情况👇\n\n<hr>\n1️⃣<font color='green'>**【🧑L2+达人】**</font>\n **🎯5月目标:日均L2+达人投稿**<font color='green'>**3**</font>**条，日均L2+达人视频GMV**<font color='green'>**126**</font> \n **✅5月达成:**\n- **MTD达成，截至**<font color='grey'>***5.6***</font>\n    - 日均投稿<font color='green'>1</font>条（📈达成率<font color='green'>33%</font>）；日均视频GMV<font color='green'>82</font>（📈达成率<font color='green'>65%</font>）\n- **本周达成，**<font color='grey'>***4.30-5.6 VS 4.23-4.29***</font>\n    - 日均投稿<font color='green'>0</font>条  <font color='red'>**(📈周环比**</font><font color='green'>** **</font><font color='red'>**)**</font> ；日均GMV<font color='green'> </font> <font color='red'>**(📈周环比**</font><font color='green'>** **</font><font color='red'>**)**</font>\n- **本周达人寄样，**<font color='grey'>***4.30-5.6 VS 4.23-4.29***</font>**：**\n    - L3+达人日均申样数<font color='green'>0</font>， <font color='red'>**寄样未审核数**</font><font color='green'>**3**</font><font color='red'>**（📈寄样通过率**</font><font color='green'>**0%**</font><font color='red'>**) **</font>\n**📣建议动作与配套资源：**\n- **持续建联：保持每日使用定邀功能，稳定触达达人，持续扩大合作达人规模**\n    - 查看3C家电垂类达人： [💻 US 3C数码-高产达推荐](https://bytedance.larkoffice.com/wiki/SDIrwTjGJief8ZkMPuKcDyuSnid?sheet=ZJukg2)\n    - 定邀工具介绍：[联盟「定向计划」功能介绍](https://bytedance.larkoffice.com/wiki/UoJ5wmIICikjZkksT7PcXY3hnrb)\n- **申样跟进：及时处理L3+达人申样，避免延误导致错失合作机会**\n    - [🔍查询最近7天未处理高GMV达人的申样记录](https://bytedance.us.larkoffice.com/share/base/query/shrusgush9lKvziZvEVofJWJnqe?from=navigation)\n- **履约催促：关注已收样达人履约进度，推动达人发文≥4次，提升内容产出与转化效率**\n    - 话术模版可参考：[达人话术参考](https://bytedance.sg.larkoffice.com/docx/Ea56dioh4oPIhPxPOfwlDFLfgMf)\n- **如果想要寻求更多机构达人合作，请填下方问卷链接，** 平台会协助推品给更多机构和达人，并直接为您拉飞书群沟通\n    - [👉商家点击填写商品推广需求](https://bytedance.sg.larkoffice.com/share/base/form/shrlgvSaU0ueQ8l21pyEZRa6xU3)\n    - [👉查看货盘提报指南](https://bytedance.sg.larkoffice.com/docx/EqJ4dzF2poeRQPxWAVRlKhHigre)\n\n<hr>\n2️⃣<font color='purple'>**【📢西语达人】**</font>\n**🎯5月目标：日均西语达人投稿**<font color='purple'>**0**</font>**条，日均西语达人视频GMV**<font color='purple'>**0**</font>\n**✅5月达成：**\n- **MTD达成，截至**<font color='grey'>***5.6***</font>\n    - 日均投稿<font color='purple'>0</font>条（📈达成率<font color='purple'>84%</font>）；日均视频GMV<font color='purple'>64</font>（📈达成率<font color='purple'>0%</font>）\n- **本周达成，**<font color='grey'>***4.30-5.6 VS 4.23-4.29***</font>\n    - 日均投稿<font color='purple'>1</font>条（📈周环比<font color='purple'>+67%</font>）；日均GMV<font color='purple'>75</font>（📈周环比<font color='purple'>-9%</font>)\n**📣建议动作与配套资源：**\n- 查看西语垂类达人： [西语垂类达人-for POP3C only](https://bytedance.larkoffice.com/wiki/MaFKwzArzinUmWkBqVXc6Pqwn9d)\n- 查看西语达人&机构： [US_【美区西语】🌟 带货达人& 西语向达人机构名单推荐](https://bytedance.larkoffice.com/wiki/TFwbwWxkCikYnKkwCcLcvNgInAd?sheet=dAYICo)\n- 店铺西语达人合作现状查询：[by商家寄样查询🔗](https://bytedance.sg.larkoffice.com/share/base/query/shrlgG0bBmsAQAiD0y2mlAIiWTD?from=navigation)、[by商家西语发文查询🔗](https://bytedance.sg.larkoffice.com/share/base/query/shrlggJThTsTr4kgTxwoFDJNUqh?from=navigation)（有官方流量支持🔥）、[by商家历史西语合作达人🔗](https://bytedance.sg.larkoffice.com/share/base/query/shrlgB8vvoGeyAQVhrQDHs8xQAe)\n\n<hr>\n<font color='yellow'>**3️⃣【🎬商家自制视频】**</font>\n**🎯5月目标：商家自制视频投稿数**<font color='yellow'>**11**</font>**，目标GMV**<font color='yellow'>**1,021**</font>\n**✅5月达成：**\n- **MTD达成，截至**<font color='grey'>***5.6***</font>\n    - 日均投稿<font color='yellow'>4</font>条（📈达成率<font color='yellow'>32%</font>)；日均视频GMV<font color='yellow'>797</font>（📈达成率<font color='yellow'>78%</font>）\n- **本周达成，**<font color='grey'>***4.30-5.6 VS 4.23-4.29***</font>\n    - 日均投稿<font color='yellow'>8</font>条（📈周环比<font color='yellow'>+77%</font>）；日均GMV<font color='yellow'>6</font>（📈周环比<font color='yellow'>-7%</font>)\n**📣建议动作与配套资源：**\n- 查看Q2自制视频商家资源：👉[2026 Q2 TikTok Shop 美国 Global Selling商家自制内容激励概览 [对外]](https://bytedance.larkoffice.com/docx/Pu0ZdoAFKouRsQxlGKCcW2AInnh)\n\n<hr>\n<font color='red'>**4️⃣【其他重点关注】**</font>\n**🏆查看近期的优质爆品、增长品、西语主力品，优质视频：**\n[POP3C家电｜爆品/增长品/爆款视频榜单-04/27更新](https://bytedance.sg.larkoffice.com/sheets/SAjwsn5SRhLK6btlrJplC9ehgCg?sheet=0vdJfM)\n**🔍查看美区3C家电优质机构&达人：**\n[🧭美区3C家电｜优质机构&达人清单-for POP3C only](https://bytedance.larkoffice.com/wiki/MaFKwzArzinUmWkBqVXc6Pqwn9d)\n\n<hr>\n有任何疑问请联系您的AM经理<at id=7308549347699294209></at>\n[按钮](https://bytedance.sg.larkoffice.com/share/base/form/shrlgvSaU0ueQ8l21pyEZRa6xU3?ccm_open_type=im_card_automation_button)\n[按钮](https://bytedance.sg.larkoffice.com/docx/XFoJdTG1qomPIJxxPwTlzngHgEf?ccm_open_type=im_card_automation_button)\n---"}],"source_text_full":"**🚀【ACE好内容】请关注5月店铺投稿情况！祝大卖🔥**\n❤️亲爱的商家【JOOAN Security Camera Store】： <at id=all></at>\n\n**📅旺季来临🔥想要引爆新增量，建议重点关注三个机会点：**\n<font color='green'>【L2+达人】</font><font color='purple'>【西语达人】</font><font color='yellow'>【商家自制视频】</font>\n\n<at id=7308549347699294209></at>提醒您关注店铺的5月投稿相关指标情况👇\n\n<hr>\n1️⃣<font color='green'>**【🧑L2+达人】**</font>\n **🎯5月目标:日均L2+达人投稿**<font color='green'>**3**</font>**条，日均L2+达人视频GMV**<font color='green'>**126**</font> \n **✅5月达成:**\n- **MTD达成，截至**<font color='grey'>***5.6***</font>\n    - 日均投稿<font color='green'>1</font>条（📈达成率<font color='green'>33%</font>）；日均视频GMV<font color='green'>82</font>（📈达成率<font color='green'>65%</font>）\n- **本周达成，**<font color='grey'>***4.30-5.6 VS 4.23-4.29***</font>\n    - 日均投稿<font color='green'>0</font>条  <font color='red'>**(📈周环比**</font><font color='green'>** **</font><font color='red'>**)**</font> ；日均GMV<font color='green'> </font> <font color='red'>**(📈周环比**</font><font color='green'>** **</font><font color='red'>**)**</font>\n- **本周达人寄样，**<font color='grey'>***4.30-5.6 VS 4.23-4.29***</font>**：**\n    - L3+达人日均申样数<font color='green'>0</font>， <font color='red'>**寄样未审核数**</font><font color='green'>**3**</font><font color='red'>**（📈寄样通过率**</font><font color='green'>**0%**</font><font color='red'>**) **</font>\n**📣建议动作与配套资源：**\n- **持续建联：保持每日使用定邀功能，稳定触达达人，持续扩大合作达人规模**\n    - 查看3C家电垂类达人： [💻 US 3C数码-高产达推荐](https://bytedance.larkoffice.com/wiki/SDIrwTjGJief8ZkMPuKcDyuSnid?sheet=ZJukg2)\n    - 定邀工具介绍：[联盟「定向计划」功能介绍](https://bytedance.larkoffice.com/wiki/UoJ5wmIICikjZkksT7PcXY3hnrb)\n- **申样跟进：及时处理L3+达人申样，避免延误导致错失合作机会**\n    - [🔍查询最近7天未处理高GMV达人的申样记录](https://bytedance.us.larkoffice.com/share/base/query/shrusgush9lKvziZvEVofJWJnqe?from=navigation)\n- **履约催促：关注已收样达人履约进度，推动达人发文≥4次，提升内容产出与转化效率**\n    - 话术模版可参考：[达人话术参考](https://bytedance.sg.larkoffice.com/docx/Ea56dioh4oPIhPxPOfwlDFLfgMf)\n- **如果想要寻求更多机构达人合作，请填下方问卷链接，** 平台会协助推品给更多机构和达人，并直接为您拉飞书群沟通\n    - [👉商家点击填写商品推广需求](https://bytedance.sg.larkoffice.com/share/base/form/shrlgvSaU0ueQ8l21pyEZRa6xU3)\n    - [👉查看货盘提报指南](https://bytedance.sg.larkoffice.com/docx/EqJ4dzF2poeRQPxWAVRlKhHigre)\n\n<hr>\n2️⃣<font color='purple'>**【📢西语达人】**</font>\n**🎯5月目标：日均西语达人投稿**<font color='purple'>**0**</font>**条，日均西语达人视频GMV**<font color='purple'>**0**</font>\n**✅5月达成：**\n- **MTD达成，截至**<font color='grey'>***5.6***</font>\n    - 日均投稿<font color='purple'>0</font>条（📈达成率<font color='purple'>84%</font>）；日均视频GMV<font color='purple'>64</font>（📈达成率<font color='purple'>0%</font>）\n- **本周达成，**<font color='grey'>***4.30-5.6 VS 4.23-4.29***</font>\n    - 日均投稿<font color='purple'>1</font>条（📈周环比<font color='purple'>+67%</font>）；日均GMV<font color='purple'>75</font>（📈周环比<font color='purple'>-9%</font>)\n**📣建议动作与配套资源：**\n- 查看西语垂类达人： [西语垂类达人-for POP3C only](https://bytedance.larkoffice.com/wiki/MaFKwzArzinUmWkBqVXc6Pqwn9d)\n- 查看西语达人&机构： [US_【美区西语】🌟 带货达人& 西语向达人机构名单推荐](https://bytedance.larkoffice.com/wiki/TFwbwWxkCikYnKkwCcLcvNgInAd?sheet=dAYICo)\n- 店铺西语达人合作现状查询：[by商家寄样查询🔗](https://bytedance.sg.larkoffice.com/share/base/query/shrlgG0bBmsAQAiD0y2mlAIiWTD?from=navigation)、[by商家西语发文查询🔗](https://bytedance.sg.larkoffice.com/share/base/query/shrlggJThTsTr4kgTxwoFDJNUqh?from=navigation)（有官方流量支持🔥）、[by商家历史西语合作达人🔗](https://bytedance.sg.larkoffice.com/share/base/query/shrlgB8vvoGeyAQVhrQDHs8xQAe)\n\n<hr>\n<font color='yellow'>**3️⃣【🎬商家自制视频】**</font>\n**🎯5月目标：商家自制视频投稿数**<font color='yellow'>**11**</font>**，目标GMV**<font color='yellow'>**1,021**</font>\n**✅5月达成：**\n- **MTD达成，截至**<font color='grey'>***5.6***</font>\n    - 日均投稿<font color='yellow'>4</font>条（📈达成率<font color='yellow'>32%</font>)；日均视频GMV<font color='yellow'>797</font>（📈达成率<font color='yellow'>78%</font>）\n- **本周达成，**<font color='grey'>***4.30-5.6 VS 4.23-4.29***</font>\n    - 日均投稿<font color='yellow'>8</font>条（📈周环比<font color='yellow'>+77%</font>）；日均GMV<font color='yellow'>6</font>（📈周环比<font color='yellow'>-7%</font>)\n**📣建议动作与配套资源：**\n- 查看Q2自制视频商家资源：👉[2026 Q2 TikTok Shop 美国 Global Selling商家自制内容激励概览 [对外]](https://bytedance.larkoffice.com/docx/Pu0ZdoAFKouRsQxlGKCcW2AInnh)\n\n<hr>\n<font color='red'>**4️⃣【其他重点关注】**</font>\n**🏆查看近期的优质爆品、增长品、西语主力品，优质视频：**\n[POP3C家电｜爆品/增长品/爆款视频榜单-04/27更新](https://bytedance.sg.larkoffice.com/sheets/SAjwsn5SRhLK6btlrJplC9ehgCg?sheet=0vdJfM)\n**🔍查看美区3C家电优质机构&达人：**\n[🧭美区3C家电｜优质机构&达人清单-for POP3C only](https://bytedance.larkoffice.com/wiki/MaFKwzArzinUmWkBqVXc6Pqwn9d)\n\n<hr>\n有任何疑问请联系您的AM经理<at id=7308549347699294209></at>\n[按钮](https://bytedance.sg.larkoffice.com/share/base/form/shrlgvSaU0ueQ8l21pyEZRa6xU3?ccm_open_type=im_card_automation_button)\n[按钮](https://bytedance.sg.larkoffice.com/docx/XFoJdTG1qomPIJxxPwTlzngHgEf?ccm_open_type=im_card_automation_button)\n---","missing_fields":["owners","due_time"],"ack_lock":{"status":"pending","tag":"[⚠️待接单/未响应]","evidence":"未在时间窗口内检测到责任人认领（收到/1/OK/表情等）"}}}
{"type":"chat_task","target_id":"mentions_me_global","target_title":"全局@我","chat_id":"","chat_name":"未知群聊","chat_link":"","message_link":"","jump_link":"","message_id":"om_x100b50e23345d0a4e15f580f36b9cb8","task":{"is_task":true,"task_name":"【ACE好内容】","summary":"【ACE好内容】","task_type":"","assigner":"","owners":[],"owner_mapping":[],"owner_resolution_status":"none","due_time":null,"deliverable":null,"source_message_ids":["om_x100b50e23345d0a4e15f580f36b9cb8"],"suggestion_reply":"收到～为了方便大家后续跟进，建议按【动词+交付物/事项+时间节点】补全一下：负责人（可以直接 @ 一下具体同学）、最晚截止时间 / DDL。另外也建议在消息里用【任务名称】格式明确指出待办。谢谢～","evidence":["消息中包含【】锚点，任务名直接继承原话","消息中包含【】锚点，按规则高优判定为任务"],"source_messages_full":[{"message_id":"om_x100b50e23345d0a4e15f580f36b9cb8","sender":"","chat_id":null,"chat_name":"未知群聊","chat_link":null,"message_link":null,"jump_link":null,"create_time":"2026-05-08T12:34:32+08:00","text":"**🚀【ACE好内容】请关注5月店铺投稿情况！祝大卖🔥**\n❤️亲爱的商家【JOOAN Security Camera Store】： <at id=all></at>\n\n**📅旺季来临🔥想要引爆新增量，建议重点关注三个机会点：**\n<font color='green'>【L2+达人】</font><font color='purple'>【西语达人】</font><font color='yellow'>【商家自制视频】</font>\n\n<at id=7308549347699294209></at>提醒您关注店铺的5月投稿相关指标情况👇\n\n<hr>\n1️⃣<font color='green'>**【🧑L2+达人】**</font>\n **🎯5月目标:日均L2+达人投稿**<font color='green'>**3**</font>**条，日均L2+达人视频GMV**<font color='green'>**126**</font> \n **✅5月达成:**\n- **MTD达成，截至**<font color='grey'>***5.6***</font>\n    - 日均投稿<font color='green'>1</font>条（📈达成率<font color='green'>33%</font>）；日均视频GMV<font color='green'>82</font>（📈达成率<font color='green'>65%</font>）\n- **本周达成，**<font color='grey'>***4.30-5.6 VS 4.23-4.29***</font>\n    - 日均投稿<font color='green'>0</font>条  <font color='red'>**(📈周环比**</font><font color='green'>** **</font><font color='red'>**)**</font> ；日均GMV<font color='green'> </font> <font color='red'>**(📈周环比**</font><font color='green'>** **</font><font color='red'>**)**</font>\n- **本周达人寄样，**<font color='grey'>***4.30-5.6 VS 4.23-4.29***</font>**：**\n    - L3+达人日均申样数<font color='green'>0</font>， <font color='red'>**寄样未审核数**</font><font color='green'>**3**</font><font color='red'>**（📈寄样通过率**</font><font color='green'>**0%**</font><font color='red'>**) **</font>\n**📣建议动作与配套资源：**\n- **持续建联：保持每日使用定邀功能，稳定触达达人，持续扩大合作达人规模**\n    - 查看3C家电垂类达人： [💻 US 3C数码-高产达推荐](https://bytedance.larkoffice.com/wiki/SDIrwTjGJief8ZkMPuKcDyuSnid?sheet=ZJukg2)\n    - 定邀工具介绍：[联盟「定向计划」功能介绍](https://bytedance.larkoffice.com/wiki/UoJ5wmIICikjZkksT7PcXY3hnrb)\n- **申样跟进：及时处理L3+达人申样，避免延误导致错失合作机会**\n    - [🔍查询最近7天未处理高GMV达人的申样记录](https://bytedance.us.larkoffice.com/share/base/query/shrusgush9lKvziZvEVofJWJnqe?from=navigation)\n- **履约催促：关注已收样达人履约进度，推动达人发文≥4次，提升内容产出与转化效率**\n    - 话术模版可参考：[达人话术参考](https://bytedance.sg.larkoffice.com/docx/Ea56dioh4oPIhPxPOfwlDFLfgMf)\n- **如果想要寻求更多机构达人合作，请填下方问卷链接，** 平台会协助推品给更多机构和达人，并直接为您拉飞书群沟通\n    - [👉商家点击填写商品推广需求](https://bytedance.sg.larkoffice.com/share/base/form/shrlgvSaU0ueQ8l21pyEZRa6xU3)\n    - [👉查看货盘提报指南](https://bytedance.sg.larkoffice.com/docx/EqJ4dzF2poeRQPxWAVRlKhHigre)\n\n<hr>\n2️⃣<font color='purple'>**【📢西语达人】**</font>\n**🎯5月目标：日均西语达人投稿**<font color='purple'>**0**</font>**条，日均西语达人视频GMV**<font color='purple'>**0**</font>\n**✅5月达成：**\n- **MTD达成，截至**<font color='grey'>***5.6***</font>\n    - 日均投稿<font color='purple'>0</font>条（📈达成率<font color='purple'>84%</font>）；日均视频GMV<font color='purple'>64</font>（📈达成率<font color='purple'>0%</font>）\n- **本周达成，**<font color='grey'>***4.30-5.6 VS 4.23-4.29***</font>\n    - 日均投稿<font color='purple'>1</font>条（📈周环比<font color='purple'>+67%</font>）；日均GMV<font color='purple'>75</font>（📈周环比<font color='purple'>-9%</font>)\n**📣建议动作与配套资源：**\n- 查看西语垂类达人： [西语垂类达人-for POP3C only](https://bytedance.larkoffice.com/wiki/MaFKwzArzinUmWkBqVXc6Pqwn9d)\n- 查看西语达人&机构： [US_【美区西语】🌟 带货达人& 西语向达人机构名单推荐](https://bytedance.larkoffice.com/wiki/TFwbwWxkCikYnKkwCcLcvNgInAd?sheet=dAYICo)\n- 店铺西语达人合作现状查询：[by商家寄样查询🔗](https://bytedance.sg.larkoffice.com/share/base/query/shrlgG0bBmsAQAiD0y2mlAIiWTD?from=navigation)、[by商家西语发文查询🔗](https://bytedance.sg.larkoffice.com/share/base/query/shrlggJThTsTr4kgTxwoFDJNUqh?from=navigation)（有官方流量支持🔥）、[by商家历史西语合作达人🔗](https://bytedance.sg.larkoffice.com/share/base/query/shrlgB8vvoGeyAQVhrQDHs8xQAe)\n\n<hr>\n<font color='yellow'>**3️⃣【🎬商家自制视频】**</font>\n**🎯5月目标：商家自制视频投稿数**<font color='yellow'>**11**</font>**，目标GMV**<font color='yellow'>**1,021**</font>\n**✅5月达成：**\n- **MTD达成，截至**<font color='grey'>***5.6***</font>\n    - 日均投稿<font color='yellow'>4</font>条（📈达成率<font color='yellow'>32%</font>)；日均视频GMV<font color='yellow'>797</font>（📈达成率<font color='yellow'>78%</font>）\n- **本周达成，**<font color='grey'>***4.30-5.6 VS 4.23-4.29***</font>\n    - 日均投稿<font color='yellow'>8</font>条（📈周环比<font color='yellow'>+77%</font>）；日均GMV<font color='yellow'>6</font>（📈周环比<font color='yellow'>-7%</font>)\n**📣建议动作与配套资源：**\n- 查看Q2自制视频商家资源：👉[2026 Q2 TikTok Shop 美国 Global Selling商家自制内容激励概览 [对外]](https://bytedance.larkoffice.com/docx/Pu0ZdoAFKouRsQxlGKCcW2AInnh)\n\n<hr>\n<font color='red'>**4️⃣【其他重点关注】**</font>\n**🏆查看近期的优质爆品、增长品、西语主力品，优质视频：**\n[POP3C家电｜爆品/增长品/爆款视频榜单-04/27更新](https://bytedance.sg.larkoffice.com/sheets/SAjwsn5SRhLK6btlrJplC9ehgCg?sheet=0vdJfM)\n**🔍查看美区3C家电优质机构&达人：**\n[🧭美区3C家电｜优质机构&达人清单-for POP3C only](https://bytedance.larkoffice.com/wiki/MaFKwzArzinUmWkBqVXc6Pqwn9d)\n\n<hr>\n有任何疑问请联系您的AM经理<at id=7308549347699294209></at>\n[按钮](https://bytedance.sg.larkoffice.com/share/base/form/shrlgvSaU0ueQ8l21pyEZRa6xU3?ccm_open_type=im_card_automation_button)\n[按钮](https://bytedance.sg.larkoffice.com/docx/XFoJdTG1qomPIJxxPwTlzngHgEf?ccm_open_type=im_card_automation_button)\n---"}],"source_text_full":"**🚀【ACE好内容】请关注5月店铺投稿情况！祝大卖🔥**\n❤️亲爱的商家【JOOAN Security Camera Store】： <at id=all></at>\n\n**📅旺季来临🔥想要引爆新增量，建议重点关注三个机会点：**\n<font color='green'>【L2+达人】</font><font color='purple'>【西语达人】</font><font color='yellow'>【商家自制视频】</font>\n\n<at id=7308549347699294209></at>提醒您关注店铺的5月投稿相关指标情况👇\n\n<hr>\n1️⃣<font color='green'>**【🧑L2+达人】**</font>\n **🎯5月目标:日均L2+达人投稿**<font color='green'>**3**</font>**条，日均L2+达人视频GMV**<font color='green'>**126**</font> \n **✅5月达成:**\n- **MTD达成，截至**<font color='grey'>***5.6***</font>\n    - 日均投稿<font color='green'>1</font>条（📈达成率<font color='green'>33%</font>）；日均视频GMV<font color='green'>82</font>（📈达成率<font color='green'>65%</font>）\n- **本周达成，**<font color='grey'>***4.30-5.6 VS 4.23-4.29***</font>\n    - 日均投稿<font color='green'>0</font>条  <font color='red'>**(📈周环比**</font><font color='green'>** **</font><font color='red'>**)**</font> ；日均GMV<font color='green'> </font> <font color='red'>**(📈周环比**</font><font color='green'>** **</font><font color='red'>**)**</font>\n- **本周达人寄样，**<font color='grey'>***4.30-5.6 VS 4.23-4.29***</font>**：**\n    - L3+达人日均申样数<font color='green'>0</font>， <font color='red'>**寄样未审核数**</font><font color='green'>**3**</font><font color='red'>**（📈寄样通过率**</font><font color='green'>**0%**</font><font color='red'>**) **</font>\n**📣建议动作与配套资源：**\n- **持续建联：保持每日使用定邀功能，稳定触达达人，持续扩大合作达人规模**\n    - 查看3C家电垂类达人： [💻 US 3C数码-高产达推荐](https://bytedance.larkoffice.com/wiki/SDIrwTjGJief8ZkMPuKcDyuSnid?sheet=ZJukg2)\n    - 定邀工具介绍：[联盟「定向计划」功能介绍](https://bytedance.larkoffice.com/wiki/UoJ5wmIICikjZkksT7PcXY3hnrb)\n- **申样跟进：及时处理L3+达人申样，避免延误导致错失合作机会**\n    - [🔍查询最近7天未处理高GMV达人的申样记录](https://bytedance.us.larkoffice.com/share/base/query/shrusgush9lKvziZvEVofJWJnqe?from=navigation)\n- **履约催促：关注已收样达人履约进度，推动达人发文≥4次，提升内容产出与转化效率**\n    - 话术模版可参考：[达人话术参考](https://bytedance.sg.larkoffice.com/docx/Ea56dioh4oPIhPxPOfwlDFLfgMf)\n- **如果想要寻求更多机构达人合作，请填下方问卷链接，** 平台会协助推品给更多机构和达人，并直接为您拉飞书群沟通\n    - [👉商家点击填写商品推广需求](https://bytedance.sg.larkoffice.com/share/base/form/shrlgvSaU0ueQ8l21pyEZRa6xU3)\n    - [👉查看货盘提报指南](https://bytedance.sg.larkoffice.com/docx/EqJ4dzF2poeRQPxWAVRlKhHigre)\n\n<hr>\n2️⃣<font color='purple'>**【📢西语达人】**</font>\n**🎯5月目标：日均西语达人投稿**<font color='purple'>**0**</font>**条，日均西语达人视频GMV**<font color='purple'>**0**</font>\n**✅5月达成：**\n- **MTD达成，截至**<font color='grey'>***5.6***</font>\n    - 日均投稿<font color='purple'>0</font>条（📈达成率<font color='purple'>84%</font>）；日均视频GMV<font color='purple'>64</font>（📈达成率<font color='purple'>0%</font>）\n- **本周达成，**<font color='grey'>***4.30-5.6 VS 4.23-4.29***</font>\n    - 日均投稿<font color='purple'>1</font>条（📈周环比<font color='purple'>+67%</font>）；日均GMV<font color='purple'>75</font>（📈周环比<font color='purple'>-9%</font>)\n**📣建议动作与配套资源：**\n- 查看西语垂类达人： [西语垂类达人-for POP3C only](https://bytedance.larkoffice.com/wiki/MaFKwzArzinUmWkBqVXc6Pqwn9d)\n- 查看西语达人&机构： [US_【美区西语】🌟 带货达人& 西语向达人机构名单推荐](https://bytedance.larkoffice.com/wiki/TFwbwWxkCikYnKkwCcLcvNgInAd?sheet=dAYICo)\n- 店铺西语达人合作现状查询：[by商家寄样查询🔗](https://bytedance.sg.larkoffice.com/share/base/query/shrlgG0bBmsAQAiD0y2mlAIiWTD?from=navigation)、[by商家西语发文查询🔗](https://bytedance.sg.larkoffice.com/share/base/query/shrlggJThTsTr4kgTxwoFDJNUqh?from=navigation)（有官方流量支持🔥）、[by商家历史西语合作达人🔗](https://bytedance.sg.larkoffice.com/share/base/query/shrlgB8vvoGeyAQVhrQDHs8xQAe)\n\n<hr>\n<font color='yellow'>**3️⃣【🎬商家自制视频】**</font>\n**🎯5月目标：商家自制视频投稿数**<font color='yellow'>**11**</font>**，目标GMV**<font color='yellow'>**1,021**</font>\n**✅5月达成：**\n- **MTD达成，截至**<font color='grey'>***5.6***</font>\n    - 日均投稿<font color='yellow'>4</font>条（📈达成率<font color='yellow'>32%</font>)；日均视频GMV<font color='yellow'>797</font>（📈达成率<font color='yellow'>78%</font>）\n- **本周达成，**<font color='grey'>***4.30-5.6 VS 4.23-4.29***</font>\n    - 日均投稿<font color='yellow'>8</font>条（📈周环比<font color='yellow'>+77%</font>）；日均GMV<font color='yellow'>6</font>（📈周环比<font color='yellow'>-7%</font>)\n**📣建议动作与配套资源：**\n- 查看Q2自制视频商家资源：👉[2026 Q2 TikTok Shop 美国 Global Selling商家自制内容激励概览 [对外]](https://bytedance.larkoffice.com/docx/Pu0ZdoAFKouRsQxlGKCcW2AInnh)\n\n<hr>\n<font color='red'>**4️⃣【其他重点关注】**</font>\n**🏆查看近期的优质爆品、增长品、西语主力品，优质视频：**\n[POP3C家电｜爆品/增长品/爆款视频榜单-04/27更新](https://bytedance.sg.larkoffice.com/sheets/SAjwsn5SRhLK6btlrJplC9ehgCg?sheet=0vdJfM)\n**🔍查看美区3C家电优质机构&达人：**\n[🧭美区3C家电｜优质机构&达人清单-for POP3C only](https://bytedance.larkoffice.com/wiki/MaFKwzArzinUmWkBqVXc6Pqwn9d)\n\n<hr>\n有任何疑问请联系您的AM经理<at id=7308549347699294209></at>\n[按钮](https://bytedance.sg.larkoffice.com/share/base/form/shrlgvSaU0ueQ8l21pyEZRa6xU3?ccm_open_type=im_card_automation_button)\n[按钮](https://bytedance.sg.larkoffice.com/docx/XFoJdTG1qomPIJxxPwTlzngHgEf?ccm_open_type=im_card_automation_button)\n---","missing_fields":["owners","due_time"],"ack_lock":{"status":"pending","tag":"[⚠️待接单/未响应]","evidence":"未在时间窗口内检测到责任人认领（收到/1/OK/表情等）"}}}
{"type":"chat_task","target_id":"mentions_me_global","target_title":"全局@我","chat_id":"","chat_name":"未知群聊","chat_link":"","message_link":"","jump_link":"","message_id":"om_x100b50e23345d0a4e15f580f36b9cb8","task":{"is_task":true,"task_name":"【ACE好内容】","summary":"【ACE好内容】","task_type":"","assigner":"","owners":[],"owner_mapping":[],"owner_resolution_status":"none","due_time":null,"deliverable":null,"source_message_ids":["om_x100b50e23345d0a4e15f580f36b9cb8"],"suggestion_reply":"收到～为了方便大家后续跟进，建议按【动词+交付物/事项+时间节点】补全一下：负责人（可以直接 @ 一下具体同学）、最晚截止时间 / DDL。另外也建议在消息里用【任务名称】格式明确指出待办。谢谢～","evidence":["消息中包含【】锚点，任务名直接继承原话","消息中包含【】锚点，按规则高优判定为任务"],"source_messages_full":[{"message_id":"om_x100b50e23345d0a4e15f580f36b9cb8","sender":"","chat_id":null,"chat_name":"未知群聊","chat_link":null,"message_link":null,"jump_link":null,"create_time":"2026-05-08T12:34:32+08:00","text":"**🚀【ACE好内容】请关注5月店铺投稿情况！祝大卖🔥**\n❤️亲爱的商家【JOOAN Security Camera Store】： <at id=all></at>\n\n**📅旺季来临🔥想要引爆新增量，建议重点关注三个机会点：**\n<font color='green'>【L2+达人】</font><font color='purple'>【西语达人】</font><font color='yellow'>【商家自制视频】</font>\n\n<at id=7308549347699294209></at>提醒您关注店铺的5月投稿相关指标情况👇\n\n<hr>\n1️⃣<font color='green'>**【🧑L2+达人】**</font>\n **🎯5月目标:日均L2+达人投稿**<font color='green'>**3**</font>**条，日均L2+达人视频GMV**<font color='green'>**126**</font> \n **✅5月达成:**\n- **MTD达成，截至**<font color='grey'>***5.6***</font>\n    - 日均投稿<font color='green'>1</font>条（📈达成率<font color='green'>33%</font>）；日均视频GMV<font color='green'>82</font>（📈达成率<font color='green'>65%</font>）\n- **本周达成，**<font color='grey'>***4.30-5.6 VS 4.23-4.29***</font>\n    - 日均投稿<font color='green'>0</font>条  <font color='red'>**(📈周环比**</font><font color='green'>** **</font><font color='red'>**)**</font> ；日均GMV<font color='green'> </font> <font color='red'>**(📈周环比**</font><font color='green'>** **</font><font color='red'>**)**</font>\n- **本周达人寄样，**<font color='grey'>***4.30-5.6 VS 4.23-4.29***</font>**：**\n    - L3+达人日均申样数<font color='green'>0</font>， <font color='red'>**寄样未审核数**</font><font color='green'>**3**</font><font color='red'>**（📈寄样通过率**</font><font color='green'>**0%**</font><font color='red'>**) **</font>\n**📣建议动作与配套资源：**\n- **持续建联：保持每日使用定邀功能，稳定触达达人，持续扩大合作达人规模**\n    - 查看3C家电垂类达人： [💻 US 3C数码-高产达推荐](https://bytedance.larkoffice.com/wiki/SDIrwTjGJief8ZkMPuKcDyuSnid?sheet=ZJukg2)\n    - 定邀工具介绍：[联盟「定向计划」功能介绍](https://bytedance.larkoffice.com/wiki/UoJ5wmIICikjZkksT7PcXY3hnrb)\n- **申样跟进：及时处理L3+达人申样，避免延误导致错失合作机会**\n    - [🔍查询最近7天未处理高GMV达人的申样记录](https://bytedance.us.larkoffice.com/share/base/query/shrusgush9lKvziZvEVofJWJnqe?from=navigation)\n- **履约催促：关注已收样达人履约进度，推动达人发文≥4次，提升内容产出与转化效率**\n    - 话术模版可参考：[达人话术参考](https://bytedance.sg.larkoffice.com/docx/Ea56dioh4oPIhPxPOfwlDFLfgMf)\n- **如果想要寻求更多机构达人合作，请填下方问卷链接，** 平台会协助推品给更多机构和达人，并直接为您拉飞书群沟通\n    - [👉商家点击填写商品推广需求](https://bytedance.sg.larkoffice.com/share/base/form/shrlgvSaU0ueQ8l21pyEZRa6xU3)\n    - [👉查看货盘提报指南](https://bytedance.sg.larkoffice.com/docx/EqJ4dzF2poeRQPxWAVRlKhHigre)\n\n<hr>\n2️⃣<font color='purple'>**【📢西语达人】**</font>\n**🎯5月目标：日均西语达人投稿**<font color='purple'>**0**</font>**条，日均西语达人视频GMV**<font color='purple'>**0**</font>\n**✅5月达成：**\n- **MTD达成，截至**<font color='grey'>***5.6***</font>\n    - 日均投稿<font color='purple'>0</font>条（📈达成率<font color='purple'>84%</font>）；日均视频GMV<font color='purple'>64</font>（📈达成率<font color='purple'>0%</font>）\n- **本周达成，**<font color='grey'>***4.30-5.6 VS 4.23-4.29***</font>\n    - 日均投稿<font color='purple'>1</font>条（📈周环比<font color='purple'>+67%</font>）；日均GMV<font color='purple'>75</font>（📈周环比<font color='purple'>-9%</font>)\n**📣建议动作与配套资源：**\n- 查看西语垂类达人： [西语垂类达人-for POP3C only](https://bytedance.larkoffice.com/wiki/MaFKwzArzinUmWkBqVXc6Pqwn9d)\n- 查看西语达人&机构： [US_【美区西语】🌟 带货达人& 西语向达人机构名单推荐](https://bytedance.larkoffice.com/wiki/TFwbwWxkCikYnKkwCcLcvNgInAd?sheet=dAYICo)\n- 店铺西语达人合作现状查询：[by商家寄样查询🔗](https://bytedance.sg.larkoffice.com/share/base/query/shrlgG0bBmsAQAiD0y2mlAIiWTD?from=navigation)、[by商家西语发文查询🔗](https://bytedance.sg.larkoffice.com/share/base/query/shrlggJThTsTr4kgTxwoFDJNUqh?from=navigation)（有官方流量支持🔥）、[by商家历史西语合作达人🔗](https://bytedance.sg.larkoffice.com/share/base/query/shrlgB8vvoGeyAQVhrQDHs8xQAe)\n\n<hr>\n<font color='yellow'>**3️⃣【🎬商家自制视频】**</font>\n**🎯5月目标：商家自制视频投稿数**<font color='yellow'>**11**</font>**，目标GMV**<font color='yellow'>**1,021**</font>\n**✅5月达成：**\n- **MTD达成，截至**<font color='grey'>***5.6***</font>\n    - 日均投稿<font color='yellow'>4</font>条（📈达成率<font color='yellow'>32%</font>)；日均视频GMV<font color='yellow'>797</font>（📈达成率<font color='yellow'>78%</font>）\n- **本周达成，**<font color='grey'>***4.30-5.6 VS 4.23-4.29***</font>\n    - 日均投稿<font color='yellow'>8</font>条（📈周环比<font color='yellow'>+77%</font>）；日均GMV<font color='yellow'>6</font>（📈周环比<font color='yellow'>-7%</font>)\n**📣建议动作与配套资源：**\n- 查看Q2自制视频商家资源：👉[2026 Q2 TikTok Shop 美国 Global Selling商家自制内容激励概览 [对外]](https://bytedance.larkoffice.com/docx/Pu0ZdoAFKouRsQxlGKCcW2AInnh)\n\n<hr>\n<font color='red'>**4️⃣【其他重点关注】**</font>\n**🏆查看近期的优质爆品、增长品、西语主力品，优质视频：**\n[POP3C家电｜爆品/增长品/爆款视频榜单-04/27更新](https://bytedance.sg.larkoffice.com/sheets/SAjwsn5SRhLK6btlrJplC9ehgCg?sheet=0vdJfM)\n**🔍查看美区3C家电优质机构&达人：**\n[🧭美区3C家电｜优质机构&达人清单-for POP3C only](https://bytedance.larkoffice.com/wiki/MaFKwzArzinUmWkBqVXc6Pqwn9d)\n\n<hr>\n有任何疑问请联系您的AM经理<at id=7308549347699294209></at>\n[按钮](https://bytedance.sg.larkoffice.com/share/base/form/shrlgvSaU0ueQ8l21pyEZRa6xU3?ccm_open_type=im_card_automation_button)\n[按钮](https://bytedance.sg.larkoffice.com/docx/XFoJdTG1qomPIJxxPwTlzngHgEf?ccm_open_type=im_card_automation_button)\n---"}],"source_text_full":"**🚀【ACE好内容】请关注5月店铺投稿情况！祝大卖🔥**\n❤️亲爱的商家【JOOAN Security Camera Store】： <at id=all></at>\n\n**📅旺季来临🔥想要引爆新增量，建议重点关注三个机会点：**\n<font color='green'>【L2+达人】</font><font color='purple'>【西语达人】</font><font color='yellow'>【商家自制视频】</font>\n\n<at id=7308549347699294209></at>提醒您关注店铺的5月投稿相关指标情况👇\n\n<hr>\n1️⃣<font color='green'>**【🧑L2+达人】**</font>\n **🎯5月目标:日均L2+达人投稿**<font color='green'>**3**</font>**条，日均L2+达人视频GMV**<font color='green'>**126**</font> \n **✅5月达成:**\n- **MTD达成，截至**<font color='grey'>***5.6***</font>\n    - 日均投稿<font color='green'>1</font>条（📈达成率<font color='green'>33%</font>）；日均视频GMV<font color='green'>82</font>（📈达成率<font color='green'>65%</font>）\n- **本周达成，**<font color='grey'>***4.30-5.6 VS 4.23-4.29***</font>\n    - 日均投稿<font color='green'>0</font>条  <font color='red'>**(📈周环比**</font><font color='green'>** **</font><font color='red'>**)**</font> ；日均GMV<font color='green'> </font> <font color='red'>**(📈周环比**</font><font color='green'>** **</font><font color='red'>**)**</font>\n- **本周达人寄样，**<font color='grey'>***4.30-5.6 VS 4.23-4.29***</font>**：**\n    - L3+达人日均申样数<font color='green'>0</font>， <font color='red'>**寄样未审核数**</font><font color='green'>**3**</font><font color='red'>**（📈寄样通过率**</font><font color='green'>**0%**</font><font color='red'>**) **</font>\n**📣建议动作与配套资源：**\n- **持续建联：保持每日使用定邀功能，稳定触达达人，持续扩大合作达人规模**\n    - 查看3C家电垂类达人： [💻 US 3C数码-高产达推荐](https://bytedance.larkoffice.com/wiki/SDIrwTjGJief8ZkMPuKcDyuSnid?sheet=ZJukg2)\n    - 定邀工具介绍：[联盟「定向计划」功能介绍](https://bytedance.larkoffice.com/wiki/UoJ5wmIICikjZkksT7PcXY3hnrb)\n- **申样跟进：及时处理L3+达人申样，避免延误导致错失合作机会**\n    - [🔍查询最近7天未处理高GMV达人的申样记录](https://bytedance.us.larkoffice.com/share/base/query/shrusgush9lKvziZvEVofJWJnqe?from=navigation)\n- **履约催促：关注已收样达人履约进度，推动达人发文≥4次，提升内容产出与转化效率**\n    - 话术模版可参考：[达人话术参考](https://bytedance.sg.larkoffice.com/docx/Ea56dioh4oPIhPxPOfwlDFLfgMf)\n- **如果想要寻求更多机构达人合作，请填下方问卷链接，** 平台会协助推品给更多机构和达人，并直接为您拉飞书群沟通\n    - [👉商家点击填写商品推广需求](https://bytedance.sg.larkoffice.com/share/base/form/shrlgvSaU0ueQ8l21pyEZRa6xU3)\n    - [👉查看货盘提报指南](https://bytedance.sg.larkoffice.com/docx/EqJ4dzF2poeRQPxWAVRlKhHigre)\n\n<hr>\n2️⃣<font color='purple'>**【📢西语达人】**</font>\n**🎯5月目标：日均西语达人投稿**<font color='purple'>**0**</font>**条，日均西语达人视频GMV**<font color='purple'>**0**</font>\n**✅5月达成：**\n- **MTD达成，截至**<font color='grey'>***5.6***</font>\n    - 日均投稿<font color='purple'>0</font>条（📈达成率<font color='purple'>84%</font>）；日均视频GMV<font color='purple'>64</font>（📈达成率<font color='purple'>0%</font>）\n- **本周达成，**<font color='grey'>***4.30-5.6 VS 4.23-4.29***</font>\n    - 日均投稿<font color='purple'>1</font>条（📈周环比<font color='purple'>+67%</font>）；日均GMV<font color='purple'>75</font>（📈周环比<font color='purple'>-9%</font>)\n**📣建议动作与配套资源：**\n- 查看西语垂类达人： [西语垂类达人-for POP3C only](https://bytedance.larkoffice.com/wiki/MaFKwzArzinUmWkBqVXc6Pqwn9d)\n- 查看西语达人&机构： [US_【美区西语】🌟 带货达人& 西语向达人机构名单推荐](https://bytedance.larkoffice.com/wiki/TFwbwWxkCikYnKkwCcLcvNgInAd?sheet=dAYICo)\n- 店铺西语达人合作现状查询：[by商家寄样查询🔗](https://bytedance.sg.larkoffice.com/share/base/query/shrlgG0bBmsAQAiD0y2mlAIiWTD?from=navigation)、[by商家西语发文查询🔗](https://bytedance.sg.larkoffice.com/share/base/query/shrlggJThTsTr4kgTxwoFDJNUqh?from=navigation)（有官方流量支持🔥）、[by商家历史西语合作达人🔗](https://bytedance.sg.larkoffice.com/share/base/query/shrlgB8vvoGeyAQVhrQDHs8xQAe)\n\n<hr>\n<font color='yellow'>**3️⃣【🎬商家自制视频】**</font>\n**🎯5月目标：商家自制视频投稿数**<font color='yellow'>**11**</font>**，目标GMV**<font color='yellow'>**1,021**</font>\n**✅5月达成：**\n- **MTD达成，截至**<font color='grey'>***5.6***</font>\n    - 日均投稿<font color='yellow'>4</font>条（📈达成率<font color='yellow'>32%</font>)；日均视频GMV<font color='yellow'>797</font>（📈达成率<font color='yellow'>78%</font>）\n- **本周达成，**<font color='grey'>***4.30-5.6 VS 4.23-4.29***</font>\n    - 日均投稿<font color='yellow'>8</font>条（📈周环比<font color='yellow'>+77%</font>）；日均GMV<font color='yellow'>6</font>（📈周环比<font color='yellow'>-7%</font>)\n**📣建议动作与配套资源：**\n- 查看Q2自制视频商家资源：👉[2026 Q2 TikTok Shop 美国 Global Selling商家自制内容激励概览 [对外]](https://bytedance.larkoffice.com/docx/Pu0ZdoAFKouRsQxlGKCcW2AInnh)\n\n<hr>\n<font color='red'>**4️⃣【其他重点关注】**</font>\n**🏆查看近期的优质爆品、增长品、西语主力品，优质视频：**\n[POP3C家电｜爆品/增长品/爆款视频榜单-04/27更新](https://bytedance.sg.larkoffice.com/sheets/SAjwsn5SRhLK6btlrJplC9ehgCg?sheet=0vdJfM)\n**🔍查看美区3C家电优质机构&达人：**\n[🧭美区3C家电｜优质机构&达人清单-for POP3C only](https://bytedance.larkoffice.com/wiki/MaFKwzArzinUmWkBqVXc6Pqwn9d)\n\n<hr>\n有任何疑问请联系您的AM经理<at id=7308549347699294209></at>\n[按钮](https://bytedance.sg.larkoffice.com/share/base/form/shrlgvSaU0ueQ8l21pyEZRa6xU3?ccm_open_type=im_card_automation_button)\n[按钮](https://bytedance.sg.larkoffice.com/docx/XFoJdTG1qomPIJxxPwTlzngHgEf?ccm_open_type=im_card_automation_button)\n---","missing_fields":["owners","due_time"],"ack_lock":{"status":"pending","tag":"[⚠️待接单/未响应]","evidence":"未在时间窗口内检测到责任人认领（收到/1/OK/表情等）"}}}
{"type":"chat_task","target_id":"mentions_me_global","target_title":"全局@我","chat_id":"","chat_name":"未知群聊","chat_link":"","message_link":"","jump_link":"","message_id":"om_x100b50e23345d0a4e15f580f36b9cb8","task":{"is_task":true,"task_name":"【ACE好内容】","summary":"【ACE好内容】","task_type":"","assigner":"","owners":[],"owner_mapping":[],"owner_resolution_status":"none","due_time":null,"deliverable":null,"source_message_ids":["om_x100b50e23345d0a4e15f580f36b9cb8"],"suggestion_reply":"收到～为了方便大家后续跟进，建议按【动词+交付物/事项+时间节点】补全一下：负责人（可以直接 @ 一下具体同学）、最晚截止时间 / DDL。另外也建议在消息里用【任务名称】格式明确指出待办。谢谢～","evidence":["消息中包含【】锚点，任务名直接继承原话","消息中包含【】锚点，按规则高优判定为任务"],"source_messages_full":[{"message_id":"om_x100b50e23345d0a4e15f580f36b9cb8","sender":"","chat_id":null,"chat_name":"未知群聊","chat_link":null,"message_link":null,"jump_link":null,"create_time":"2026-05-08T12:34:32+08:00","text":"**🚀【ACE好内容】请关注5月店铺投稿情况！祝大卖🔥**\n❤️亲爱的商家【JOOAN Security Camera Store】： <at id=all></at>\n\n**📅旺季来临🔥想要引爆新增量，建议重点关注三个机会点：**\n<font color='green'>【L2+达人】</font><font color='purple'>【西语达人】</font><font color='yellow'>【商家自制视频】</font>\n\n<at id=7308549347699294209></at>提醒您关注店铺的5月投稿相关指标情况👇\n\n<hr>\n1️⃣<font color='green'>**【🧑L2+达人】**</font>\n **🎯5月目标:日均L2+达人投稿**<font color='green'>**3**</font>**条，日均L2+达人视频GMV**<font color='green'>**126**</font> \n **✅5月达成:**\n- **MTD达成，截至**<font color='grey'>***5.6***</font>\n    - 日均投稿<font color='green'>1</font>条（📈达成率<font color='green'>33%</font>）；日均视频GMV<font color='green'>82</font>（📈达成率<font color='green'>65%</font>）\n- **本周达成，**<font color='grey'>***4.30-5.6 VS 4.23-4.29***</font>\n    - 日均投稿<font color='green'>0</font>条  <font color='red'>**(📈周环比**</font><font color='green'>** **</font><font color='red'>**)**</font> ；日均GMV<font color='green'> </font> <font color='red'>**(📈周环比**</font><font color='green'>** **</font><font color='red'>**)**</font>\n- **本周达人寄样，**<font color='grey'>***4.30-5.6 VS 4.23-4.29***</font>**：**\n    - L3+达人日均申样数<font color='green'>0</font>， <font color='red'>**寄样未审核数**</font><font color='green'>**3**</font><font color='red'>**（📈寄样通过率**</font><font color='green'>**0%**</font><font color='red'>**) **</font>\n**📣建议动作与配套资源：**\n- **持续建联：保持每日使用定邀功能，稳定触达达人，持续扩大合作达人规模**\n    - 查看3C家电垂类达人： [💻 US 3C数码-高产达推荐](https://bytedance.larkoffice.com/wiki/SDIrwTjGJief8ZkMPuKcDyuSnid?sheet=ZJukg2)\n    - 定邀工具介绍：[联盟「定向计划」功能介绍](https://bytedance.larkoffice.com/wiki/UoJ5wmIICikjZkksT7PcXY3hnrb)\n- **申样跟进：及时处理L3+达人申样，避免延误导致错失合作机会**\n    - [🔍查询最近7天未处理高GMV达人的申样记录](https://bytedance.us.larkoffice.com/share/base/query/shrusgush9lKvziZvEVofJWJnqe?from=navigation)\n- **履约催促：关注已收样达人履约进度，推动达人发文≥4次，提升内容产出与转化效率**\n    - 话术模版可参考：[达人话术参考](https://bytedance.sg.larkoffice.com/docx/Ea56dioh4oPIhPxPOfwlDFLfgMf)\n- **如果想要寻求更多机构达人合作，请填下方问卷链接，** 平台会协助推品给更多机构和达人，并直接为您拉飞书群沟通\n    - [👉商家点击填写商品推广需求](https://bytedance.sg.larkoffice.com/share/base/form/shrlgvSaU0ueQ8l21pyEZRa6xU3)\n    - [👉查看货盘提报指南](https://bytedance.sg.larkoffice.com/docx/EqJ4dzF2poeRQPxWAVRlKhHigre)\n\n<hr>\n2️⃣<font color='purple'>**【📢西语达人】**</font>\n**🎯5月目标：日均西语达人投稿**<font color='purple'>**0**</font>**条，日均西语达人视频GMV**<font color='purple'>**0**</font>\n**✅5月达成：**\n- **MTD达成，截至**<font color='grey'>***5.6***</font>\n    - 日均投稿<font color='purple'>0</font>条（📈达成率<font color='purple'>84%</font>）；日均视频GMV<font color='purple'>64</font>（📈达成率<font color='purple'>0%</font>）\n- **本周达成，**<font color='grey'>***4.30-5.6 VS 4.23-4.29***</font>\n    - 日均投稿<font color='purple'>1</font>条（📈周环比<font color='purple'>+67%</font>）；日均GMV<font color='purple'>75</font>（📈周环比<font color='purple'>-9%</font>)\n**📣建议动作与配套资源：**\n- 查看西语垂类达人： [西语垂类达人-for POP3C only](https://bytedance.larkoffice.com/wiki/MaFKwzArzinUmWkBqVXc6Pqwn9d)\n- 查看西语达人&机构： [US_【美区西语】🌟 带货达人& 西语向达人机构名单推荐](https://bytedance.larkoffice.com/wiki/TFwbwWxkCikYnKkwCcLcvNgInAd?sheet=dAYICo)\n- 店铺西语达人合作现状查询：[by商家寄样查询🔗](https://bytedance.sg.larkoffice.com/share/base/query/shrlgG0bBmsAQAiD0y2mlAIiWTD?from=navigation)、[by商家西语发文查询🔗](https://bytedance.sg.larkoffice.com/share/base/query/shrlggJThTsTr4kgTxwoFDJNUqh?from=navigation)（有官方流量支持🔥）、[by商家历史西语合作达人🔗](https://bytedance.sg.larkoffice.com/share/base/query/shrlgB8vvoGeyAQVhrQDHs8xQAe)\n\n<hr>\n<font color='yellow'>**3️⃣【🎬商家自制视频】**</font>\n**🎯5月目标：商家自制视频投稿数**<font color='yellow'>**11**</font>**，目标GMV**<font color='yellow'>**1,021**</font>\n**✅5月达成：**\n- **MTD达成，截至**<font color='grey'>***5.6***</font>\n    - 日均投稿<font color='yellow'>4</font>条（📈达成率<font color='yellow'>32%</font>)；日均视频GMV<font color='yellow'>797</font>（📈达成率<font color='yellow'>78%</font>）\n- **本周达成，**<font color='grey'>***4.30-5.6 VS 4.23-4.29***</font>\n    - 日均投稿<font color='yellow'>8</font>条（📈周环比<font color='yellow'>+77%</font>）；日均GMV<font color='yellow'>6</font>（📈周环比<font color='yellow'>-7%</font>)\n**📣建议动作与配套资源：**\n- 查看Q2自制视频商家资源：👉[2026 Q2 TikTok Shop 美国 Global Selling商家自制内容激励概览 [对外]](https://bytedance.larkoffice.com/docx/Pu0ZdoAFKouRsQxlGKCcW2AInnh)\n\n<hr>\n<font color='red'>**4️⃣【其他重点关注】**</font>\n**🏆查看近期的优质爆品、增长品、西语主力品，优质视频：**\n[POP3C家电｜爆品/增长品/爆款视频榜单-04/27更新](https://bytedance.sg.larkoffice.com/sheets/SAjwsn5SRhLK6btlrJplC9ehgCg?sheet=0vdJfM)\n**🔍查看美区3C家电优质机构&达人：**\n[🧭美区3C家电｜优质机构&达人清单-for POP3C only](https://bytedance.larkoffice.com/wiki/MaFKwzArzinUmWkBqVXc6Pqwn9d)\n\n<hr>\n有任何疑问请联系您的AM经理<at id=7308549347699294209></at>\n[按钮](https://bytedance.sg.larkoffice.com/share/base/form/shrlgvSaU0ueQ8l21pyEZRa6xU3?ccm_open_type=im_card_automation_button)\n[按钮](https://bytedance.sg.larkoffice.com/docx/XFoJdTG1qomPIJxxPwTlzngHgEf?ccm_open_type=im_card_automation_button)\n---"}],"source_text_full":"**🚀【ACE好内容】请关注5月店铺投稿情况！祝大卖🔥**\n❤️亲爱的商家【JOOAN Security Camera Store】： <at id=all></at>\n\n**📅旺季来临🔥想要引爆新增量，建议重点关注三个机会点：**\n<font color='green'>【L2+达人】</font><font color='purple'>【西语达人】</font><font color='yellow'>【商家自制视频】</font>\n\n<at id=7308549347699294209></at>提醒您关注店铺的5月投稿相关指标情况👇\n\n<hr>\n1️⃣<font color='green'>**【🧑L2+达人】**</font>\n **🎯5月目标:日均L2+达人投稿**<font color='green'>**3**</font>**条，日均L2+达人视频GMV**<font color='green'>**126**</font> \n **✅5月达成:**\n- **MTD达成，截至**<font color='grey'>***5.6***</font>\n    - 日均投稿<font color='green'>1</font>条（📈达成率<font color='green'>33%</font>）；日均视频GMV<font color='green'>82</font>（📈达成率<font color='green'>65%</font>）\n- **本周达成，**<font color='grey'>***4.30-5.6 VS 4.23-4.29***</font>\n    - 日均投稿<font color='green'>0</font>条  <font color='red'>**(📈周环比**</font><font color='green'>** **</font><font color='red'>**)**</font> ；日均GMV<font color='green'> </font> <font color='red'>**(📈周环比**</font><font color='green'>** **</font><font color='red'>**)**</font>\n- **本周达人寄样，**<font color='grey'>***4.30-5.6 VS 4.23-4.29***</font>**：**\n    - L3+达人日均申样数<font color='green'>0</font>， <font color='red'>**寄样未审核数**</font><font color='green'>**3**</font><font color='red'>**（📈寄样通过率**</font><font color='green'>**0%**</font><font color='red'>**) **</font>\n**📣建议动作与配套资源：**\n- **持续建联：保持每日使用定邀功能，稳定触达达人，持续扩大合作达人规模**\n    - 查看3C家电垂类达人： [💻 US 3C数码-高产达推荐](https://bytedance.larkoffice.com/wiki/SDIrwTjGJief8ZkMPuKcDyuSnid?sheet=ZJukg2)\n    - 定邀工具介绍：[联盟「定向计划」功能介绍](https://bytedance.larkoffice.com/wiki/UoJ5wmIICikjZkksT7PcXY3hnrb)\n- **申样跟进：及时处理L3+达人申样，避免延误导致错失合作机会**\n    - [🔍查询最近7天未处理高GMV达人的申样记录](https://bytedance.us.larkoffice.com/share/base/query/shrusgush9lKvziZvEVofJWJnqe?from=navigation)\n- **履约催促：关注已收样达人履约进度，推动达人发文≥4次，提升内容产出与转化效率**\n    - 话术模版可参考：[达人话术参考](https://bytedance.sg.larkoffice.com/docx/Ea56dioh4oPIhPxPOfwlDFLfgMf)\n- **如果想要寻求更多机构达人合作，请填下方问卷链接，** 平台会协助推品给更多机构和达人，并直接为您拉飞书群沟通\n    - [👉商家点击填写商品推广需求](https://bytedance.sg.larkoffice.com/share/base/form/shrlgvSaU0ueQ8l21pyEZRa6xU3)\n    - [👉查看货盘提报指南](https://bytedance.sg.larkoffice.com/docx/EqJ4dzF2poeRQPxWAVRlKhHigre)\n\n<hr>\n2️⃣<font color='purple'>**【📢西语达人】**</font>\n**🎯5月目标：日均西语达人投稿**<font color='purple'>**0**</font>**条，日均西语达人视频GMV**<font color='purple'>**0**</font>\n**✅5月达成：**\n- **MTD达成，截至**<font color='grey'>***5.6***</font>\n    - 日均投稿<font color='purple'>0</font>条（📈达成率<font color='purple'>84%</font>）；日均视频GMV<font color='purple'>64</font>（📈达成率<font color='purple'>0%</font>）\n- **本周达成，**<font color='grey'>***4.30-5.6 VS 4.23-4.29***</font>\n    - 日均投稿<font color='purple'>1</font>条（📈周环比<font color='purple'>+67%</font>）；日均GMV<font color='purple'>75</font>（📈周环比<font color='purple'>-9%</font>)\n**📣建议动作与配套资源：**\n- 查看西语垂类达人： [西语垂类达人-for POP3C only](https://bytedance.larkoffice.com/wiki/MaFKwzArzinUmWkBqVXc6Pqwn9d)\n- 查看西语达人&机构： [US_【美区西语】🌟 带货达人& 西语向达人机构名单推荐](https://bytedance.larkoffice.com/wiki/TFwbwWxkCikYnKkwCcLcvNgInAd?sheet=dAYICo)\n- 店铺西语达人合作现状查询：[by商家寄样查询🔗](https://bytedance.sg.larkoffice.com/share/base/query/shrlgG0bBmsAQAiD0y2mlAIiWTD?from=navigation)、[by商家西语发文查询🔗](https://bytedance.sg.larkoffice.com/share/base/query/shrlggJThTsTr4kgTxwoFDJNUqh?from=navigation)（有官方流量支持🔥）、[by商家历史西语合作达人🔗](https://bytedance.sg.larkoffice.com/share/base/query/shrlgB8vvoGeyAQVhrQDHs8xQAe)\n\n<hr>\n<font color='yellow'>**3️⃣【🎬商家自制视频】**</font>\n**🎯5月目标：商家自制视频投稿数**<font color='yellow'>**11**</font>**，目标GMV**<font color='yellow'>**1,021**</font>\n**✅5月达成：**\n- **MTD达成，截至**<font color='grey'>***5.6***</font>\n    - 日均投稿<font color='yellow'>4</font>条（📈达成率<font color='yellow'>32%</font>)；日均视频GMV<font color='yellow'>797</font>（📈达成率<font color='yellow'>78%</font>）\n- **本周达成，**<font color='grey'>***4.30-5.6 VS 4.23-4.29***</font>\n    - 日均投稿<font color='yellow'>8</font>条（📈周环比<font color='yellow'>+77%</font>）；日均GMV<font color='yellow'>6</font>（📈周环比<font color='yellow'>-7%</font>)\n**📣建议动作与配套资源：**\n- 查看Q2自制视频商家资源：👉[2026 Q2 TikTok Shop 美国 Global Selling商家自制内容激励概览 [对外]](https://bytedance.larkoffice.com/docx/Pu0ZdoAFKouRsQxlGKCcW2AInnh)\n\n<hr>\n<font color='red'>**4️⃣【其他重点关注】**</font>\n**🏆查看近期的优质爆品、增长品、西语主力品，优质视频：**\n[POP3C家电｜爆品/增长品/爆款视频榜单-04/27更新](https://bytedance.sg.larkoffice.com/sheets/SAjwsn5SRhLK6btlrJplC9ehgCg?sheet=0vdJfM)\n**🔍查看美区3C家电优质机构&达人：**\n[🧭美区3C家电｜优质机构&达人清单-for POP3C only](https://bytedance.larkoffice.com/wiki/MaFKwzArzinUmWkBqVXc6Pqwn9d)\n\n<hr>\n有任何疑问请联系您的AM经理<at id=7308549347699294209></at>\n[按钮](https://bytedance.sg.larkoffice.com/share/base/form/shrlgvSaU0ueQ8l21pyEZRa6xU3?ccm_open_type=im_card_automation_button)\n[按钮](https://bytedance.sg.larkoffice.com/docx/XFoJdTG1qomPIJxxPwTlzngHgEf?ccm_open_type=im_card_automation_button)\n---","missing_fields":["owners","due_time"],"ack_lock":{"status":"pending","tag":"[⚠️待接单/未响应]","evidence":"未在时间窗口内检测到责任人认领（收到/1/OK/表情等）"}}}
{"type":"chat_task","target_id":"mentions_me_global","target_title":"全局@我","chat_id":"","chat_name":"未知群聊","chat_link":"","message_link":"","jump_link":"","message_id":"om_x100b50e23345d0a4e15f580f36b9cb8","task":{"is_task":true,"task_name":"【ACE好内容】","summary":"【ACE好内容】","task_type":"","assigner":"","owners":[],"owner_mapping":[],"owner_resolution_status":"none","due_time":null,"deliverable":null,"source_message_ids":["om_x100b50e23345d0a4e15f580f36b9cb8"],"suggestion_reply":"收到～为了方便大家后续跟进，建议按【动词+交付物/事项+时间节点】补全一下：负责人（可以直接 @ 一下具体同学）、最晚截止时间 / DDL。另外也建议在消息里用【任务名称】格式明确指出待办。谢谢～","evidence":["消息中包含【】锚点，任务名直接继承原话","消息中包含【】锚点，按规则高优判定为任务"],"source_messages_full":[{"message_id":"om_x100b50e23345d0a4e15f580f36b9cb8","sender":"","chat_id":null,"chat_name":"未知群聊","chat_link":null,"message_link":null,"jump_link":null,"create_time":"2026-05-08T12:34:32+08:00","text":"**🚀【ACE好内容】请关注5月店铺投稿情况！祝大卖🔥**\n❤️亲爱的商家【JOOAN Security Camera Store】： <at id=all></at>\n\n**📅旺季来临🔥想要引爆新增量，建议重点关注三个机会点：**\n<font color='green'>【L2+达人】</font><font color='purple'>【西语达人】</font><font color='yellow'>【商家自制视频】</font>\n\n<at id=7308549347699294209></at>提醒您关注店铺的5月投稿相关指标情况👇\n\n<hr>\n1️⃣<font color='green'>**【🧑L2+达人】**</font>\n **🎯5月目标:日均L2+达人投稿**<font color='green'>**3**</font>**条，日均L2+达人视频GMV**<font color='green'>**126**</font> \n **✅5月达成:**\n- **MTD达成，截至**<font color='grey'>***5.6***</font>\n    - 日均投稿<font color='green'>1</font>条（📈达成率<font color='green'>33%</font>）；日均视频GMV<font color='green'>82</font>（📈达成率<font color='green'>65%</font>）\n- **本周达成，**<font color='grey'>***4.30-5.6 VS 4.23-4.29***</font>\n    - 日均投稿<font color='green'>0</font>条  <font color='red'>**(📈周环比**</font><font color='green'>** **</font><font color='red'>**)**</font> ；日均GMV<font color='green'> </font> <font color='red'>**(📈周环比**</font><font color='green'>** **</font><font color='red'>**)**</font>\n- **本周达人寄样，**<font color='grey'>***4.30-5.6 VS 4.23-4.29***</font>**：**\n    - L3+达人日均申样数<font color='green'>0</font>， <font color='red'>**寄样未审核数**</font><font color='green'>**3**</font><font color='red'>**（📈寄样通过率**</font><font color='green'>**0%**</font><font color='red'>**) **</font>\n**📣建议动作与配套资源：**\n- **持续建联：保持每日使用定邀功能，稳定触达达人，持续扩大合作达人规模**\n    - 查看3C家电垂类达人： [💻 US 3C数码-高产达推荐](https://bytedance.larkoffice.com/wiki/SDIrwTjGJief8ZkMPuKcDyuSnid?sheet=ZJukg2)\n    - 定邀工具介绍：[联盟「定向计划」功能介绍](https://bytedance.larkoffice.com/wiki/UoJ5wmIICikjZkksT7PcXY3hnrb)\n- **申样跟进：及时处理L3+达人申样，避免延误导致错失合作机会**\n    - [🔍查询最近7天未处理高GMV达人的申样记录](https://bytedance.us.larkoffice.com/share/base/query/shrusgush9lKvziZvEVofJWJnqe?from=navigation)\n- **履约催促：关注已收样达人履约进度，推动达人发文≥4次，提升内容产出与转化效率**\n    - 话术模版可参考：[达人话术参考](https://bytedance.sg.larkoffice.com/docx/Ea56dioh4oPIhPxPOfwlDFLfgMf)\n- **如果想要寻求更多机构达人合作，请填下方问卷链接，** 平台会协助推品给更多机构和达人，并直接为您拉飞书群沟通\n    - [👉商家点击填写商品推广需求](https://bytedance.sg.larkoffice.com/share/base/form/shrlgvSaU0ueQ8l21pyEZRa6xU3)\n    - [👉查看货盘提报指南](https://bytedance.sg.larkoffice.com/docx/EqJ4dzF2poeRQPxWAVRlKhHigre)\n\n<hr>\n2️⃣<font color='purple'>**【📢西语达人】**</font>\n**🎯5月目标：日均西语达人投稿**<font color='purple'>**0**</font>**条，日均西语达人视频GMV**<font color='purple'>**0**</font>\n**✅5月达成：**\n- **MTD达成，截至**<font color='grey'>***5.6***</font>\n    - 日均投稿<font color='purple'>0</font>条（📈达成率<font color='purple'>84%</font>）；日均视频GMV<font color='purple'>64</font>（📈达成率<font color='purple'>0%</font>）\n- **本周达成，**<font color='grey'>***4.30-5.6 VS 4.23-4.29***</font>\n    - 日均投稿<font color='purple'>1</font>条（📈周环比<font color='purple'>+67%</font>）；日均GMV<font color='purple'>75</font>（📈周环比<font color='purple'>-9%</font>)\n**📣建议动作与配套资源：**\n- 查看西语垂类达人： [西语垂类达人-for POP3C only](https://bytedance.larkoffice.com/wiki/MaFKwzArzinUmWkBqVXc6Pqwn9d)\n- 查看西语达人&机构： [US_【美区西语】🌟 带货达人& 西语向达人机构名单推荐](https://bytedance.larkoffice.com/wiki/TFwbwWxkCikYnKkwCcLcvNgInAd?sheet=dAYICo)\n- 店铺西语达人合作现状查询：[by商家寄样查询🔗](https://bytedance.sg.larkoffice.com/share/base/query/shrlgG0bBmsAQAiD0y2mlAIiWTD?from=navigation)、[by商家西语发文查询🔗](https://bytedance.sg.larkoffice.com/share/base/query/shrlggJThTsTr4kgTxwoFDJNUqh?from=navigation)（有官方流量支持🔥）、[by商家历史西语合作达人🔗](https://bytedance.sg.larkoffice.com/share/base/query/shrlgB8vvoGeyAQVhrQDHs8xQAe)\n\n<hr>\n<font color='yellow'>**3️⃣【🎬商家自制视频】**</font>\n**🎯5月目标：商家自制视频投稿数**<font color='yellow'>**11**</font>**，目标GMV**<font color='yellow'>**1,021**</font>\n**✅5月达成：**\n- **MTD达成，截至**<font color='grey'>***5.6***</font>\n    - 日均投稿<font color='yellow'>4</font>条（📈达成率<font color='yellow'>32%</font>)；日均视频GMV<font color='yellow'>797</font>（📈达成率<font color='yellow'>78%</font>）\n- **本周达成，**<font color='grey'>***4.30-5.6 VS 4.23-4.29***</font>\n    - 日均投稿<font color='yellow'>8</font>条（📈周环比<font color='yellow'>+77%</font>）；日均GMV<font color='yellow'>6</font>（📈周环比<font color='yellow'>-7%</font>)\n**📣建议动作与配套资源：**\n- 查看Q2自制视频商家资源：👉[2026 Q2 TikTok Shop 美国 Global Selling商家自制内容激励概览 [对外]](https://bytedance.larkoffice.com/docx/Pu0ZdoAFKouRsQxlGKCcW2AInnh)\n\n<hr>\n<font color='red'>**4️⃣【其他重点关注】**</font>\n**🏆查看近期的优质爆品、增长品、西语主力品，优质视频：**\n[POP3C家电｜爆品/增长品/爆款视频榜单-04/27更新](https://bytedance.sg.larkoffice.com/sheets/SAjwsn5SRhLK6btlrJplC9ehgCg?sheet=0vdJfM)\n**🔍查看美区3C家电优质机构&达人：**\n[🧭美区3C家电｜优质机构&达人清单-for POP3C only](https://bytedance.larkoffice.com/wiki/MaFKwzArzinUmWkBqVXc6Pqwn9d)\n\n<hr>\n有任何疑问请联系您的AM经理<at id=7308549347699294209></at>\n[按钮](https://bytedance.sg.larkoffice.com/share/base/form/shrlgvSaU0ueQ8l21pyEZRa6xU3?ccm_open_type=im_card_automation_button)\n[按钮](https://bytedance.sg.larkoffice.com/docx/XFoJdTG1qomPIJxxPwTlzngHgEf?ccm_open_type=im_card_automation_button)\n---"}],"source_text_full":"**🚀【ACE好内容】请关注5月店铺投稿情况！祝大卖🔥**\n❤️亲爱的商家【JOOAN Security Camera Store】： <at id=all></at>\n\n**📅旺季来临🔥想要引爆新增量，建议重点关注三个机会点：**\n<font color='green'>【L2+达人】</font><font color='purple'>【西语达人】</font><font color='yellow'>【商家自制视频】</font>\n\n<at id=7308549347699294209></at>提醒您关注店铺的5月投稿相关指标情况👇\n\n<hr>\n1️⃣<font color='green'>**【🧑L2+达人】**</font>\n **🎯5月目标:日均L2+达人投稿**<font color='green'>**3**</font>**条，日均L2+达人视频GMV**<font color='green'>**126**</font> \n **✅5月达成:**\n- **MTD达成，截至**<font color='grey'>***5.6***</font>\n    - 日均投稿<font color='green'>1</font>条（📈达成率<font color='green'>33%</font>）；日均视频GMV<font color='green'>82</font>（📈达成率<font color='green'>65%</font>）\n- **本周达成，**<font color='grey'>***4.30-5.6 VS 4.23-4.29***</font>\n    - 日均投稿<font color='green'>0</font>条  <font color='red'>**(📈周环比**</font><font color='green'>** **</font><font color='red'>**)**</font> ；日均GMV<font color='green'> </font> <font color='red'>**(📈周环比**</font><font color='green'>** **</font><font color='red'>**)**</font>\n- **本周达人寄样，**<font color='grey'>***4.30-5.6 VS 4.23-4.29***</font>**：**\n    - L3+达人日均申样数<font color='green'>0</font>， <font color='red'>**寄样未审核数**</font><font color='green'>**3**</font><font color='red'>**（📈寄样通过率**</font><font color='green'>**0%**</font><font color='red'>**) **</font>\n**📣建议动作与配套资源：**\n- **持续建联：保持每日使用定邀功能，稳定触达达人，持续扩大合作达人规模**\n    - 查看3C家电垂类达人： [💻 US 3C数码-高产达推荐](https://bytedance.larkoffice.com/wiki/SDIrwTjGJief8ZkMPuKcDyuSnid?sheet=ZJukg2)\n    - 定邀工具介绍：[联盟「定向计划」功能介绍](https://bytedance.larkoffice.com/wiki/UoJ5wmIICikjZkksT7PcXY3hnrb)\n- **申样跟进：及时处理L3+达人申样，避免延误导致错失合作机会**\n    - [🔍查询最近7天未处理高GMV达人的申样记录](https://bytedance.us.larkoffice.com/share/base/query/shrusgush9lKvziZvEVofJWJnqe?from=navigation)\n- **履约催促：关注已收样达人履约进度，推动达人发文≥4次，提升内容产出与转化效率**\n    - 话术模版可参考：[达人话术参考](https://bytedance.sg.larkoffice.com/docx/Ea56dioh4oPIhPxPOfwlDFLfgMf)\n- **如果想要寻求更多机构达人合作，请填下方问卷链接，** 平台会协助推品给更多机构和达人，并直接为您拉飞书群沟通\n    - [👉商家点击填写商品推广需求](https://bytedance.sg.larkoffice.com/share/base/form/shrlgvSaU0ueQ8l21pyEZRa6xU3)\n    - [👉查看货盘提报指南](https://bytedance.sg.larkoffice.com/docx/EqJ4dzF2poeRQPxWAVRlKhHigre)\n\n<hr>\n2️⃣<font color='purple'>**【📢西语达人】**</font>\n**🎯5月目标：日均西语达人投稿**<font color='purple'>**0**</font>**条，日均西语达人视频GMV**<font color='purple'>**0**</font>\n**✅5月达成：**\n- **MTD达成，截至**<font color='grey'>***5.6***</font>\n    - 日均投稿<font color='purple'>0</font>条（📈达成率<font color='purple'>84%</font>）；日均视频GMV<font color='purple'>64</font>（📈达成率<font color='purple'>0%</font>）\n- **本周达成，**<font color='grey'>***4.30-5.6 VS 4.23-4.29***</font>\n    - 日均投稿<font color='purple'>1</font>条（📈周环比<font color='purple'>+67%</font>）；日均GMV<font color='purple'>75</font>（📈周环比<font color='purple'>-9%</font>)\n**📣建议动作与配套资源：**\n- 查看西语垂类达人： [西语垂类达人-for POP3C only](https://bytedance.larkoffice.com/wiki/MaFKwzArzinUmWkBqVXc6Pqwn9d)\n- 查看西语达人&机构： [US_【美区西语】🌟 带货达人& 西语向达人机构名单推荐](https://bytedance.larkoffice.com/wiki/TFwbwWxkCikYnKkwCcLcvNgInAd?sheet=dAYICo)\n- 店铺西语达人合作现状查询：[by商家寄样查询🔗](https://bytedance.sg.larkoffice.com/share/base/query/shrlgG0bBmsAQAiD0y2mlAIiWTD?from=navigation)、[by商家西语发文查询🔗](https://bytedance.sg.larkoffice.com/share/base/query/shrlggJThTsTr4kgTxwoFDJNUqh?from=navigation)（有官方流量支持🔥）、[by商家历史西语合作达人🔗](https://bytedance.sg.larkoffice.com/share/base/query/shrlgB8vvoGeyAQVhrQDHs8xQAe)\n\n<hr>\n<font color='yellow'>**3️⃣【🎬商家自制视频】**</font>\n**🎯5月目标：商家自制视频投稿数**<font color='yellow'>**11**</font>**，目标GMV**<font color='yellow'>**1,021**</font>\n**✅5月达成：**\n- **MTD达成，截至**<font color='grey'>***5.6***</font>\n    - 日均投稿<font color='yellow'>4</font>条（📈达成率<font color='yellow'>32%</font>)；日均视频GMV<font color='yellow'>797</font>（📈达成率<font color='yellow'>78%</font>）\n- **本周达成，**<font color='grey'>***4.30-5.6 VS 4.23-4.29***</font>\n    - 日均投稿<font color='yellow'>8</font>条（📈周环比<font color='yellow'>+77%</font>）；日均GMV<font color='yellow'>6</font>（📈周环比<font color='yellow'>-7%</font>)\n**📣建议动作与配套资源：**\n- 查看Q2自制视频商家资源：👉[2026 Q2 TikTok Shop 美国 Global Selling商家自制内容激励概览 [对外]](https://bytedance.larkoffice.com/docx/Pu0ZdoAFKouRsQxlGKCcW2AInnh)\n\n<hr>\n<font color='red'>**4️⃣【其他重点关注】**</font>\n**🏆查看近期的优质爆品、增长品、西语主力品，优质视频：**\n[POP3C家电｜爆品/增长品/爆款视频榜单-04/27更新](https://bytedance.sg.larkoffice.com/sheets/SAjwsn5SRhLK6btlrJplC9ehgCg?sheet=0vdJfM)\n**🔍查看美区3C家电优质机构&达人：**\n[🧭美区3C家电｜优质机构&达人清单-for POP3C only](https://bytedance.larkoffice.com/wiki/MaFKwzArzinUmWkBqVXc6Pqwn9d)\n\n<hr>\n有任何疑问请联系您的AM经理<at id=7308549347699294209></at>\n[按钮](https://bytedance.sg.larkoffice.com/share/base/form/shrlgvSaU0ueQ8l21pyEZRa6xU3?ccm_open_type=im_card_automation_button)\n[按钮](https://bytedance.sg.larkoffice.com/docx/XFoJdTG1qomPIJxxPwTlzngHgEf?ccm_open_type=im_card_automation_button)\n---","missing_fields":["owners","due_time"],"ack_lock":{"status":"pending","tag":"[⚠️待接单/未响应]","evidence":"未在时间窗口内检测到责任人认领（收到/1/OK/表情等）"}}}
{"type":"chat_task","target_id":"mentions_me_global","target_title":"全局@我","chat_id":"","chat_name":"未知群聊","chat_link":"","message_link":"","jump_link":"","message_id":"om_x100b50e23345d0a4e15f580f36b9cb8","task":{"is_task":true,"task_name":"【ACE好内容】","summary":"【ACE好内容】","task_type":"","assigner":"","owners":[],"owner_mapping":[],"owner_resolution_status":"none","due_time":null,"deliverable":null,"source_message_ids":["om_x100b50e23345d0a4e15f580f36b9cb8"],"suggestion_reply":"收到～为了方便大家后续跟进，建议按【动词+交付物/事项+时间节点】补全一下：负责人（可以直接 @ 一下具体同学）、最晚截止时间 / DDL。另外也建议在消息里用【任务名称】格式明确指出待办。谢谢～","evidence":["消息中包含【】锚点，任务名直接继承原话","消息中包含【】锚点，按规则高优判定为任务"],"source_messages_full":[{"message_id":"om_x100b50e23345d0a4e15f580f36b9cb8","sender":"","chat_id":null,"chat_name":"未知群聊","chat_link":null,"message_link":null,"jump_link":null,"create_time":"2026-05-08T12:34:32+08:00","text":"**🚀【ACE好内容】请关注5月店铺投稿情况！祝大卖🔥**\n❤️亲爱的商家【JOOAN Security Camera Store】： <at id=all></at>\n\n**📅旺季来临🔥想要引爆新增量，建议重点关注三个机会点：**\n<font color='green'>【L2+达人】</font><font color='purple'>【西语达人】</font><font color='yellow'>【商家自制视频】</font>\n\n<at id=7308549347699294209></at>提醒您关注店铺的5月投稿相关指标情况👇\n\n<hr>\n1️⃣<font color='green'>**【🧑L2+达人】**</font>\n **🎯5月目标:日均L2+达人投稿**<font color='green'>**3**</font>**条，日均L2+达人视频GMV**<font color='green'>**126**</font> \n **✅5月达成:**\n- **MTD达成，截至**<font color='grey'>***5.6***</font>\n    - 日均投稿<font color='green'>1</font>条（📈达成率<font color='green'>33%</font>）；日均视频GMV<font color='green'>82</font>（📈达成率<font color='green'>65%</font>）\n- **本周达成，**<font color='grey'>***4.30-5.6 VS 4.23-4.29***</font>\n    - 日均投稿<font color='green'>0</font>条  <font color='red'>**(📈周环比**</font><font color='green'>** **</font><font color='red'>**)**</font> ；日均GMV<font color='green'> </font> <font color='red'>**(📈周环比**</font><font color='green'>** **</font><font color='red'>**)**</font>\n- **本周达人寄样，**<font color='grey'>***4.30-5.6 VS 4.23-4.29***</font>**：**\n    - L3+达人日均申样数<font color='green'>0</font>， <font color='red'>**寄样未审核数**</font><font color='green'>**3**</font><font color='red'>**（📈寄样通过率**</font><font color='green'>**0%**</font><font color='red'>**) **</font>\n**📣建议动作与配套资源：**\n- **持续建联：保持每日使用定邀功能，稳定触达达人，持续扩大合作达人规模**\n    - 查看3C家电垂类达人： [💻 US 3C数码-高产达推荐](https://bytedance.larkoffice.com/wiki/SDIrwTjGJief8ZkMPuKcDyuSnid?sheet=ZJukg2)\n    - 定邀工具介绍：[联盟「定向计划」功能介绍](https://bytedance.larkoffice.com/wiki/UoJ5wmIICikjZkksT7PcXY3hnrb)\n- **申样跟进：及时处理L3+达人申样，避免延误导致错失合作机会**\n    - [🔍查询最近7天未处理高GMV达人的申样记录](https://bytedance.us.larkoffice.com/share/base/query/shrusgush9lKvziZvEVofJWJnqe?from=navigation)\n- **履约催促：关注已收样达人履约进度，推动达人发文≥4次，提升内容产出与转化效率**\n    - 话术模版可参考：[达人话术参考](https://bytedance.sg.larkoffice.com/docx/Ea56dioh4oPIhPxPOfwlDFLfgMf)\n- **如果想要寻求更多机构达人合作，请填下方问卷链接，** 平台会协助推品给更多机构和达人，并直接为您拉飞书群沟通\n    - [👉商家点击填写商品推广需求](https://bytedance.sg.larkoffice.com/share/base/form/shrlgvSaU0ueQ8l21pyEZRa6xU3)\n    - [👉查看货盘提报指南](https://bytedance.sg.larkoffice.com/docx/EqJ4dzF2poeRQPxWAVRlKhHigre)\n\n<hr>\n2️⃣<font color='purple'>**【📢西语达人】**</font>\n**🎯5月目标：日均西语达人投稿**<font color='purple'>**0**</font>**条，日均西语达人视频GMV**<font color='purple'>**0**</font>\n**✅5月达成：**\n- **MTD达成，截至**<font color='grey'>***5.6***</font>\n    - 日均投稿<font color='purple'>0</font>条（📈达成率<font color='purple'>84%</font>）；日均视频GMV<font color='purple'>64</font>（📈达成率<font color='purple'>0%</font>）\n- **本周达成，**<font color='grey'>***4.30-5.6 VS 4.23-4.29***</font>\n    - 日均投稿<font color='purple'>1</font>条（📈周环比<font color='purple'>+67%</font>）；日均GMV<font color='purple'>75</font>（📈周环比<font color='purple'>-9%</font>)\n**📣建议动作与配套资源：**\n- 查看西语垂类达人： [西语垂类达人-for POP3C only](https://bytedance.larkoffice.com/wiki/MaFKwzArzinUmWkBqVXc6Pqwn9d)\n- 查看西语达人&机构： [US_【美区西语】🌟 带货达人& 西语向达人机构名单推荐](https://bytedance.larkoffice.com/wiki/TFwbwWxkCikYnKkwCcLcvNgInAd?sheet=dAYICo)\n- 店铺西语达人合作现状查询：[by商家寄样查询🔗](https://bytedance.sg.larkoffice.com/share/base/query/shrlgG0bBmsAQAiD0y2mlAIiWTD?from=navigation)、[by商家西语发文查询🔗](https://bytedance.sg.larkoffice.com/share/base/query/shrlggJThTsTr4kgTxwoFDJNUqh?from=navigation)（有官方流量支持🔥）、[by商家历史西语合作达人🔗](https://bytedance.sg.larkoffice.com/share/base/query/shrlgB8vvoGeyAQVhrQDHs8xQAe)\n\n<hr>\n<font color='yellow'>**3️⃣【🎬商家自制视频】**</font>\n**🎯5月目标：商家自制视频投稿数**<font color='yellow'>**11**</font>**，目标GMV**<font color='yellow'>**1,021**</font>\n**✅5月达成：**\n- **MTD达成，截至**<font color='grey'>***5.6***</font>\n    - 日均投稿<font color='yellow'>4</font>条（📈达成率<font color='yellow'>32%</font>)；日均视频GMV<font color='yellow'>797</font>（📈达成率<font color='yellow'>78%</font>）\n- **本周达成，**<font color='grey'>***4.30-5.6 VS 4.23-4.29***</font>\n    - 日均投稿<font color='yellow'>8</font>条（📈周环比<font color='yellow'>+77%</font>）；日均GMV<font color='yellow'>6</font>（📈周环比<font color='yellow'>-7%</font>)\n**📣建议动作与配套资源：**\n- 查看Q2自制视频商家资源：👉[2026 Q2 TikTok Shop 美国 Global Selling商家自制内容激励概览 [对外]](https://bytedance.larkoffice.com/docx/Pu0ZdoAFKouRsQxlGKCcW2AInnh)\n\n<hr>\n<font color='red'>**4️⃣【其他重点关注】**</font>\n**🏆查看近期的优质爆品、增长品、西语主力品，优质视频：**\n[POP3C家电｜爆品/增长品/爆款视频榜单-04/27更新](https://bytedance.sg.larkoffice.com/sheets/SAjwsn5SRhLK6btlrJplC9ehgCg?sheet=0vdJfM)\n**🔍查看美区3C家电优质机构&达人：**\n[🧭美区3C家电｜优质机构&达人清单-for POP3C only](https://bytedance.larkoffice.com/wiki/MaFKwzArzinUmWkBqVXc6Pqwn9d)\n\n<hr>\n有任何疑问请联系您的AM经理<at id=7308549347699294209></at>\n[按钮](https://bytedance.sg.larkoffice.com/share/base/form/shrlgvSaU0ueQ8l21pyEZRa6xU3?ccm_open_type=im_card_automation_button)\n[按钮](https://bytedance.sg.larkoffice.com/docx/XFoJdTG1qomPIJxxPwTlzngHgEf?ccm_open_type=im_card_automation_button)\n---"}],"source_text_full":"**🚀【ACE好内容】请关注5月店铺投稿情况！祝大卖🔥**\n❤️亲爱的商家【JOOAN Security Camera Store】： <at id=all></at>\n\n**📅旺季来临🔥想要引爆新增量，建议重点关注三个机会点：**\n<font color='green'>【L2+达人】</font><font color='purple'>【西语达人】</font><font color='yellow'>【商家自制视频】</font>\n\n<at id=7308549347699294209></at>提醒您关注店铺的5月投稿相关指标情况👇\n\n<hr>\n1️⃣<font color='green'>**【🧑L2+达人】**</font>\n **🎯5月目标:日均L2+达人投稿**<font color='green'>**3**</font>**条，日均L2+达人视频GMV**<font color='green'>**126**</font> \n **✅5月达成:**\n- **MTD达成，截至**<font color='grey'>***5.6***</font>\n    - 日均投稿<font color='green'>1</font>条（📈达成率<font color='green'>33%</font>）；日均视频GMV<font color='green'>82</font>（📈达成率<font color='green'>65%</font>）\n- **本周达成，**<font color='grey'>***4.30-5.6 VS 4.23-4.29***</font>\n    - 日均投稿<font color='green'>0</font>条  <font color='red'>**(📈周环比**</font><font color='green'>** **</font><font color='red'>**)**</font> ；日均GMV<font color='green'> </font> <font color='red'>**(📈周环比**</font><font color='green'>** **</font><font color='red'>**)**</font>\n- **本周达人寄样，**<font color='grey'>***4.30-5.6 VS 4.23-4.29***</font>**：**\n    - L3+达人日均申样数<font color='green'>0</font>， <font color='red'>**寄样未审核数**</font><font color='green'>**3**</font><font color='red'>**（📈寄样通过率**</font><font color='green'>**0%**</font><font color='red'>**) **</font>\n**📣建议动作与配套资源：**\n- **持续建联：保持每日使用定邀功能，稳定触达达人，持续扩大合作达人规模**\n    - 查看3C家电垂类达人： [💻 US 3C数码-高产达推荐](https://bytedance.larkoffice.com/wiki/SDIrwTjGJief8ZkMPuKcDyuSnid?sheet=ZJukg2)\n    - 定邀工具介绍：[联盟「定向计划」功能介绍](https://bytedance.larkoffice.com/wiki/UoJ5wmIICikjZkksT7PcXY3hnrb)\n- **申样跟进：及时处理L3+达人申样，避免延误导致错失合作机会**\n    - [🔍查询最近7天未处理高GMV达人的申样记录](https://bytedance.us.larkoffice.com/share/base/query/shrusgush9lKvziZvEVofJWJnqe?from=navigation)\n- **履约催促：关注已收样达人履约进度，推动达人发文≥4次，提升内容产出与转化效率**\n    - 话术模版可参考：[达人话术参考](https://bytedance.sg.larkoffice.com/docx/Ea56dioh4oPIhPxPOfwlDFLfgMf)\n- **如果想要寻求更多机构达人合作，请填下方问卷链接，** 平台会协助推品给更多机构和达人，并直接为您拉飞书群沟通\n    - [👉商家点击填写商品推广需求](https://bytedance.sg.larkoffice.com/share/base/form/shrlgvSaU0ueQ8l21pyEZRa6xU3)\n    - [👉查看货盘提报指南](https://bytedance.sg.larkoffice.com/docx/EqJ4dzF2poeRQPxWAVRlKhHigre)\n\n<hr>\n2️⃣<font color='purple'>**【📢西语达人】**</font>\n**🎯5月目标：日均西语达人投稿**<font color='purple'>**0**</font>**条，日均西语达人视频GMV**<font color='purple'>**0**</font>\n**✅5月达成：**\n- **MTD达成，截至**<font color='grey'>***5.6***</font>\n    - 日均投稿<font color='purple'>0</font>条（📈达成率<font color='purple'>84%</font>）；日均视频GMV<font color='purple'>64</font>（📈达成率<font color='purple'>0%</font>）\n- **本周达成，**<font color='grey'>***4.30-5.6 VS 4.23-4.29***</font>\n    - 日均投稿<font color='purple'>1</font>条（📈周环比<font color='purple'>+67%</font>）；日均GMV<font color='purple'>75</font>（📈周环比<font color='purple'>-9%</font>)\n**📣建议动作与配套资源：**\n- 查看西语垂类达人： [西语垂类达人-for POP3C only](https://bytedance.larkoffice.com/wiki/MaFKwzArzinUmWkBqVXc6Pqwn9d)\n- 查看西语达人&机构： [US_【美区西语】🌟 带货达人& 西语向达人机构名单推荐](https://bytedance.larkoffice.com/wiki/TFwbwWxkCikYnKkwCcLcvNgInAd?sheet=dAYICo)\n- 店铺西语达人合作现状查询：[by商家寄样查询🔗](https://bytedance.sg.larkoffice.com/share/base/query/shrlgG0bBmsAQAiD0y2mlAIiWTD?from=navigation)、[by商家西语发文查询🔗](https://bytedance.sg.larkoffice.com/share/base/query/shrlggJThTsTr4kgTxwoFDJNUqh?from=navigation)（有官方流量支持🔥）、[by商家历史西语合作达人🔗](https://bytedance.sg.larkoffice.com/share/base/query/shrlgB8vvoGeyAQVhrQDHs8xQAe)\n\n<hr>\n<font color='yellow'>**3️⃣【🎬商家自制视频】**</font>\n**🎯5月目标：商家自制视频投稿数**<font color='yellow'>**11**</font>**，目标GMV**<font color='yellow'>**1,021**</font>\n**✅5月达成：**\n- **MTD达成，截至**<font color='grey'>***5.6***</font>\n    - 日均投稿<font color='yellow'>4</font>条（📈达成率<font color='yellow'>32%</font>)；日均视频GMV<font color='yellow'>797</font>（📈达成率<font color='yellow'>78%</font>）\n- **本周达成，**<font color='grey'>***4.30-5.6 VS 4.23-4.29***</font>\n    - 日均投稿<font color='yellow'>8</font>条（📈周环比<font color='yellow'>+77%</font>）；日均GMV<font color='yellow'>6</font>（📈周环比<font color='yellow'>-7%</font>)\n**📣建议动作与配套资源：**\n- 查看Q2自制视频商家资源：👉[2026 Q2 TikTok Shop 美国 Global Selling商家自制内容激励概览 [对外]](https://bytedance.larkoffice.com/docx/Pu0ZdoAFKouRsQxlGKCcW2AInnh)\n\n<hr>\n<font color='red'>**4️⃣【其他重点关注】**</font>\n**🏆查看近期的优质爆品、增长品、西语主力品，优质视频：**\n[POP3C家电｜爆品/增长品/爆款视频榜单-04/27更新](https://bytedance.sg.larkoffice.com/sheets/SAjwsn5SRhLK6btlrJplC9ehgCg?sheet=0vdJfM)\n**🔍查看美区3C家电优质机构&达人：**\n[🧭美区3C家电｜优质机构&达人清单-for POP3C only](https://bytedance.larkoffice.com/wiki/MaFKwzArzinUmWkBqVXc6Pqwn9d)\n\n<hr>\n有任何疑问请联系您的AM经理<at id=7308549347699294209></at>\n[按钮](https://bytedance.sg.larkoffice.com/share/base/form/shrlgvSaU0ueQ8l21pyEZRa6xU3?ccm_open_type=im_card_automation_button)\n[按钮](https://bytedance.sg.larkoffice.com/docx/XFoJdTG1qomPIJxxPwTlzngHgEf?ccm_open_type=im_card_automation_button)\n---","missing_fields":["owners","due_time"],"ack_lock":{"status":"pending","tag":"[⚠️待接单/未响应]","evidence":"未在时间窗口内检测到责任人认领（收到/1/OK/表情等）"}}}
{"type":"chat_task","target_id":"mentions_me_global","target_title":"全局@我","chat_id":"","chat_name":"未知群聊","chat_link":"","message_link":"","jump_link":"","message_id":"om_x100b50e23345d0a4e15f580f36b9cb8","task":{"is_task":true,"task_name":"【ACE好内容】","summary":"【ACE好内容】","task_type":"","assigner":"","owners":[],"owner_mapping":[],"owner_resolution_status":"none","due_time":null,"deliverable":null,"source_message_ids":["om_x100b50e23345d0a4e15f580f36b9cb8"],"suggestion_reply":"收到～为了方便大家后续跟进，建议按【动词+交付物/事项+时间节点】补全一下：负责人（可以直接 @ 一下具体同学）、最晚截止时间 / DDL。另外也建议在消息里用【任务名称】格式明确指出待办。谢谢～","evidence":["消息中包含【】锚点，任务名直接继承原话","消息中包含【】锚点，按规则高优判定为任务"],"source_messages_full":[{"message_id":"om_x100b50e23345d0a4e15f580f36b9cb8","sender":"","chat_id":null,"chat_name":"未知群聊","chat_link":null,"message_link":null,"jump_link":null,"create_time":"2026-05-08T12:34:32+08:00","text":"**🚀【ACE好内容】请关注5月店铺投稿情况！祝大卖🔥**\n❤️亲爱的商家【JOOAN Security Camera Store】： <at id=all></at>\n\n**📅旺季来临🔥想要引爆新增量，建议重点关注三个机会点：**\n<font color='green'>【L2+达人】</font><font color='purple'>【西语达人】</font><font color='yellow'>【商家自制视频】</font>\n\n<at id=7308549347699294209></at>提醒您关注店铺的5月投稿相关指标情况👇\n\n<hr>\n1️⃣<font color='green'>**【🧑L2+达人】**</font>\n **🎯5月目标:日均L2+达人投稿**<font color='green'>**3**</font>**条，日均L2+达人视频GMV**<font color='green'>**126**</font> \n **✅5月达成:**\n- **MTD达成，截至**<font color='grey'>***5.6***</font>\n    - 日均投稿<font color='green'>1</font>条（📈达成率<font color='green'>33%</font>）；日均视频GMV<font color='green'>82</font>（📈达成率<font color='green'>65%</font>）\n- **本周达成，**<font color='grey'>***4.30-5.6 VS 4.23-4.29***</font>\n    - 日均投稿<font color='green'>0</font>条  <font color='red'>**(📈周环比**</font><font color='green'>** **</font><font color='red'>**)**</font> ；日均GMV<font color='green'> </font> <font color='red'>**(📈周环比**</font><font color='green'>** **</font><font color='red'>**)**</font>\n- **本周达人寄样，**<font color='grey'>***4.30-5.6 VS 4.23-4.29***</font>**：**\n    - L3+达人日均申样数<font color='green'>0</font>， <font color='red'>**寄样未审核数**</font><font color='green'>**3**</font><font color='red'>**（📈寄样通过率**</font><font color='green'>**0%**</font><font color='red'>**) **</font>\n**📣建议动作与配套资源：**\n- **持续建联：保持每日使用定邀功能，稳定触达达人，持续扩大合作达人规模**\n    - 查看3C家电垂类达人： [💻 US 3C数码-高产达推荐](https://bytedance.larkoffice.com/wiki/SDIrwTjGJief8ZkMPuKcDyuSnid?sheet=ZJukg2)\n    - 定邀工具介绍：[联盟「定向计划」功能介绍](https://bytedance.larkoffice.com/wiki/UoJ5wmIICikjZkksT7PcXY3hnrb)\n- **申样跟进：及时处理L3+达人申样，避免延误导致错失合作机会**\n    - [🔍查询最近7天未处理高GMV达人的申样记录](https://bytedance.us.larkoffice.com/share/base/query/shrusgush9lKvziZvEVofJWJnqe?from=navigation)\n- **履约催促：关注已收样达人履约进度，推动达人发文≥4次，提升内容产出与转化效率**\n    - 话术模版可参考：[达人话术参考](https://bytedance.sg.larkoffice.com/docx/Ea56dioh4oPIhPxPOfwlDFLfgMf)\n- **如果想要寻求更多机构达人合作，请填下方问卷链接，** 平台会协助推品给更多机构和达人，并直接为您拉飞书群沟通\n    - [👉商家点击填写商品推广需求](https://bytedance.sg.larkoffice.com/share/base/form/shrlgvSaU0ueQ8l21pyEZRa6xU3)\n    - [👉查看货盘提报指南](https://bytedance.sg.larkoffice.com/docx/EqJ4dzF2poeRQPxWAVRlKhHigre)\n\n<hr>\n2️⃣<font color='purple'>**【📢西语达人】**</font>\n**🎯5月目标：日均西语达人投稿**<font color='purple'>**0**</font>**条，日均西语达人视频GMV**<font color='purple'>**0**</font>\n**✅5月达成：**\n- **MTD达成，截至**<font color='grey'>***5.6***</font>\n    - 日均投稿<font color='purple'>0</font>条（📈达成率<font color='purple'>84%</font>）；日均视频GMV<font color='purple'>64</font>（📈达成率<font color='purple'>0%</font>）\n- **本周达成，**<font color='grey'>***4.30-5.6 VS 4.23-4.29***</font>\n    - 日均投稿<font color='purple'>1</font>条（📈周环比<font color='purple'>+67%</font>）；日均GMV<font color='purple'>75</font>（📈周环比<font color='purple'>-9%</font>)\n**📣建议动作与配套资源：**\n- 查看西语垂类达人： [西语垂类达人-for POP3C only](https://bytedance.larkoffice.com/wiki/MaFKwzArzinUmWkBqVXc6Pqwn9d)\n- 查看西语达人&机构： [US_【美区西语】🌟 带货达人& 西语向达人机构名单推荐](https://bytedance.larkoffice.com/wiki/TFwbwWxkCikYnKkwCcLcvNgInAd?sheet=dAYICo)\n- 店铺西语达人合作现状查询：[by商家寄样查询🔗](https://bytedance.sg.larkoffice.com/share/base/query/shrlgG0bBmsAQAiD0y2mlAIiWTD?from=navigation)、[by商家西语发文查询🔗](https://bytedance.sg.larkoffice.com/share/base/query/shrlggJThTsTr4kgTxwoFDJNUqh?from=navigation)（有官方流量支持🔥）、[by商家历史西语合作达人🔗](https://bytedance.sg.larkoffice.com/share/base/query/shrlgB8vvoGeyAQVhrQDHs8xQAe)\n\n<hr>\n<font color='yellow'>**3️⃣【🎬商家自制视频】**</font>\n**🎯5月目标：商家自制视频投稿数**<font color='yellow'>**11**</font>**，目标GMV**<font color='yellow'>**1,021**</font>\n**✅5月达成：**\n- **MTD达成，截至**<font color='grey'>***5.6***</font>\n    - 日均投稿<font color='yellow'>4</font>条（📈达成率<font color='yellow'>32%</font>)；日均视频GMV<font color='yellow'>797</font>（📈达成率<font color='yellow'>78%</font>）\n- **本周达成，**<font color='grey'>***4.30-5.6 VS 4.23-4.29***</font>\n    - 日均投稿<font color='yellow'>8</font>条（📈周环比<font color='yellow'>+77%</font>）；日均GMV<font color='yellow'>6</font>（📈周环比<font color='yellow'>-7%</font>)\n**📣建议动作与配套资源：**\n- 查看Q2自制视频商家资源：👉[2026 Q2 TikTok Shop 美国 Global Selling商家自制内容激励概览 [对外]](https://bytedance.larkoffice.com/docx/Pu0ZdoAFKouRsQxlGKCcW2AInnh)\n\n<hr>\n<font color='red'>**4️⃣【其他重点关注】**</font>\n**🏆查看近期的优质爆品、增长品、西语主力品，优质视频：**\n[POP3C家电｜爆品/增长品/爆款视频榜单-04/27更新](https://bytedance.sg.larkoffice.com/sheets/SAjwsn5SRhLK6btlrJplC9ehgCg?sheet=0vdJfM)\n**🔍查看美区3C家电优质机构&达人：**\n[🧭美区3C家电｜优质机构&达人清单-for POP3C only](https://bytedance.larkoffice.com/wiki/MaFKwzArzinUmWkBqVXc6Pqwn9d)\n\n<hr>\n有任何疑问请联系您的AM经理<at id=7308549347699294209></at>\n[按钮](https://bytedance.sg.larkoffice.com/share/base/form/shrlgvSaU0ueQ8l21pyEZRa6xU3?ccm_open_type=im_card_automation_button)\n[按钮](https://bytedance.sg.larkoffice.com/docx/XFoJdTG1qomPIJxxPwTlzngHgEf?ccm_open_type=im_card_automation_button)\n---"}],"source_text_full":"**🚀【ACE好内容】请关注5月店铺投稿情况！祝大卖🔥**\n❤️亲爱的商家【JOOAN Security Camera Store】： <at id=all></at>\n\n**📅旺季来临🔥想要引爆新增量，建议重点关注三个机会点：**\n<font color='green'>【L2+达人】</font><font color='purple'>【西语达人】</font><font color='yellow'>【商家自制视频】</font>\n\n<at id=7308549347699294209></at>提醒您关注店铺的5月投稿相关指标情况👇\n\n<hr>\n1️⃣<font color='green'>**【🧑L2+达人】**</font>\n **🎯5月目标:日均L2+达人投稿**<font color='green'>**3**</font>**条，日均L2+达人视频GMV**<font color='green'>**126**</font> \n **✅5月达成:**\n- **MTD达成，截至**<font color='grey'>***5.6***</font>\n    - 日均投稿<font color='green'>1</font>条（📈达成率<font color='green'>33%</font>）；日均视频GMV<font color='green'>82</font>（📈达成率<font color='green'>65%</font>）\n- **本周达成，**<font color='grey'>***4.30-5.6 VS 4.23-4.29***</font>\n    - 日均投稿<font color='green'>0</font>条  <font color='red'>**(📈周环比**</font><font color='green'>** **</font><font color='red'>**)**</font> ；日均GMV<font color='green'> </font> <font color='red'>**(📈周环比**</font><font color='green'>** **</font><font color='red'>**)**</font>\n- **本周达人寄样，**<font color='grey'>***4.30-5.6 VS 4.23-4.29***</font>**：**\n    - L3+达人日均申样数<font color='green'>0</font>， <font color='red'>**寄样未审核数**</font><font color='green'>**3**</font><font color='red'>**（📈寄样通过率**</font><font color='green'>**0%**</font><font color='red'>**) **</font>\n**📣建议动作与配套资源：**\n- **持续建联：保持每日使用定邀功能，稳定触达达人，持续扩大合作达人规模**\n    - 查看3C家电垂类达人： [💻 US 3C数码-高产达推荐](https://bytedance.larkoffice.com/wiki/SDIrwTjGJief8ZkMPuKcDyuSnid?sheet=ZJukg2)\n    - 定邀工具介绍：[联盟「定向计划」功能介绍](https://bytedance.larkoffice.com/wiki/UoJ5wmIICikjZkksT7PcXY3hnrb)\n- **申样跟进：及时处理L3+达人申样，避免延误导致错失合作机会**\n    - [🔍查询最近7天未处理高GMV达人的申样记录](https://bytedance.us.larkoffice.com/share/base/query/shrusgush9lKvziZvEVofJWJnqe?from=navigation)\n- **履约催促：关注已收样达人履约进度，推动达人发文≥4次，提升内容产出与转化效率**\n    - 话术模版可参考：[达人话术参考](https://bytedance.sg.larkoffice.com/docx/Ea56dioh4oPIhPxPOfwlDFLfgMf)\n- **如果想要寻求更多机构达人合作，请填下方问卷链接，** 平台会协助推品给更多机构和达人，并直接为您拉飞书群沟通\n    - [👉商家点击填写商品推广需求](https://bytedance.sg.larkoffice.com/share/base/form/shrlgvSaU0ueQ8l21pyEZRa6xU3)\n    - [👉查看货盘提报指南](https://bytedance.sg.larkoffice.com/docx/EqJ4dzF2poeRQPxWAVRlKhHigre)\n\n<hr>\n2️⃣<font color='purple'>**【📢西语达人】**</font>\n**🎯5月目标：日均西语达人投稿**<font color='purple'>**0**</font>**条，日均西语达人视频GMV**<font color='purple'>**0**</font>\n**✅5月达成：**\n- **MTD达成，截至**<font color='grey'>***5.6***</font>\n    - 日均投稿<font color='purple'>0</font>条（📈达成率<font color='purple'>84%</font>）；日均视频GMV<font color='purple'>64</font>（📈达成率<font color='purple'>0%</font>）\n- **本周达成，**<font color='grey'>***4.30-5.6 VS 4.23-4.29***</font>\n    - 日均投稿<font color='purple'>1</font>条（📈周环比<font color='purple'>+67%</font>）；日均GMV<font color='purple'>75</font>（📈周环比<font color='purple'>-9%</font>)\n**📣建议动作与配套资源：**\n- 查看西语垂类达人： [西语垂类达人-for POP3C only](https://bytedance.larkoffice.com/wiki/MaFKwzArzinUmWkBqVXc6Pqwn9d)\n- 查看西语达人&机构： [US_【美区西语】🌟 带货达人& 西语向达人机构名单推荐](https://bytedance.larkoffice.com/wiki/TFwbwWxkCikYnKkwCcLcvNgInAd?sheet=dAYICo)\n- 店铺西语达人合作现状查询：[by商家寄样查询🔗](https://bytedance.sg.larkoffice.com/share/base/query/shrlgG0bBmsAQAiD0y2mlAIiWTD?from=navigation)、[by商家西语发文查询🔗](https://bytedance.sg.larkoffice.com/share/base/query/shrlggJThTsTr4kgTxwoFDJNUqh?from=navigation)（有官方流量支持🔥）、[by商家历史西语合作达人🔗](https://bytedance.sg.larkoffice.com/share/base/query/shrlgB8vvoGeyAQVhrQDHs8xQAe)\n\n<hr>\n<font color='yellow'>**3️⃣【🎬商家自制视频】**</font>\n**🎯5月目标：商家自制视频投稿数**<font color='yellow'>**11**</font>**，目标GMV**<font color='yellow'>**1,021**</font>\n**✅5月达成：**\n- **MTD达成，截至**<font color='grey'>***5.6***</font>\n    - 日均投稿<font color='yellow'>4</font>条（📈达成率<font color='yellow'>32%</font>)；日均视频GMV<font color='yellow'>797</font>（📈达成率<font color='yellow'>78%</font>）\n- **本周达成，**<font color='grey'>***4.30-5.6 VS 4.23-4.29***</font>\n    - 日均投稿<font color='yellow'>8</font>条（📈周环比<font color='yellow'>+77%</font>）；日均GMV<font color='yellow'>6</font>（📈周环比<font color='yellow'>-7%</font>)\n**📣建议动作与配套资源：**\n- 查看Q2自制视频商家资源：👉[2026 Q2 TikTok Shop 美国 Global Selling商家自制内容激励概览 [对外]](https://bytedance.larkoffice.com/docx/Pu0ZdoAFKouRsQxlGKCcW2AInnh)\n\n<hr>\n<font color='red'>**4️⃣【其他重点关注】**</font>\n**🏆查看近期的优质爆品、增长品、西语主力品，优质视频：**\n[POP3C家电｜爆品/增长品/爆款视频榜单-04/27更新](https://bytedance.sg.larkoffice.com/sheets/SAjwsn5SRhLK6btlrJplC9ehgCg?sheet=0vdJfM)\n**🔍查看美区3C家电优质机构&达人：**\n[🧭美区3C家电｜优质机构&达人清单-for POP3C only](https://bytedance.larkoffice.com/wiki/MaFKwzArzinUmWkBqVXc6Pqwn9d)\n\n<hr>\n有任何疑问请联系您的AM经理<at id=7308549347699294209></at>\n[按钮](https://bytedance.sg.larkoffice.com/share/base/form/shrlgvSaU0ueQ8l21pyEZRa6xU3?ccm_open_type=im_card_automation_button)\n[按钮](https://bytedance.sg.larkoffice.com/docx/XFoJdTG1qomPIJxxPwTlzngHgEf?ccm_open_type=im_card_automation_button)\n---","missing_fields":["owners","due_time"],"ack_lock":{"status":"pending","tag":"[⚠️待接单/未响应]","evidence":"未在时间窗口内检测到责任人认领（收到/1/OK/表情等）"}}}
{"type":"mention_message_new","target_id":"mentions_me_global","target_title":"全局@我","chat_id":"","chat_name":"未知群聊","chat_link":"","message_link":"","jump_link":"","message_id":"om_x100b50e2ea9f54a0e2deaba8d4aeaac","sender":"","create_time":"2026-05-08T12:44:53+08:00","text":"@所有人 感谢AM的会邀分享，相关资料给大家附上\n1. 会议文档：[https://bytedance.larkoffice.com/wiki/HLypwDKCpiSSqlkybKKcteF9nag](https://bytedance.larkoffice.com/wiki/HLypwDKCpiSSqlkybKKcteF9nag)\n2. 会议的录屏：[https://bytedance.sg.larkoffice.com/minutes/obsgh1jkx8opuo318g9s876p](https://bytedance.sg.larkoffice.com/minutes/obsgh1jkx8opuo318g9s876p)\n\n**⏰【百万富翁】报名提醒：**还有**259**位商家完成了后台报名**未登记【商家信息登记表】**，辛苦AM**转发下方报名提醒卡片给到商家朋友**，**详细的名单查询>>>**[https://bytedance.larkoffice.com/wiki/KJ2OwjEOnic3UIknkJMcgQunnKc?sheet=J9DOmP](https://bytedance.larkoffice.com/wiki/KJ2OwjEOnic3UIknkJMcgQunnKc?sheet=J9DOmP)"}
{"type":"chat_task","target_id":"mentions_me_global","target_title":"全局@我","chat_id":"","chat_name":"未知群聊","chat_link":"","message_link":"","jump_link":"","message_id":"om_x100b50e2ea9f54a0e2deaba8d4aeaac","task":{"is_task":true,"task_name":"【百万富翁】","summary":"【百万富翁】","task_type":"","assigner":"","owners":["所有人","大家"],"owner_mapping":[{"owner":"所有人","scope":""},{"owner":"大家","scope":""}],"owner_resolution_status":"partial","due_time":null,"deliverable":null,"source_message_ids":["om_x100b50e2ea9f54a0e2deaba8d4aeaac"],"suggestion_reply":"收到～为了方便大家后续跟进，建议按【动词+交付物/事项+时间节点】补全一下：最晚截止时间 / DDL。另外也建议在消息里用【任务名称】格式明确指出待办。谢谢～","evidence":["消息中包含【】锚点，任务名直接继承原话","消息中包含【】锚点，按规则高优判定为任务"],"source_messages_full":[{"message_id":"om_x100b50e2ea9f54a0e2deaba8d4aeaac","sender":"","chat_id":null,"chat_name":"未知群聊","chat_link":null,"message_link":null,"jump_link":null,"create_time":"2026-05-08T12:44:53+08:00","text":"@所有人 感谢AM的会邀分享，相关资料给大家附上\n1. 会议文档：[https://bytedance.larkoffice.com/wiki/HLypwDKCpiSSqlkybKKcteF9nag](https://bytedance.larkoffice.com/wiki/HLypwDKCpiSSqlkybKKcteF9nag)\n2. 会议的录屏：[https://bytedance.sg.larkoffice.com/minutes/obsgh1jkx8opuo318g9s876p](https://bytedance.sg.larkoffice.com/minutes/obsgh1jkx8opuo318g9s876p)\n\n**⏰【百万富翁】报名提醒：**还有**259**位商家完成了后台报名**未登记【商家信息登记表】**，辛苦AM**转发下方报名提醒卡片给到商家朋友**，**详细的名单查询>>>**[https://bytedance.larkoffice.com/wiki/KJ2OwjEOnic3UIknkJMcgQunnKc?sheet=J9DOmP](https://bytedance.larkoffice.com/wiki/KJ2OwjEOnic3UIknkJMcgQunnKc?sheet=J9DOmP)"}],"source_text_full":"@所有人 感谢AM的会邀分享，相关资料给大家附上\n1. 会议文档：[https://bytedance.larkoffice.com/wiki/HLypwDKCpiSSqlkybKKcteF9nag](https://bytedance.larkoffice.com/wiki/HLypwDKCpiSSqlkybKKcteF9nag)\n2. 会议的录屏：[https://bytedance.sg.larkoffice.com/minutes/obsgh1jkx8opuo318g9s876p](https://bytedance.sg.larkoffice.com/minutes/obsgh1jkx8opuo318g9s876p)\n\n**⏰【百万富翁】报名提醒：**还有**259**位商家完成了后台报名**未登记【商家信息登记表】**，辛苦AM**转发下方报名提醒卡片给到商家朋友**，**详细的名单查询>>>**[https://bytedance.larkoffice.com/wiki/KJ2OwjEOnic3UIknkJMcgQunnKc?sheet=J9DOmP](https://bytedance.larkoffice.com/wiki/KJ2OwjEOnic3UIknkJMcgQunnKc?sheet=J9DOmP)","missing_fields":["due_time"],"ack_lock":{"status":"pending","tag":"[⚠️待接单/未响应]","evidence":"未在时间窗口内检测到责任人认领（收到/1/OK/表情等）"}}}
{"type":"chat_task","target_id":"mentions_me_global","target_title":"全局@我","chat_id":"","chat_name":"未知群聊","chat_link":"","message_link":"","jump_link":"","message_id":"om_x100b50e2ea9f54a0e2deaba8d4aeaac","task":{"is_task":true,"task_name":"【百万富翁】","summary":"【百万富翁】","task_type":"","assigner":"","owners":["所有人","大家"],"owner_mapping":[{"owner":"所有人","scope":""},{"owner":"大家","scope":""}],"owner_resolution_status":"partial","due_time":null,"deliverable":null,"source_message_ids":["om_x100b50e2ea9f54a0e2deaba8d4aeaac"],"suggestion_reply":"收到～为了方便大家后续跟进，建议按【动词+交付物/事项+时间节点】补全一下：最晚截止时间 / DDL。另外也建议在消息里用【任务名称】格式明确指出待办。谢谢～","evidence":["消息中包含【】锚点，任务名直接继承原话","消息中包含【】锚点，按规则高优判定为任务"],"source_messages_full":[{"message_id":"om_x100b50e2ea9f54a0e2deaba8d4aeaac","sender":"","chat_id":null,"chat_name":"未知群聊","chat_link":null,"message_link":null,"jump_link":null,"create_time":"2026-05-08T12:44:53+08:00","text":"@所有人 感谢AM的会邀分享，相关资料给大家附上\n1. 会议文档：[https://bytedance.larkoffice.com/wiki/HLypwDKCpiSSqlkybKKcteF9nag](https://bytedance.larkoffice.com/wiki/HLypwDKCpiSSqlkybKKcteF9nag)\n2. 会议的录屏：[https://bytedance.sg.larkoffice.com/minutes/obsgh1jkx8opuo318g9s876p](https://bytedance.sg.larkoffice.com/minutes/obsgh1jkx8opuo318g9s876p)\n\n**⏰【百万富翁】报名提醒：**还有**259**位商家完成了后台报名**未登记【商家信息登记表】**，辛苦AM**转发下方报名提醒卡片给到商家朋友**，**详细的名单查询>>>**[https://bytedance.larkoffice.com/wiki/KJ2OwjEOnic3UIknkJMcgQunnKc?sheet=J9DOmP](https://bytedance.larkoffice.com/wiki/KJ2OwjEOnic3UIknkJMcgQunnKc?sheet=J9DOmP)"}],"source_text_full":"@所有人 感谢AM的会邀分享，相关资料给大家附上\n1. 会议文档：[https://bytedance.larkoffice.com/wiki/HLypwDKCpiSSqlkybKKcteF9nag](https://bytedance.larkoffice.com/wiki/HLypwDKCpiSSqlkybKKcteF9nag)\n2. 会议的录屏：[https://bytedance.sg.larkoffice.com/minutes/obsgh1jkx8opuo318g9s876p](https://bytedance.sg.larkoffice.com/minutes/obsgh1jkx8opuo318g9s876p)\n\n**⏰【百万富翁】报名提醒：**还有**259**位商家完成了后台报名**未登记【商家信息登记表】**，辛苦AM**转发下方报名提醒卡片给到商家朋友**，**详细的名单查询>>>**[https://bytedance.larkoffice.com/wiki/KJ2OwjEOnic3UIknkJMcgQunnKc?sheet=J9DOmP](https://bytedance.larkoffice.com/wiki/KJ2OwjEOnic3UIknkJMcgQunnKc?sheet=J9DOmP)","missing_fields":["due_time"],"ack_lock":{"status":"pending","tag":"[⚠️待接单/未响应]","evidence":"未在时间窗口内检测到责任人认领（收到/1/OK/表情等）"}}}
{"type":"mention_message_new","target_id":"mentions_me_global","target_title":"全局@我","chat_id":"","chat_name":"未知群聊","chat_link":"","message_link":"","jump_link":"","message_id":"om_x100b50e3134b78a0e158460c2009eb2","sender":"","create_time":"2026-05-08T13:34:16+08:00","text":"@吴鸿生 @于奇楠  哥，麻烦看看  我们没有引导任何第三方平台呢 ，链接也没有[吐血]"}
{"type":"chat_task","target_id":"mentions_me_global","target_title":"全局@我","chat_id":"","chat_name":"未知群聊","chat_link":"","message_link":"","jump_link":"","message_id":"om_x100b50e3134b78a0e158460c2009eb2","task":{"is_task":true,"task_name":"【核实是否引导第三方平台或链接】","summary":"【核实是否引导第三方平台或链接】","task_type":"核实","assigner":"ou_19f3e7dc25b4243959185bf233b0eb56","owners":["吴鸿生","于奇楠"],"owner_mapping":[{"owner":"吴鸿生","scope":"assignee"},{"owner":"于奇楠","scope":"assignee"}],"owner_resolution_status":"full","due_time":null,"deliverable":"核实结果","source_message_ids":["om_x100b50e3134b78a0e158460c2009eb2"],"suggestion_reply":"收到，跟进【核实是否引导第三方平台或链接】这项工作。请问期望何时完成核实？（建议使用【任务名称】格式明确待办事项）","evidence":["@吴鸿生 @于奇楠  哥，麻烦看看  我们没有引导任何第三方平台呢 ，链接也没有[吐血]"],"source_messages_full":[{"message_id":"om_x100b50e3134b78a0e158460c2009eb2","sender":"","chat_id":null,"chat_name":"未知群聊","chat_link":null,"message_link":null,"jump_link":null,"create_time":"2026-05-08T13:34:16+08:00","text":"@吴鸿生 @于奇楠  哥，麻烦看看  我们没有引导任何第三方平台呢 ，链接也没有[吐血]"}],"source_text_full":"@吴鸿生 @于奇楠  哥，麻烦看看  我们没有引导任何第三方平台呢 ，链接也没有[吐血]","missing_fields":["due_time"],"ack_lock":{"status":"pending","tag":"[⚠️待接单/未响应]","evidence":"未在时间窗口内检测到责任人认领（收到/1/OK/表情等）"}}}
{"type":"mention_message_new","target_id":"mentions_me_global","target_title":"全局@我","chat_id":"","chat_name":"未知群聊","chat_link":"","message_link":"","jump_link":"","message_id":"om_x100b50e32abdd884c2af22d10f2d466","sender":"","create_time":"2026-05-08T13:36:07+08:00","text":"**📌 任务巡检提醒**\n**日期**：2026-05-08\n\n**异常任务**：19\n\n🔴 **【已超期】**\n\n📌 **【任务名】**：靶向100个商家\n👤 **负责人**：<at id=ou_8ab4cba1aeb565edc3a10f6b2b1cd209></at>、<at id=ou_aacf87be9468a16dc08c8a1d6bbd5498></at>、<at id=ou_4ad4ccbd30c3f911f3ef48f851323269></at>、<at id=ou_6c70ae770e15cbea5f29d590de12b26d></at>\n⏰ **DDL**：2026-04-30（已超期 8 天）\n🧭 **分类**：已超期\n\n📌 **【任务名】**：【招商活动】设定目标并进行5分钟复盘\n👤 **负责人**：<at id=ou_aacf87be9468a16dc08c8a1d6bbd5498></at>、<at id=ou_6c70ae770e15cbea5f29d590de12b26d></at>、<at id=ou_900ddd9ff611254a74ac32adafc016b4></at>\n⏰ **DDL**：2026-05-07（已超期 1 天）\n🧭 **分类**：已超期\n\n🟡 **【缺失 DDL】**\n\n📌 **【任务名】**：Leads管理表\n👤 **负责人**：<at id=ou_aacf87be9468a16dc08c8a1d6bbd5498></at>\n⏰ **DDL**：无（连续 6 天异常：DDL为空）\n🧭 **分类**：缺失 DDL\n\n📌 **【任务名】**：商家工具包\n👤 **负责人**：<at id=ou_8ab4cba1aeb565edc3a10f6b2b1cd209></at>\n⏰ **DDL**：无（连续 6 天异常：DDL为空）\n🧭 **分类**：缺失 DDL\n\n📌 **【任务名】**：【可用Leads】梳理\n👤 **负责人**：<at id=ou_6c70ae770e15cbea5f29d590de12b26d></at>\n⏰ **DDL**：无（连续 6 天异常：DDL为空）\n🧭 **分类**：缺失 DDL\n\n📌 **【任务名】**：新增HIPO商家类型\n👤 **负责人**：<at id=ou_6c70ae770e15cbea5f29d590de12b26d></at>\n⏰ **DDL**：无（连续 6 天异常：DDL为空）\n🧭 **分类**：缺失 DDL\n\n📌 **【任务名】**：针对sps大于4分的美区卖家\n透过BD pitch成功到欧洲了，是否算业绩\n👤 **负责人**：<at id=ou_900ddd9ff611254a74ac32adafc016b4></at>\n⏰ **DDL**：无（连续 2 天异常：DDL为空）\n🧭 **分类**：缺失 DDL\n\n📌 **【任务名】**：飞书词典跨公司同步，将TTS专有名词同步给商家飞书。\n👤 **负责人**：<at id=ou_900ddd9ff611254a74ac32adafc016b4></at>\n⏰ **DDL**：无（连续 2 天异常：DDL为空）\n🧭 **分类**：缺失 DDL\n\n📌 **【任务名】**：US头商沟通入驻\n👤 **负责人**：<at id=ou_6cf0a23eaf26cd8c095ae816f79d552c></at>\n⏰ **DDL**：无（连续 1 天异常：DDL为空）\n🧭 **分类**：缺失 DDL\n\n📌 **【任务名】**：CNOB协同\n👤 **负责人**：<at id=ou_6cf0a23eaf26cd8c095ae816f79d552c></at>\n⏰ **DDL**：无（连续 1 天异常：DDL为空）\n🧭 **分类**：缺失 DDL\n\n📌 **【任务名】**：大商认证/打标流程提效\n👤 **负责人**：<at id=ou_6c70ae770e15cbea5f29d590de12b26d></at>\n⏰ **DDL**：无（连续 1 天异常：DDL为空）\n🧭 **分类**：缺失 DDL\n\n📌 **【任务名】**：6.23新市场上线商家大会\n👤 **负责人**：<at id=ou_6c70ae770e15cbea5f29d590de12b26d></at>\n⏰ **DDL**：无（连续 1 天异常：DDL为空）\n🧭 **分类**：缺失 DDL\n\n🟠 **【临近到期】**\n\n📌 **【任务名】**：商家入驻one-pager\n👤 **负责人**：<at id=ou_4ad4ccbd30c3f911f3ef48f851323269></at>\n⏰ **DDL**：2026-05-10（距离 2 天）\n🧭 **分类**：临近到期\n\n📌 **【任务名】**：其他(关店挽回GMV)\n👤 **负责人**：<at id=ou_900ddd9ff611254a74ac32adafc016b4></at>\n⏰ **DDL**：2026-05-10（距离 2 天）\n🧭 **分类**：临近到期\n\n📌 **【任务名】**：服务商/商家关于激励侧调研\n👤 **负责人**：<at id=ou_6cf0a23eaf26cd8c095ae816f79d552c></at>\n⏰ **DDL**：2026-05-09（距离 1 天）\n🧭 **分类**：临近到期\n\n🟣 **【格式异常】**\n\n📌 **【任务名】**：商家入驻卡点收集\n👤 **负责人**：未分配\n⏰ **DDL**：无（连续 6 天异常：负责人为空）\n🧭 **分类**：格式异常\n\n📌 **【任务名】**：UK招商专项\n👤 **负责人**：未分配\n⏰ **DDL**：无（连续 2 天异常：负责人为空）\n🧭 **分类**：格式异常\n\n📌 **【任务名】**：市场建设\n👤 **负责人**：<at id=ou_6c70ae770e15cbea5f29d590de12b26d></at>\n⏰ **DDL**：本季度20场（连续 6 天异常：DDL无法解析（unrecognized））\n🧭 **分类**：格式异常\n\n📌 **【任务名】**：BD重点专项（5月）\n👤 **负责人**：未分配\n⏰ **DDL**：无（连续 6 天异常：负责人为空）\n🧭 **分类**：格式异常\n---\n[前往任务工作站处理](https://bytedance.larkoffice.com/wiki/Yl6lwic1EiF2d3kHnzccZinsnLV?sheet=KmlJhs)\n> \n"}
{"type":"chat_task","target_id":"mentions_me_global","target_title":"全局@我","chat_id":"","chat_name":"未知群聊","chat_link":"","message_link":"","jump_link":"","message_id":"om_x100b50e32abdd884c2af22d10f2d466","task":{"is_task":true,"task_name":"【已超期】","summary":"【已超期】","task_type":"","assigner":"","owners":[],"owner_mapping":[],"owner_resolution_status":"none","due_time":null,"deliverable":null,"source_message_ids":["om_x100b50e32abdd884c2af22d10f2d466"],"suggestion_reply":"收到～为了方便大家后续跟进，建议按【动词+交付物/事项+时间节点】补全一下：负责人（可以直接 @ 一下具体同学）、最晚截止时间 / DDL。另外也建议在消息里用【任务名称】格式明确指出待办。谢谢～","evidence":["消息中包含【】锚点，任务名直接继承原话","消息中包含【】锚点，按规则高优判定为任务"],"source_messages_full":[{"message_id":"om_x100b50e32abdd884c2af22d10f2d466","sender":"","chat_id":null,"chat_name":"未知群聊","chat_link":null,"message_link":null,"jump_link":null,"create_time":"2026-05-08T13:36:07+08:00","text":"**📌 任务巡检提醒**\n**日期**：2026-05-08\n\n**异常任务**：19\n\n🔴 **【已超期】**\n\n📌 **【任务名】**：靶向100个商家\n👤 **负责人**：<at id=ou_8ab4cba1aeb565edc3a10f6b2b1cd209></at>、<at id=ou_aacf87be9468a16dc08c8a1d6bbd5498></at>、<at id=ou_4ad4ccbd30c3f911f3ef48f851323269></at>、<at id=ou_6c70ae770e15cbea5f29d590de12b26d></at>\n⏰ **DDL**：2026-04-30（已超期 8 天）\n🧭 **分类**：已超期\n\n📌 **【任务名】**：【招商活动】设定目标并进行5分钟复盘\n👤 **负责人**：<at id=ou_aacf87be9468a16dc08c8a1d6bbd5498></at>、<at id=ou_6c70ae770e15cbea5f29d590de12b26d></at>、<at id=ou_900ddd9ff611254a74ac32adafc016b4></at>\n⏰ **DDL**：2026-05-07（已超期 1 天）\n🧭 **分类**：已超期\n\n🟡 **【缺失 DDL】**\n\n📌 **【任务名】**：Leads管理表\n👤 **负责人**：<at id=ou_aacf87be9468a16dc08c8a1d6bbd5498></at>\n⏰ **DDL**：无（连续 6 天异常：DDL为空）\n🧭 **分类**：缺失 DDL\n\n📌 **【任务名】**：商家工具包\n👤 **负责人**：<at id=ou_8ab4cba1aeb565edc3a10f6b2b1cd209></at>\n⏰ **DDL**：无（连续 6 天异常：DDL为空）\n🧭 **分类**：缺失 DDL\n\n📌 **【任务名】**：【可用Leads】梳理\n👤 **负责人**：<at id=ou_6c70ae770e15cbea5f29d590de12b26d></at>\n⏰ **DDL**：无（连续 6 天异常：DDL为空）\n🧭 **分类**：缺失 DDL\n\n📌 **【任务名】**：新增HIPO商家类型\n👤 **负责人**：<at id=ou_6c70ae770e15cbea5f29d590de12b26d></at>\n⏰ **DDL**：无（连续 6 天异常：DDL为空）\n🧭 **分类**：缺失 DDL\n\n📌 **【任务名】**：针对sps大于4分的美区卖家\n透过BD pitch成功到欧洲了，是否算业绩\n👤 **负责人**：<at id=ou_900ddd9ff611254a74ac32adafc016b4></at>\n⏰ **DDL**：无（连续 2 天异常：DDL为空）\n🧭 **分类**：缺失 DDL\n\n📌 **【任务名】**：飞书词典跨公司同步，将TTS专有名词同步给商家飞书。\n👤 **负责人**：<at id=ou_900ddd9ff611254a74ac32adafc016b4></at>\n⏰ **DDL**：无（连续 2 天异常：DDL为空）\n🧭 **分类**：缺失 DDL\n\n📌 **【任务名】**：US头商沟通入驻\n👤 **负责人**：<at id=ou_6cf0a23eaf26cd8c095ae816f79d552c></at>\n⏰ **DDL**：无（连续 1 天异常：DDL为空）\n🧭 **分类**：缺失 DDL\n\n📌 **【任务名】**：CNOB协同\n👤 **负责人**：<at id=ou_6cf0a23eaf26cd8c095ae816f79d552c></at>\n⏰ **DDL**：无（连续 1 天异常：DDL为空）\n🧭 **分类**：缺失 DDL\n\n📌 **【任务名】**：大商认证/打标流程提效\n👤 **负责人**：<at id=ou_6c70ae770e15cbea5f29d590de12b26d></at>\n⏰ **DDL**：无（连续 1 天异常：DDL为空）\n🧭 **分类**：缺失 DDL\n\n📌 **【任务名】**：6.23新市场上线商家大会\n👤 **负责人**：<at id=ou_6c70ae770e15cbea5f29d590de12b26d></at>\n⏰ **DDL**：无（连续 1 天异常：DDL为空）\n🧭 **分类**：缺失 DDL\n\n🟠 **【临近到期】**\n\n📌 **【任务名】**：商家入驻one-pager\n👤 **负责人**：<at id=ou_4ad4ccbd30c3f911f3ef48f851323269></at>\n⏰ **DDL**：2026-05-10（距离 2 天）\n🧭 **分类**：临近到期\n\n📌 **【任务名】**：其他(关店挽回GMV)\n👤 **负责人**：<at id=ou_900ddd9ff611254a74ac32adafc016b4></at>\n⏰ **DDL**：2026-05-10（距离 2 天）\n🧭 **分类**：临近到期\n\n📌 **【任务名】**：服务商/商家关于激励侧调研\n👤 **负责人**：<at id=ou_6cf0a23eaf26cd8c095ae816f79d552c></at>\n⏰ **DDL**：2026-05-09（距离 1 天）\n🧭 **分类**：临近到期\n\n🟣 **【格式异常】**\n\n📌 **【任务名】**：商家入驻卡点收集\n👤 **负责人**：未分配\n⏰ **DDL**：无（连续 6 天异常：负责人为空）\n🧭 **分类**：格式异常\n\n📌 **【任务名】**：UK招商专项\n👤 **负责人**：未分配\n⏰ **DDL**：无（连续 2 天异常：负责人为空）\n🧭 **分类**：格式异常\n\n📌 **【任务名】**：市场建设\n👤 **负责人**：<at id=ou_6c70ae770e15cbea5f29d590de12b26d></at>\n⏰ **DDL**：本季度20场（连续 6 天异常：DDL无法解析（unrecognized））\n🧭 **分类**：格式异常\n\n📌 **【任务名】**：BD重点专项（5月）\n👤 **负责人**：未分配\n⏰ **DDL**：无（连续 6 天异常：负责人为空）\n🧭 **分类**：格式异常\n---\n[前往任务工作站处理](https://bytedance.larkoffice.com/wiki/Yl6lwic1EiF2d3kHnzccZinsnLV?sheet=KmlJhs)\n> \n"}],"source_text_full":"**📌 任务巡检提醒**\n**日期**：2026-05-08\n\n**异常任务**：19\n\n🔴 **【已超期】**\n\n📌 **【任务名】**：靶向100个商家\n👤 **负责人**：<at id=ou_8ab4cba1aeb565edc3a10f6b2b1cd209></at>、<at id=ou_aacf87be9468a16dc08c8a1d6bbd5498></at>、<at id=ou_4ad4ccbd30c3f911f3ef48f851323269></at>、<at id=ou_6c70ae770e15cbea5f29d590de12b26d></at>\n⏰ **DDL**：2026-04-30（已超期 8 天）\n🧭 **分类**：已超期\n\n📌 **【任务名】**：【招商活动】设定目标并进行5分钟复盘\n👤 **负责人**：<at id=ou_aacf87be9468a16dc08c8a1d6bbd5498></at>、<at id=ou_6c70ae770e15cbea5f29d590de12b26d></at>、<at id=ou_900ddd9ff611254a74ac32adafc016b4></at>\n⏰ **DDL**：2026-05-07（已超期 1 天）\n🧭 **分类**：已超期\n\n🟡 **【缺失 DDL】**\n\n📌 **【任务名】**：Leads管理表\n👤 **负责人**：<at id=ou_aacf87be9468a16dc08c8a1d6bbd5498></at>\n⏰ **DDL**：无（连续 6 天异常：DDL为空）\n🧭 **分类**：缺失 DDL\n\n📌 **【任务名】**：商家工具包\n👤 **负责人**：<at id=ou_8ab4cba1aeb565edc3a10f6b2b1cd209></at>\n⏰ **DDL**：无（连续 6 天异常：DDL为空）\n🧭 **分类**：缺失 DDL\n\n📌 **【任务名】**：【可用Leads】梳理\n👤 **负责人**：<at id=ou_6c70ae770e15cbea5f29d590de12b26d></at>\n⏰ **DDL**：无（连续 6 天异常：DDL为空）\n🧭 **分类**：缺失 DDL\n\n📌 **【任务名】**：新增HIPO商家类型\n👤 **负责人**：<at id=ou_6c70ae770e15cbea5f29d590de12b26d></at>\n⏰ **DDL**：无（连续 6 天异常：DDL为空）\n🧭 **分类**：缺失 DDL\n\n📌 **【任务名】**：针对sps大于4分的美区卖家\n透过BD pitch成功到欧洲了，是否算业绩\n👤 **负责人**：<at id=ou_900ddd9ff611254a74ac32adafc016b4></at>\n⏰ **DDL**：无（连续 2 天异常：DDL为空）\n🧭 **分类**：缺失 DDL\n\n📌 **【任务名】**：飞书词典跨公司同步，将TTS专有名词同步给商家飞书。\n👤 **负责人**：<at id=ou_900ddd9ff611254a74ac32adafc016b4></at>\n⏰ **DDL**：无（连续 2 天异常：DDL为空）\n🧭 **分类**：缺失 DDL\n\n📌 **【任务名】**：US头商沟通入驻\n👤 **负责人**：<at id=ou_6cf0a23eaf26cd8c095ae816f79d552c></at>\n⏰ **DDL**：无（连续 1 天异常：DDL为空）\n🧭 **分类**：缺失 DDL\n\n📌 **【任务名】**：CNOB协同\n👤 **负责人**：<at id=ou_6cf0a23eaf26cd8c095ae816f79d552c></at>\n⏰ **DDL**：无（连续 1 天异常：DDL为空）\n🧭 **分类**：缺失 DDL\n\n📌 **【任务名】**：大商认证/打标流程提效\n👤 **负责人**：<at id=ou_6c70ae770e15cbea5f29d590de12b26d></at>\n⏰ **DDL**：无（连续 1 天异常：DDL为空）\n🧭 **分类**：缺失 DDL\n\n📌 **【任务名】**：6.23新市场上线商家大会\n👤 **负责人**：<at id=ou_6c70ae770e15cbea5f29d590de12b26d></at>\n⏰ **DDL**：无（连续 1 天异常：DDL为空）\n🧭 **分类**：缺失 DDL\n\n🟠 **【临近到期】**\n\n📌 **【任务名】**：商家入驻one-pager\n👤 **负责人**：<at id=ou_4ad4ccbd30c3f911f3ef48f851323269></at>\n⏰ **DDL**：2026-05-10（距离 2 天）\n🧭 **分类**：临近到期\n\n📌 **【任务名】**：其他(关店挽回GMV)\n👤 **负责人**：<at id=ou_900ddd9ff611254a74ac32adafc016b4></at>\n⏰ **DDL**：2026-05-10（距离 2 天）\n🧭 **分类**：临近到期\n\n📌 **【任务名】**：服务商/商家关于激励侧调研\n👤 **负责人**：<at id=ou_6cf0a23eaf26cd8c095ae816f79d552c></at>\n⏰ **DDL**：2026-05-09（距离 1 天）\n🧭 **分类**：临近到期\n\n🟣 **【格式异常】**\n\n📌 **【任务名】**：商家入驻卡点收集\n👤 **负责人**：未分配\n⏰ **DDL**：无（连续 6 天异常：负责人为空）\n🧭 **分类**：格式异常\n\n📌 **【任务名】**：UK招商专项\n👤 **负责人**：未分配\n⏰ **DDL**：无（连续 2 天异常：负责人为空）\n🧭 **分类**：格式异常\n\n📌 **【任务名】**：市场建设\n👤 **负责人**：<at id=ou_6c70ae770e15cbea5f29d590de12b26d></at>\n⏰ **DDL**：本季度20场（连续 6 天异常：DDL无法解析（unrecognized））\n🧭 **分类**：格式异常\n\n📌 **【任务名】**：BD重点专项（5月）\n👤 **负责人**：未分配\n⏰ **DDL**：无（连续 6 天异常：负责人为空）\n🧭 **分类**：格式异常\n---\n[前往任务工作站处理](https://bytedance.larkoffice.com/wiki/Yl6lwic1EiF2d3kHnzccZinsnLV?sheet=KmlJhs)\n> \n","missing_fields":["owners","due_time"],"ack_lock":{"status":"pending","tag":"[⚠️待接单/未响应]","evidence":"未在时间窗口内检测到责任人认领（收到/1/OK/表情等）"}}}
{"type":"chat_task","target_id":"mentions_me_global","target_title":"全局@我","chat_id":"","chat_name":"未知群聊","chat_link":"","message_link":"","jump_link":"","message_id":"om_x100b50e32abdd884c2af22d10f2d466","task":{"is_task":true,"task_name":"【已超期】","summary":"【已超期】","task_type":"","assigner":"","owners":[],"owner_mapping":[],"owner_resolution_status":"none","due_time":null,"deliverable":null,"source_message_ids":["om_x100b50e32abdd884c2af22d10f2d466"],"suggestion_reply":"收到～为了方便大家后续跟进，建议按【动词+交付物/事项+时间节点】补全一下：负责人（可以直接 @ 一下具体同学）、最晚截止时间 / DDL。另外也建议在消息里用【任务名称】格式明确指出待办。谢谢～","evidence":["消息中包含【】锚点，任务名直接继承原话","消息中包含【】锚点，按规则高优判定为任务"],"source_messages_full":[{"message_id":"om_x100b50e32abdd884c2af22d10f2d466","sender":"","chat_id":null,"chat_name":"未知群聊","chat_link":null,"message_link":null,"jump_link":null,"create_time":"2026-05-08T13:36:07+08:00","text":"**📌 任务巡检提醒**\n**日期**：2026-05-08\n\n**异常任务**：19\n\n🔴 **【已超期】**\n\n📌 **【任务名】**：靶向100个商家\n👤 **负责人**：<at id=ou_8ab4cba1aeb565edc3a10f6b2b1cd209></at>、<at id=ou_aacf87be9468a16dc08c8a1d6bbd5498></at>、<at id=ou_4ad4ccbd30c3f911f3ef48f851323269></at>、<at id=ou_6c70ae770e15cbea5f29d590de12b26d></at>\n⏰ **DDL**：2026-04-30（已超期 8 天）\n🧭 **分类**：已超期\n\n📌 **【任务名】**：【招商活动】设定目标并进行5分钟复盘\n👤 **负责人**：<at id=ou_aacf87be9468a16dc08c8a1d6bbd5498></at>、<at id=ou_6c70ae770e15cbea5f29d590de12b26d></at>、<at id=ou_900ddd9ff611254a74ac32adafc016b4></at>\n⏰ **DDL**：2026-05-07（已超期 1 天）\n🧭 **分类**：已超期\n\n🟡 **【缺失 DDL】**\n\n📌 **【任务名】**：Leads管理表\n👤 **负责人**：<at id=ou_aacf87be9468a16dc08c8a1d6bbd5498></at>\n⏰ **DDL**：无（连续 6 天异常：DDL为空）\n🧭 **分类**：缺失 DDL\n\n📌 **【任务名】**：商家工具包\n👤 **负责人**：<at id=ou_8ab4cba1aeb565edc3a10f6b2b1cd209></at>\n⏰ **DDL**：无（连续 6 天异常：DDL为空）\n🧭 **分类**：缺失 DDL\n\n📌 **【任务名】**：【可用Leads】梳理\n👤 **负责人**：<at id=ou_6c70ae770e15cbea5f29d590de12b26d></at>\n⏰ **DDL**：无（连续 6 天异常：DDL为空）\n🧭 **分类**：缺失 DDL\n\n📌 **【任务名】**：新增HIPO商家类型\n👤 **负责人**：<at id=ou_6c70ae770e15cbea5f29d590de12b26d></at>\n⏰ **DDL**：无（连续 6 天异常：DDL为空）\n🧭 **分类**：缺失 DDL\n\n📌 **【任务名】**：针对sps大于4分的美区卖家\n透过BD pitch成功到欧洲了，是否算业绩\n👤 **负责人**：<at id=ou_900ddd9ff611254a74ac32adafc016b4></at>\n⏰ **DDL**：无（连续 2 天异常：DDL为空）\n🧭 **分类**：缺失 DDL\n\n📌 **【任务名】**：飞书词典跨公司同步，将TTS专有名词同步给商家飞书。\n👤 **负责人**：<at id=ou_900ddd9ff611254a74ac32adafc016b4></at>\n⏰ **DDL**：无（连续 2 天异常：DDL为空）\n🧭 **分类**：缺失 DDL\n\n📌 **【任务名】**：US头商沟通入驻\n👤 **负责人**：<at id=ou_6cf0a23eaf26cd8c095ae816f79d552c></at>\n⏰ **DDL**：无（连续 1 天异常：DDL为空）\n🧭 **分类**：缺失 DDL\n\n📌 **【任务名】**：CNOB协同\n👤 **负责人**：<at id=ou_6cf0a23eaf26cd8c095ae816f79d552c></at>\n⏰ **DDL**：无（连续 1 天异常：DDL为空）\n🧭 **分类**：缺失 DDL\n\n📌 **【任务名】**：大商认证/打标流程提效\n👤 **负责人**：<at id=ou_6c70ae770e15cbea5f29d590de12b26d></at>\n⏰ **DDL**：无（连续 1 天异常：DDL为空）\n🧭 **分类**：缺失 DDL\n\n📌 **【任务名】**：6.23新市场上线商家大会\n👤 **负责人**：<at id=ou_6c70ae770e15cbea5f29d590de12b26d></at>\n⏰ **DDL**：无（连续 1 天异常：DDL为空）\n🧭 **分类**：缺失 DDL\n\n🟠 **【临近到期】**\n\n📌 **【任务名】**：商家入驻one-pager\n👤 **负责人**：<at id=ou_4ad4ccbd30c3f911f3ef48f851323269></at>\n⏰ **DDL**：2026-05-10（距离 2 天）\n🧭 **分类**：临近到期\n\n📌 **【任务名】**：其他(关店挽回GMV)\n👤 **负责人**：<at id=ou_900ddd9ff611254a74ac32adafc016b4></at>\n⏰ **DDL**：2026-05-10（距离 2 天）\n🧭 **分类**：临近到期\n\n📌 **【任务名】**：服务商/商家关于激励侧调研\n👤 **负责人**：<at id=ou_6cf0a23eaf26cd8c095ae816f79d552c></at>\n⏰ **DDL**：2026-05-09（距离 1 天）\n🧭 **分类**：临近到期\n\n🟣 **【格式异常】**\n\n📌 **【任务名】**：商家入驻卡点收集\n👤 **负责人**：未分配\n⏰ **DDL**：无（连续 6 天异常：负责人为空）\n🧭 **分类**：格式异常\n\n📌 **【任务名】**：UK招商专项\n👤 **负责人**：未分配\n⏰ **DDL**：无（连续 2 天异常：负责人为空）\n🧭 **分类**：格式异常\n\n📌 **【任务名】**：市场建设\n👤 **负责人**：<at id=ou_6c70ae770e15cbea5f29d590de12b26d></at>\n⏰ **DDL**：本季度20场（连续 6 天异常：DDL无法解析（unrecognized））\n🧭 **分类**：格式异常\n\n📌 **【任务名】**：BD重点专项（5月）\n👤 **负责人**：未分配\n⏰ **DDL**：无（连续 6 天异常：负责人为空）\n🧭 **分类**：格式异常\n---\n[前往任务工作站处理](https://bytedance.larkoffice.com/wiki/Yl6lwic1EiF2d3kHnzccZinsnLV?sheet=KmlJhs)\n> \n"}],"source_text_full":"**📌 任务巡检提醒**\n**日期**：2026-05-08\n\n**异常任务**：19\n\n🔴 **【已超期】**\n\n📌 **【任务名】**：靶向100个商家\n👤 **负责人**：<at id=ou_8ab4cba1aeb565edc3a10f6b2b1cd209></at>、<at id=ou_aacf87be9468a16dc08c8a1d6bbd5498></at>、<at id=ou_4ad4ccbd30c3f911f3ef48f851323269></at>、<at id=ou_6c70ae770e15cbea5f29d590de12b26d></at>\n⏰ **DDL**：2026-04-30（已超期 8 天）\n🧭 **分类**：已超期\n\n📌 **【任务名】**：【招商活动】设定目标并进行5分钟复盘\n👤 **负责人**：<at id=ou_aacf87be9468a16dc08c8a1d6bbd5498></at>、<at id=ou_6c70ae770e15cbea5f29d590de12b26d></at>、<at id=ou_900ddd9ff611254a74ac32adafc016b4></at>\n⏰ **DDL**：2026-05-07（已超期 1 天）\n🧭 **分类**：已超期\n\n🟡 **【缺失 DDL】**\n\n📌 **【任务名】**：Leads管理表\n👤 **负责人**：<at id=ou_aacf87be9468a16dc08c8a1d6bbd5498></at>\n⏰ **DDL**：无（连续 6 天异常：DDL为空）\n🧭 **分类**：缺失 DDL\n\n📌 **【任务名】**：商家工具包\n👤 **负责人**：<at id=ou_8ab4cba1aeb565edc3a10f6b2b1cd209></at>\n⏰ **DDL**：无（连续 6 天异常：DDL为空）\n🧭 **分类**：缺失 DDL\n\n📌 **【任务名】**：【可用Leads】梳理\n👤 **负责人**：<at id=ou_6c70ae770e15cbea5f29d590de12b26d></at>\n⏰ **DDL**：无（连续 6 天异常：DDL为空）\n🧭 **分类**：缺失 DDL\n\n📌 **【任务名】**：新增HIPO商家类型\n👤 **负责人**：<at id=ou_6c70ae770e15cbea5f29d590de12b26d></at>\n⏰ **DDL**：无（连续 6 天异常：DDL为空）\n🧭 **分类**：缺失 DDL\n\n📌 **【任务名】**：针对sps大于4分的美区卖家\n透过BD pitch成功到欧洲了，是否算业绩\n👤 **负责人**：<at id=ou_900ddd9ff611254a74ac32adafc016b4></at>\n⏰ **DDL**：无（连续 2 天异常：DDL为空）\n🧭 **分类**：缺失 DDL\n\n📌 **【任务名】**：飞书词典跨公司同步，将TTS专有名词同步给商家飞书。\n👤 **负责人**：<at id=ou_900ddd9ff611254a74ac32adafc016b4></at>\n⏰ **DDL**：无（连续 2 天异常：DDL为空）\n🧭 **分类**：缺失 DDL\n\n📌 **【任务名】**：US头商沟通入驻\n👤 **负责人**：<at id=ou_6cf0a23eaf26cd8c095ae816f79d552c></at>\n⏰ **DDL**：无（连续 1 天异常：DDL为空）\n🧭 **分类**：缺失 DDL\n\n📌 **【任务名】**：CNOB协同\n👤 **负责人**：<at id=ou_6cf0a23eaf26cd8c095ae816f79d552c></at>\n⏰ **DDL**：无（连续 1 天异常：DDL为空）\n🧭 **分类**：缺失 DDL\n\n📌 **【任务名】**：大商认证/打标流程提效\n👤 **负责人**：<at id=ou_6c70ae770e15cbea5f29d590de12b26d></at>\n⏰ **DDL**：无（连续 1 天异常：DDL为空）\n🧭 **分类**：缺失 DDL\n\n📌 **【任务名】**：6.23新市场上线商家大会\n👤 **负责人**：<at id=ou_6c70ae770e15cbea5f29d590de12b26d></at>\n⏰ **DDL**：无（连续 1 天异常：DDL为空）\n🧭 **分类**：缺失 DDL\n\n🟠 **【临近到期】**\n\n📌 **【任务名】**：商家入驻one-pager\n👤 **负责人**：<at id=ou_4ad4ccbd30c3f911f3ef48f851323269></at>\n⏰ **DDL**：2026-05-10（距离 2 天）\n🧭 **分类**：临近到期\n\n📌 **【任务名】**：其他(关店挽回GMV)\n👤 **负责人**：<at id=ou_900ddd9ff611254a74ac32adafc016b4></at>\n⏰ **DDL**：2026-05-10（距离 2 天）\n🧭 **分类**：临近到期\n\n📌 **【任务名】**：服务商/商家关于激励侧调研\n👤 **负责人**：<at id=ou_6cf0a23eaf26cd8c095ae816f79d552c></at>\n⏰ **DDL**：2026-05-09（距离 1 天）\n🧭 **分类**：临近到期\n\n🟣 **【格式异常】**\n\n📌 **【任务名】**：商家入驻卡点收集\n👤 **负责人**：未分配\n⏰ **DDL**：无（连续 6 天异常：负责人为空）\n🧭 **分类**：格式异常\n\n📌 **【任务名】**：UK招商专项\n👤 **负责人**：未分配\n⏰ **DDL**：无（连续 2 天异常：负责人为空）\n🧭 **分类**：格式异常\n\n📌 **【任务名】**：市场建设\n👤 **负责人**：<at id=ou_6c70ae770e15cbea5f29d590de12b26d></at>\n⏰ **DDL**：本季度20场（连续 6 天异常：DDL无法解析（unrecognized））\n🧭 **分类**：格式异常\n\n📌 **【任务名】**：BD重点专项（5月）\n👤 **负责人**：未分配\n⏰ **DDL**：无（连续 6 天异常：负责人为空）\n🧭 **分类**：格式异常\n---\n[前往任务工作站处理](https://bytedance.larkoffice.com/wiki/Yl6lwic1EiF2d3kHnzccZinsnLV?sheet=KmlJhs)\n> \n","missing_fields":["owners","due_time"],"ack_lock":{"status":"pending","tag":"[⚠️待接单/未响应]","evidence":"未在时间窗口内检测到责任人认领（收到/1/OK/表情等）"}}}
{"type":"chat_task","target_id":"mentions_me_global","target_title":"全局@我","chat_id":"","chat_name":"未知群聊","chat_link":"","message_link":"","jump_link":"","message_id":"om_x100b50e32abdd884c2af22d10f2d466","task":{"is_task":true,"task_name":"【已超期】","summary":"【已超期】","task_type":"","assigner":"","owners":[],"owner_mapping":[],"owner_resolution_status":"none","due_time":null,"deliverable":null,"source_message_ids":["om_x100b50e32abdd884c2af22d10f2d466"],"suggestion_reply":"收到～为了方便大家后续跟进，建议按【动词+交付物/事项+时间节点】补全一下：负责人（可以直接 @ 一下具体同学）、最晚截止时间 / DDL。另外也建议在消息里用【任务名称】格式明确指出待办。谢谢～","evidence":["消息中包含【】锚点，任务名直接继承原话","消息中包含【】锚点，按规则高优判定为任务"],"source_messages_full":[{"message_id":"om_x100b50e32abdd884c2af22d10f2d466","sender":"","chat_id":null,"chat_name":"未知群聊","chat_link":null,"message_link":null,"jump_link":null,"create_time":"2026-05-08T13:36:07+08:00","text":"**📌 任务巡检提醒**\n**日期**：2026-05-08\n\n**异常任务**：19\n\n🔴 **【已超期】**\n\n📌 **【任务名】**：靶向100个商家\n👤 **负责人**：<at id=ou_8ab4cba1aeb565edc3a10f6b2b1cd209></at>、<at id=ou_aacf87be9468a16dc08c8a1d6bbd5498></at>、<at id=ou_4ad4ccbd30c3f911f3ef48f851323269></at>、<at id=ou_6c70ae770e15cbea5f29d590de12b26d></at>\n⏰ **DDL**：2026-04-30（已超期 8 天）\n🧭 **分类**：已超期\n\n📌 **【任务名】**：【招商活动】设定目标并进行5分钟复盘\n👤 **负责人**：<at id=ou_aacf87be9468a16dc08c8a1d6bbd5498></at>、<at id=ou_6c70ae770e15cbea5f29d590de12b26d></at>、<at id=ou_900ddd9ff611254a74ac32adafc016b4></at>\n⏰ **DDL**：2026-05-07（已超期 1 天）\n🧭 **分类**：已超期\n\n🟡 **【缺失 DDL】**\n\n📌 **【任务名】**：Leads管理表\n👤 **负责人**：<at id=ou_aacf87be9468a16dc08c8a1d6bbd5498></at>\n⏰ **DDL**：无（连续 6 天异常：DDL为空）\n🧭 **分类**：缺失 DDL\n\n📌 **【任务名】**：商家工具包\n👤 **负责人**：<at id=ou_8ab4cba1aeb565edc3a10f6b2b1cd209></at>\n⏰ **DDL**：无（连续 6 天异常：DDL为空）\n🧭 **分类**：缺失 DDL\n\n📌 **【任务名】**：【可用Leads】梳理\n👤 **负责人**：<at id=ou_6c70ae770e15cbea5f29d590de12b26d></at>\n⏰ **DDL**：无（连续 6 天异常：DDL为空）\n🧭 **分类**：缺失 DDL\n\n📌 **【任务名】**：新增HIPO商家类型\n👤 **负责人**：<at id=ou_6c70ae770e15cbea5f29d590de12b26d></at>\n⏰ **DDL**：无（连续 6 天异常：DDL为空）\n🧭 **分类**：缺失 DDL\n\n📌 **【任务名】**：针对sps大于4分的美区卖家\n透过BD pitch成功到欧洲了，是否算业绩\n👤 **负责人**：<at id=ou_900ddd9ff611254a74ac32adafc016b4></at>\n⏰ **DDL**：无（连续 2 天异常：DDL为空）\n🧭 **分类**：缺失 DDL\n\n📌 **【任务名】**：飞书词典跨公司同步，将TTS专有名词同步给商家飞书。\n👤 **负责人**：<at id=ou_900ddd9ff611254a74ac32adafc016b4></at>\n⏰ **DDL**：无（连续 2 天异常：DDL为空）\n🧭 **分类**：缺失 DDL\n\n📌 **【任务名】**：US头商沟通入驻\n👤 **负责人**：<at id=ou_6cf0a23eaf26cd8c095ae816f79d552c></at>\n⏰ **DDL**：无（连续 1 天异常：DDL为空）\n🧭 **分类**：缺失 DDL\n\n📌 **【任务名】**：CNOB协同\n👤 **负责人**：<at id=ou_6cf0a23eaf26cd8c095ae816f79d552c></at>\n⏰ **DDL**：无（连续 1 天异常：DDL为空）\n🧭 **分类**：缺失 DDL\n\n📌 **【任务名】**：大商认证/打标流程提效\n👤 **负责人**：<at id=ou_6c70ae770e15cbea5f29d590de12b26d></at>\n⏰ **DDL**：无（连续 1 天异常：DDL为空）\n🧭 **分类**：缺失 DDL\n\n📌 **【任务名】**：6.23新市场上线商家大会\n👤 **负责人**：<at id=ou_6c70ae770e15cbea5f29d590de12b26d></at>\n⏰ **DDL**：无（连续 1 天异常：DDL为空）\n🧭 **分类**：缺失 DDL\n\n🟠 **【临近到期】**\n\n📌 **【任务名】**：商家入驻one-pager\n👤 **负责人**：<at id=ou_4ad4ccbd30c3f911f3ef48f851323269></at>\n⏰ **DDL**：2026-05-10（距离 2 天）\n🧭 **分类**：临近到期\n\n📌 **【任务名】**：其他(关店挽回GMV)\n👤 **负责人**：<at id=ou_900ddd9ff611254a74ac32adafc016b4></at>\n⏰ **DDL**：2026-05-10（距离 2 天）\n🧭 **分类**：临近到期\n\n📌 **【任务名】**：服务商/商家关于激励侧调研\n👤 **负责人**：<at id=ou_6cf0a23eaf26cd8c095ae816f79d552c></at>\n⏰ **DDL**：2026-05-09（距离 1 天）\n🧭 **分类**：临近到期\n\n🟣 **【格式异常】**\n\n📌 **【任务名】**：商家入驻卡点收集\n👤 **负责人**：未分配\n⏰ **DDL**：无（连续 6 天异常：负责人为空）\n🧭 **分类**：格式异常\n\n📌 **【任务名】**：UK招商专项\n👤 **负责人**：未分配\n⏰ **DDL**：无（连续 2 天异常：负责人为空）\n🧭 **分类**：格式异常\n\n📌 **【任务名】**：市场建设\n👤 **负责人**：<at id=ou_6c70ae770e15cbea5f29d590de12b26d></at>\n⏰ **DDL**：本季度20场（连续 6 天异常：DDL无法解析（unrecognized））\n🧭 **分类**：格式异常\n\n📌 **【任务名】**：BD重点专项（5月）\n👤 **负责人**：未分配\n⏰ **DDL**：无（连续 6 天异常：负责人为空）\n🧭 **分类**：格式异常\n---\n[前往任务工作站处理](https://bytedance.larkoffice.com/wiki/Yl6lwic1EiF2d3kHnzccZinsnLV?sheet=KmlJhs)\n> \n"}],"source_text_full":"**📌 任务巡检提醒**\n**日期**：2026-05-08\n\n**异常任务**：19\n\n🔴 **【已超期】**\n\n📌 **【任务名】**：靶向100个商家\n👤 **负责人**：<at id=ou_8ab4cba1aeb565edc3a10f6b2b1cd209></at>、<at id=ou_aacf87be9468a16dc08c8a1d6bbd5498></at>、<at id=ou_4ad4ccbd30c3f911f3ef48f851323269></at>、<at id=ou_6c70ae770e15cbea5f29d590de12b26d></at>\n⏰ **DDL**：2026-04-30（已超期 8 天）\n🧭 **分类**：已超期\n\n📌 **【任务名】**：【招商活动】设定目标并进行5分钟复盘\n👤 **负责人**：<at id=ou_aacf87be9468a16dc08c8a1d6bbd5498></at>、<at id=ou_6c70ae770e15cbea5f29d590de12b26d></at>、<at id=ou_900ddd9ff611254a74ac32adafc016b4></at>\n⏰ **DDL**：2026-05-07（已超期 1 天）\n🧭 **分类**：已超期\n\n🟡 **【缺失 DDL】**\n\n📌 **【任务名】**：Leads管理表\n👤 **负责人**：<at id=ou_aacf87be9468a16dc08c8a1d6bbd5498></at>\n⏰ **DDL**：无（连续 6 天异常：DDL为空）\n🧭 **分类**：缺失 DDL\n\n📌 **【任务名】**：商家工具包\n👤 **负责人**：<at id=ou_8ab4cba1aeb565edc3a10f6b2b1cd209></at>\n⏰ **DDL**：无（连续 6 天异常：DDL为空）\n🧭 **分类**：缺失 DDL\n\n📌 **【任务名】**：【可用Leads】梳理\n👤 **负责人**：<at id=ou_6c70ae770e15cbea5f29d590de12b26d></at>\n⏰ **DDL**：无（连续 6 天异常：DDL为空）\n🧭 **分类**：缺失 DDL\n\n📌 **【任务名】**：新增HIPO商家类型\n👤 **负责人**：<at id=ou_6c70ae770e15cbea5f29d590de12b26d></at>\n⏰ **DDL**：无（连续 6 天异常：DDL为空）\n🧭 **分类**：缺失 DDL\n\n📌 **【任务名】**：针对sps大于4分的美区卖家\n透过BD pitch成功到欧洲了，是否算业绩\n👤 **负责人**：<at id=ou_900ddd9ff611254a74ac32adafc016b4></at>\n⏰ **DDL**：无（连续 2 天异常：DDL为空）\n🧭 **分类**：缺失 DDL\n\n📌 **【任务名】**：飞书词典跨公司同步，将TTS专有名词同步给商家飞书。\n👤 **负责人**：<at id=ou_900ddd9ff611254a74ac32adafc016b4></at>\n⏰ **DDL**：无（连续 2 天异常：DDL为空）\n🧭 **分类**：缺失 DDL\n\n📌 **【任务名】**：US头商沟通入驻\n👤 **负责人**：<at id=ou_6cf0a23eaf26cd8c095ae816f79d552c></at>\n⏰ **DDL**：无（连续 1 天异常：DDL为空）\n🧭 **分类**：缺失 DDL\n\n📌 **【任务名】**：CNOB协同\n👤 **负责人**：<at id=ou_6cf0a23eaf26cd8c095ae816f79d552c></at>\n⏰ **DDL**：无（连续 1 天异常：DDL为空）\n🧭 **分类**：缺失 DDL\n\n📌 **【任务名】**：大商认证/打标流程提效\n👤 **负责人**：<at id=ou_6c70ae770e15cbea5f29d590de12b26d></at>\n⏰ **DDL**：无（连续 1 天异常：DDL为空）\n🧭 **分类**：缺失 DDL\n\n📌 **【任务名】**：6.23新市场上线商家大会\n👤 **负责人**：<at id=ou_6c70ae770e15cbea5f29d590de12b26d></at>\n⏰ **DDL**：无（连续 1 天异常：DDL为空）\n🧭 **分类**：缺失 DDL\n\n🟠 **【临近到期】**\n\n📌 **【任务名】**：商家入驻one-pager\n👤 **负责人**：<at id=ou_4ad4ccbd30c3f911f3ef48f851323269></at>\n⏰ **DDL**：2026-05-10（距离 2 天）\n🧭 **分类**：临近到期\n\n📌 **【任务名】**：其他(关店挽回GMV)\n👤 **负责人**：<at id=ou_900ddd9ff611254a74ac32adafc016b4></at>\n⏰ **DDL**：2026-05-10（距离 2 天）\n🧭 **分类**：临近到期\n\n📌 **【任务名】**：服务商/商家关于激励侧调研\n👤 **负责人**：<at id=ou_6cf0a23eaf26cd8c095ae816f79d552c></at>\n⏰ **DDL**：2026-05-09（距离 1 天）\n🧭 **分类**：临近到期\n\n🟣 **【格式异常】**\n\n📌 **【任务名】**：商家入驻卡点收集\n👤 **负责人**：未分配\n⏰ **DDL**：无（连续 6 天异常：负责人为空）\n🧭 **分类**：格式异常\n\n📌 **【任务名】**：UK招商专项\n👤 **负责人**：未分配\n⏰ **DDL**：无（连续 2 天异常：负责人为空）\n🧭 **分类**：格式异常\n\n📌 **【任务名】**：市场建设\n👤 **负责人**：<at id=ou_6c70ae770e15cbea5f29d590de12b26d></at>\n⏰ **DDL**：本季度20场（连续 6 天异常：DDL无法解析（unrecognized））\n🧭 **分类**：格式异常\n\n📌 **【任务名】**：BD重点专项（5月）\n👤 **负责人**：未分配\n⏰ **DDL**：无（连续 6 天异常：负责人为空）\n🧭 **分类**：格式异常\n---\n[前往任务工作站处理](https://bytedance.larkoffice.com/wiki/Yl6lwic1EiF2d3kHnzccZinsnLV?sheet=KmlJhs)\n> \n","missing_fields":["owners","due_time"],"ack_lock":{"status":"pending","tag":"[⚠️待接单/未响应]","evidence":"未在时间窗口内检测到责任人认领（收到/1/OK/表情等）"}}}
{"type":"chat_task","target_id":"mentions_me_global","target_title":"全局@我","chat_id":"","chat_name":"未知群聊","chat_link":"","message_link":"","jump_link":"","message_id":"om_x100b50e32abdd884c2af22d10f2d466","task":{"is_task":true,"task_name":"【已超期】","summary":"【已超期】","task_type":"","assigner":"","owners":[],"owner_mapping":[],"owner_resolution_status":"none","due_time":null,"deliverable":null,"source_message_ids":["om_x100b50e32abdd884c2af22d10f2d466"],"suggestion_reply":"收到～为了方便大家后续跟进，建议按【动词+交付物/事项+时间节点】补全一下：负责人（可以直接 @ 一下具体同学）、最晚截止时间 / DDL。另外也建议在消息里用【任务名称】格式明确指出待办。谢谢～","evidence":["消息中包含【】锚点，任务名直接继承原话","消息中包含【】锚点，按规则高优判定为任务"],"source_messages_full":[{"message_id":"om_x100b50e32abdd884c2af22d10f2d466","sender":"","chat_id":null,"chat_name":"未知群聊","chat_link":null,"message_link":null,"jump_link":null,"create_time":"2026-05-08T13:36:07+08:00","text":"**📌 任务巡检提醒**\n**日期**：2026-05-08\n\n**异常任务**：19\n\n🔴 **【已超期】**\n\n📌 **【任务名】**：靶向100个商家\n👤 **负责人**：<at id=ou_8ab4cba1aeb565edc3a10f6b2b1cd209></at>、<at id=ou_aacf87be9468a16dc08c8a1d6bbd5498></at>、<at id=ou_4ad4ccbd30c3f911f3ef48f851323269></at>、<at id=ou_6c70ae770e15cbea5f29d590de12b26d></at>\n⏰ **DDL**：2026-04-30（已超期 8 天）\n🧭 **分类**：已超期\n\n📌 **【任务名】**：【招商活动】设定目标并进行5分钟复盘\n👤 **负责人**：<at id=ou_aacf87be9468a16dc08c8a1d6bbd5498></at>、<at id=ou_6c70ae770e15cbea5f29d590de12b26d></at>、<at id=ou_900ddd9ff611254a74ac32adafc016b4></at>\n⏰ **DDL**：2026-05-07（已超期 1 天）\n🧭 **分类**：已超期\n\n🟡 **【缺失 DDL】**\n\n📌 **【任务名】**：Leads管理表\n👤 **负责人**：<at id=ou_aacf87be9468a16dc08c8a1d6bbd5498></at>\n⏰ **DDL**：无（连续 6 天异常：DDL为空）\n🧭 **分类**：缺失 DDL\n\n📌 **【任务名】**：商家工具包\n👤 **负责人**：<at id=ou_8ab4cba1aeb565edc3a10f6b2b1cd209></at>\n⏰ **DDL**：无（连续 6 天异常：DDL为空）\n🧭 **分类**：缺失 DDL\n\n📌 **【任务名】**：【可用Leads】梳理\n👤 **负责人**：<at id=ou_6c70ae770e15cbea5f29d590de12b26d></at>\n⏰ **DDL**：无（连续 6 天异常：DDL为空）\n🧭 **分类**：缺失 DDL\n\n📌 **【任务名】**：新增HIPO商家类型\n👤 **负责人**：<at id=ou_6c70ae770e15cbea5f29d590de12b26d></at>\n⏰ **DDL**：无（连续 6 天异常：DDL为空）\n🧭 **分类**：缺失 DDL\n\n📌 **【任务名】**：针对sps大于4分的美区卖家\n透过BD pitch成功到欧洲了，是否算业绩\n👤 **负责人**：<at id=ou_900ddd9ff611254a74ac32adafc016b4></at>\n⏰ **DDL**：无（连续 2 天异常：DDL为空）\n🧭 **分类**：缺失 DDL\n\n📌 **【任务名】**：飞书词典跨公司同步，将TTS专有名词同步给商家飞书。\n👤 **负责人**：<at id=ou_900ddd9ff611254a74ac32adafc016b4></at>\n⏰ **DDL**：无（连续 2 天异常：DDL为空）\n🧭 **分类**：缺失 DDL\n\n📌 **【任务名】**：US头商沟通入驻\n👤 **负责人**：<at id=ou_6cf0a23eaf26cd8c095ae816f79d552c></at>\n⏰ **DDL**：无（连续 1 天异常：DDL为空）\n🧭 **分类**：缺失 DDL\n\n📌 **【任务名】**：CNOB协同\n👤 **负责人**：<at id=ou_6cf0a23eaf26cd8c095ae816f79d552c></at>\n⏰ **DDL**：无（连续 1 天异常：DDL为空）\n🧭 **分类**：缺失 DDL\n\n📌 **【任务名】**：大商认证/打标流程提效\n👤 **负责人**：<at id=ou_6c70ae770e15cbea5f29d590de12b26d></at>\n⏰ **DDL**：无（连续 1 天异常：DDL为空）\n🧭 **分类**：缺失 DDL\n\n📌 **【任务名】**：6.23新市场上线商家大会\n👤 **负责人**：<at id=ou_6c70ae770e15cbea5f29d590de12b26d></at>\n⏰ **DDL**：无（连续 1 天异常：DDL为空）\n🧭 **分类**：缺失 DDL\n\n🟠 **【临近到期】**\n\n📌 **【任务名】**：商家入驻one-pager\n👤 **负责人**：<at id=ou_4ad4ccbd30c3f911f3ef48f851323269></at>\n⏰ **DDL**：2026-05-10（距离 2 天）\n🧭 **分类**：临近到期\n\n📌 **【任务名】**：其他(关店挽回GMV)\n👤 **负责人**：<at id=ou_900ddd9ff611254a74ac32adafc016b4></at>\n⏰ **DDL**：2026-05-10（距离 2 天）\n🧭 **分类**：临近到期\n\n📌 **【任务名】**：服务商/商家关于激励侧调研\n👤 **负责人**：<at id=ou_6cf0a23eaf26cd8c095ae816f79d552c></at>\n⏰ **DDL**：2026-05-09（距离 1 天）\n🧭 **分类**：临近到期\n\n🟣 **【格式异常】**\n\n📌 **【任务名】**：商家入驻卡点收集\n👤 **负责人**：未分配\n⏰ **DDL**：无（连续 6 天异常：负责人为空）\n🧭 **分类**：格式异常\n\n📌 **【任务名】**：UK招商专项\n👤 **负责人**：未分配\n⏰ **DDL**：无（连续 2 天异常：负责人为空）\n🧭 **分类**：格式异常\n\n📌 **【任务名】**：市场建设\n👤 **负责人**：<at id=ou_6c70ae770e15cbea5f29d590de12b26d></at>\n⏰ **DDL**：本季度20场（连续 6 天异常：DDL无法解析（unrecognized））\n🧭 **分类**：格式异常\n\n📌 **【任务名】**：BD重点专项（5月）\n👤 **负责人**：未分配\n⏰ **DDL**：无（连续 6 天异常：负责人为空）\n🧭 **分类**：格式异常\n---\n[前往任务工作站处理](https://bytedance.larkoffice.com/wiki/Yl6lwic1EiF2d3kHnzccZinsnLV?sheet=KmlJhs)\n> \n"}],"source_text_full":"**📌 任务巡检提醒**\n**日期**：2026-05-08\n\n**异常任务**：19\n\n🔴 **【已超期】**\n\n📌 **【任务名】**：靶向100个商家\n👤 **负责人**：<at id=ou_8ab4cba1aeb565edc3a10f6b2b1cd209></at>、<at id=ou_aacf87be9468a16dc08c8a1d6bbd5498></at>、<at id=ou_4ad4ccbd30c3f911f3ef48f851323269></at>、<at id=ou_6c70ae770e15cbea5f29d590de12b26d></at>\n⏰ **DDL**：2026-04-30（已超期 8 天）\n🧭 **分类**：已超期\n\n📌 **【任务名】**：【招商活动】设定目标并进行5分钟复盘\n👤 **负责人**：<at id=ou_aacf87be9468a16dc08c8a1d6bbd5498></at>、<at id=ou_6c70ae770e15cbea5f29d590de12b26d></at>、<at id=ou_900ddd9ff611254a74ac32adafc016b4></at>\n⏰ **DDL**：2026-05-07（已超期 1 天）\n🧭 **分类**：已超期\n\n🟡 **【缺失 DDL】**\n\n📌 **【任务名】**：Leads管理表\n👤 **负责人**：<at id=ou_aacf87be9468a16dc08c8a1d6bbd5498></at>\n⏰ **DDL**：无（连续 6 天异常：DDL为空）\n🧭 **分类**：缺失 DDL\n\n📌 **【任务名】**：商家工具包\n👤 **负责人**：<at id=ou_8ab4cba1aeb565edc3a10f6b2b1cd209></at>\n⏰ **DDL**：无（连续 6 天异常：DDL为空）\n🧭 **分类**：缺失 DDL\n\n📌 **【任务名】**：【可用Leads】梳理\n👤 **负责人**：<at id=ou_6c70ae770e15cbea5f29d590de12b26d></at>\n⏰ **DDL**：无（连续 6 天异常：DDL为空）\n🧭 **分类**：缺失 DDL\n\n📌 **【任务名】**：新增HIPO商家类型\n👤 **负责人**：<at id=ou_6c70ae770e15cbea5f29d590de12b26d></at>\n⏰ **DDL**：无（连续 6 天异常：DDL为空）\n🧭 **分类**：缺失 DDL\n\n📌 **【任务名】**：针对sps大于4分的美区卖家\n透过BD pitch成功到欧洲了，是否算业绩\n👤 **负责人**：<at id=ou_900ddd9ff611254a74ac32adafc016b4></at>\n⏰ **DDL**：无（连续 2 天异常：DDL为空）\n🧭 **分类**：缺失 DDL\n\n📌 **【任务名】**：飞书词典跨公司同步，将TTS专有名词同步给商家飞书。\n👤 **负责人**：<at id=ou_900ddd9ff611254a74ac32adafc016b4></at>\n⏰ **DDL**：无（连续 2 天异常：DDL为空）\n🧭 **分类**：缺失 DDL\n\n📌 **【任务名】**：US头商沟通入驻\n👤 **负责人**：<at id=ou_6cf0a23eaf26cd8c095ae816f79d552c></at>\n⏰ **DDL**：无（连续 1 天异常：DDL为空）\n🧭 **分类**：缺失 DDL\n\n📌 **【任务名】**：CNOB协同\n👤 **负责人**：<at id=ou_6cf0a23eaf26cd8c095ae816f79d552c></at>\n⏰ **DDL**：无（连续 1 天异常：DDL为空）\n🧭 **分类**：缺失 DDL\n\n📌 **【任务名】**：大商认证/打标流程提效\n👤 **负责人**：<at id=ou_6c70ae770e15cbea5f29d590de12b26d></at>\n⏰ **DDL**：无（连续 1 天异常：DDL为空）\n🧭 **分类**：缺失 DDL\n\n📌 **【任务名】**：6.23新市场上线商家大会\n👤 **负责人**：<at id=ou_6c70ae770e15cbea5f29d590de12b26d></at>\n⏰ **DDL**：无（连续 1 天异常：DDL为空）\n🧭 **分类**：缺失 DDL\n\n🟠 **【临近到期】**\n\n📌 **【任务名】**：商家入驻one-pager\n👤 **负责人**：<at id=ou_4ad4ccbd30c3f911f3ef48f851323269></at>\n⏰ **DDL**：2026-05-10（距离 2 天）\n🧭 **分类**：临近到期\n\n📌 **【任务名】**：其他(关店挽回GMV)\n👤 **负责人**：<at id=ou_900ddd9ff611254a74ac32adafc016b4></at>\n⏰ **DDL**：2026-05-10（距离 2 天）\n🧭 **分类**：临近到期\n\n📌 **【任务名】**：服务商/商家关于激励侧调研\n👤 **负责人**：<at id=ou_6cf0a23eaf26cd8c095ae816f79d552c></at>\n⏰ **DDL**：2026-05-09（距离 1 天）\n🧭 **分类**：临近到期\n\n🟣 **【格式异常】**\n\n📌 **【任务名】**：商家入驻卡点收集\n👤 **负责人**：未分配\n⏰ **DDL**：无（连续 6 天异常：负责人为空）\n🧭 **分类**：格式异常\n\n📌 **【任务名】**：UK招商专项\n👤 **负责人**：未分配\n⏰ **DDL**：无（连续 2 天异常：负责人为空）\n🧭 **分类**：格式异常\n\n📌 **【任务名】**：市场建设\n👤 **负责人**：<at id=ou_6c70ae770e15cbea5f29d590de12b26d></at>\n⏰ **DDL**：本季度20场（连续 6 天异常：DDL无法解析（unrecognized））\n🧭 **分类**：格式异常\n\n📌 **【任务名】**：BD重点专项（5月）\n👤 **负责人**：未分配\n⏰ **DDL**：无（连续 6 天异常：负责人为空）\n🧭 **分类**：格式异常\n---\n[前往任务工作站处理](https://bytedance.larkoffice.com/wiki/Yl6lwic1EiF2d3kHnzccZinsnLV?sheet=KmlJhs)\n> \n","missing_fields":["owners","due_time"],"ack_lock":{"status":"pending","tag":"[⚠️待接单/未响应]","evidence":"未在时间窗口内检测到责任人认领（收到/1/OK/表情等）"}}}
{"type":"chat_task","target_id":"mentions_me_global","target_title":"全局@我","chat_id":"","chat_name":"未知群聊","chat_link":"","message_link":"","jump_link":"","message_id":"om_x100b50e32abdd884c2af22d10f2d466","task":{"is_task":true,"task_name":"【已超期】","summary":"【已超期】","task_type":"","assigner":"","owners":[],"owner_mapping":[],"owner_resolution_status":"none","due_time":null,"deliverable":null,"source_message_ids":["om_x100b50e32abdd884c2af22d10f2d466"],"suggestion_reply":"收到～为了方便大家后续跟进，建议按【动词+交付物/事项+时间节点】补全一下：负责人（可以直接 @ 一下具体同学）、最晚截止时间 / DDL。另外也建议在消息里用【任务名称】格式明确指出待办。谢谢～","evidence":["消息中包含【】锚点，任务名直接继承原话","消息中包含【】锚点，按规则高优判定为任务"],"source_messages_full":[{"message_id":"om_x100b50e32abdd884c2af22d10f2d466","sender":"","chat_id":null,"chat_name":"未知群聊","chat_link":null,"message_link":null,"jump_link":null,"create_time":"2026-05-08T13:36:07+08:00","text":"**📌 任务巡检提醒**\n**日期**：2026-05-08\n\n**异常任务**：19\n\n🔴 **【已超期】**\n\n📌 **【任务名】**：靶向100个商家\n👤 **负责人**：<at id=ou_8ab4cba1aeb565edc3a10f6b2b1cd209></at>、<at id=ou_aacf87be9468a16dc08c8a1d6bbd5498></at>、<at id=ou_4ad4ccbd30c3f911f3ef48f851323269></at>、<at id=ou_6c70ae770e15cbea5f29d590de12b26d></at>\n⏰ **DDL**：2026-04-30（已超期 8 天）\n🧭 **分类**：已超期\n\n📌 **【任务名】**：【招商活动】设定目标并进行5分钟复盘\n👤 **负责人**：<at id=ou_aacf87be9468a16dc08c8a1d6bbd5498></at>、<at id=ou_6c70ae770e15cbea5f29d590de12b26d></at>、<at id=ou_900ddd9ff611254a74ac32adafc016b4></at>\n⏰ **DDL**：2026-05-07（已超期 1 天）\n🧭 **分类**：已超期\n\n🟡 **【缺失 DDL】**\n\n📌 **【任务名】**：Leads管理表\n👤 **负责人**：<at id=ou_aacf87be9468a16dc08c8a1d6bbd5498></at>\n⏰ **DDL**：无（连续 6 天异常：DDL为空）\n🧭 **分类**：缺失 DDL\n\n📌 **【任务名】**：商家工具包\n👤 **负责人**：<at id=ou_8ab4cba1aeb565edc3a10f6b2b1cd209></at>\n⏰ **DDL**：无（连续 6 天异常：DDL为空）\n🧭 **分类**：缺失 DDL\n\n📌 **【任务名】**：【可用Leads】梳理\n👤 **负责人**：<at id=ou_6c70ae770e15cbea5f29d590de12b26d></at>\n⏰ **DDL**：无（连续 6 天异常：DDL为空）\n🧭 **分类**：缺失 DDL\n\n📌 **【任务名】**：新增HIPO商家类型\n👤 **负责人**：<at id=ou_6c70ae770e15cbea5f29d590de12b26d></at>\n⏰ **DDL**：无（连续 6 天异常：DDL为空）\n🧭 **分类**：缺失 DDL\n\n📌 **【任务名】**：针对sps大于4分的美区卖家\n透过BD pitch成功到欧洲了，是否算业绩\n👤 **负责人**：<at id=ou_900ddd9ff611254a74ac32adafc016b4></at>\n⏰ **DDL**：无（连续 2 天异常：DDL为空）\n🧭 **分类**：缺失 DDL\n\n📌 **【任务名】**：飞书词典跨公司同步，将TTS专有名词同步给商家飞书。\n👤 **负责人**：<at id=ou_900ddd9ff611254a74ac32adafc016b4></at>\n⏰ **DDL**：无（连续 2 天异常：DDL为空）\n🧭 **分类**：缺失 DDL\n\n📌 **【任务名】**：US头商沟通入驻\n👤 **负责人**：<at id=ou_6cf0a23eaf26cd8c095ae816f79d552c></at>\n⏰ **DDL**：无（连续 1 天异常：DDL为空）\n🧭 **分类**：缺失 DDL\n\n📌 **【任务名】**：CNOB协同\n👤 **负责人**：<at id=ou_6cf0a23eaf26cd8c095ae816f79d552c></at>\n⏰ **DDL**：无（连续 1 天异常：DDL为空）\n🧭 **分类**：缺失 DDL\n\n📌 **【任务名】**：大商认证/打标流程提效\n👤 **负责人**：<at id=ou_6c70ae770e15cbea5f29d590de12b26d></at>\n⏰ **DDL**：无（连续 1 天异常：DDL为空）\n🧭 **分类**：缺失 DDL\n\n📌 **【任务名】**：6.23新市场上线商家大会\n👤 **负责人**：<at id=ou_6c70ae770e15cbea5f29d590de12b26d></at>\n⏰ **DDL**：无（连续 1 天异常：DDL为空）\n🧭 **分类**：缺失 DDL\n\n🟠 **【临近到期】**\n\n📌 **【任务名】**：商家入驻one-pager\n👤 **负责人**：<at id=ou_4ad4ccbd30c3f911f3ef48f851323269></at>\n⏰ **DDL**：2026-05-10（距离 2 天）\n🧭 **分类**：临近到期\n\n📌 **【任务名】**：其他(关店挽回GMV)\n👤 **负责人**：<at id=ou_900ddd9ff611254a74ac32adafc016b4></at>\n⏰ **DDL**：2026-05-10（距离 2 天）\n🧭 **分类**：临近到期\n\n📌 **【任务名】**：服务商/商家关于激励侧调研\n👤 **负责人**：<at id=ou_6cf0a23eaf26cd8c095ae816f79d552c></at>\n⏰ **DDL**：2026-05-09（距离 1 天）\n🧭 **分类**：临近到期\n\n🟣 **【格式异常】**\n\n📌 **【任务名】**：商家入驻卡点收集\n👤 **负责人**：未分配\n⏰ **DDL**：无（连续 6 天异常：负责人为空）\n🧭 **分类**：格式异常\n\n📌 **【任务名】**：UK招商专项\n👤 **负责人**：未分配\n⏰ **DDL**：无（连续 2 天异常：负责人为空）\n🧭 **分类**：格式异常\n\n📌 **【任务名】**：市场建设\n👤 **负责人**：<at id=ou_6c70ae770e15cbea5f29d590de12b26d></at>\n⏰ **DDL**：本季度20场（连续 6 天异常：DDL无法解析（unrecognized））\n🧭 **分类**：格式异常\n\n📌 **【任务名】**：BD重点专项（5月）\n👤 **负责人**：未分配\n⏰ **DDL**：无（连续 6 天异常：负责人为空）\n🧭 **分类**：格式异常\n---\n[前往任务工作站处理](https://bytedance.larkoffice.com/wiki/Yl6lwic1EiF2d3kHnzccZinsnLV?sheet=KmlJhs)\n> \n"}],"source_text_full":"**📌 任务巡检提醒**\n**日期**：2026-05-08\n\n**异常任务**：19\n\n🔴 **【已超期】**\n\n📌 **【任务名】**：靶向100个商家\n👤 **负责人**：<at id=ou_8ab4cba1aeb565edc3a10f6b2b1cd209></at>、<at id=ou_aacf87be9468a16dc08c8a1d6bbd5498></at>、<at id=ou_4ad4ccbd30c3f911f3ef48f851323269></at>、<at id=ou_6c70ae770e15cbea5f29d590de12b26d></at>\n⏰ **DDL**：2026-04-30（已超期 8 天）\n🧭 **分类**：已超期\n\n📌 **【任务名】**：【招商活动】设定目标并进行5分钟复盘\n👤 **负责人**：<at id=ou_aacf87be9468a16dc08c8a1d6bbd5498></at>、<at id=ou_6c70ae770e15cbea5f29d590de12b26d></at>、<at id=ou_900ddd9ff611254a74ac32adafc016b4></at>\n⏰ **DDL**：2026-05-07（已超期 1 天）\n🧭 **分类**：已超期\n\n🟡 **【缺失 DDL】**\n\n📌 **【任务名】**：Leads管理表\n👤 **负责人**：<at id=ou_aacf87be9468a16dc08c8a1d6bbd5498></at>\n⏰ **DDL**：无（连续 6 天异常：DDL为空）\n🧭 **分类**：缺失 DDL\n\n📌 **【任务名】**：商家工具包\n👤 **负责人**：<at id=ou_8ab4cba1aeb565edc3a10f6b2b1cd209></at>\n⏰ **DDL**：无（连续 6 天异常：DDL为空）\n🧭 **分类**：缺失 DDL\n\n📌 **【任务名】**：【可用Leads】梳理\n👤 **负责人**：<at id=ou_6c70ae770e15cbea5f29d590de12b26d></at>\n⏰ **DDL**：无（连续 6 天异常：DDL为空）\n🧭 **分类**：缺失 DDL\n\n📌 **【任务名】**：新增HIPO商家类型\n👤 **负责人**：<at id=ou_6c70ae770e15cbea5f29d590de12b26d></at>\n⏰ **DDL**：无（连续 6 天异常：DDL为空）\n🧭 **分类**：缺失 DDL\n\n📌 **【任务名】**：针对sps大于4分的美区卖家\n透过BD pitch成功到欧洲了，是否算业绩\n👤 **负责人**：<at id=ou_900ddd9ff611254a74ac32adafc016b4></at>\n⏰ **DDL**：无（连续 2 天异常：DDL为空）\n🧭 **分类**：缺失 DDL\n\n📌 **【任务名】**：飞书词典跨公司同步，将TTS专有名词同步给商家飞书。\n👤 **负责人**：<at id=ou_900ddd9ff611254a74ac32adafc016b4></at>\n⏰ **DDL**：无（连续 2 天异常：DDL为空）\n🧭 **分类**：缺失 DDL\n\n📌 **【任务名】**：US头商沟通入驻\n👤 **负责人**：<at id=ou_6cf0a23eaf26cd8c095ae816f79d552c></at>\n⏰ **DDL**：无（连续 1 天异常：DDL为空）\n🧭 **分类**：缺失 DDL\n\n📌 **【任务名】**：CNOB协同\n👤 **负责人**：<at id=ou_6cf0a23eaf26cd8c095ae816f79d552c></at>\n⏰ **DDL**：无（连续 1 天异常：DDL为空）\n🧭 **分类**：缺失 DDL\n\n📌 **【任务名】**：大商认证/打标流程提效\n👤 **负责人**：<at id=ou_6c70ae770e15cbea5f29d590de12b26d></at>\n⏰ **DDL**：无（连续 1 天异常：DDL为空）\n🧭 **分类**：缺失 DDL\n\n📌 **【任务名】**：6.23新市场上线商家大会\n👤 **负责人**：<at id=ou_6c70ae770e15cbea5f29d590de12b26d></at>\n⏰ **DDL**：无（连续 1 天异常：DDL为空）\n🧭 **分类**：缺失 DDL\n\n🟠 **【临近到期】**\n\n📌 **【任务名】**：商家入驻one-pager\n👤 **负责人**：<at id=ou_4ad4ccbd30c3f911f3ef48f851323269></at>\n⏰ **DDL**：2026-05-10（距离 2 天）\n🧭 **分类**：临近到期\n\n📌 **【任务名】**：其他(关店挽回GMV)\n👤 **负责人**：<at id=ou_900ddd9ff611254a74ac32adafc016b4></at>\n⏰ **DDL**：2026-05-10（距离 2 天）\n🧭 **分类**：临近到期\n\n📌 **【任务名】**：服务商/商家关于激励侧调研\n👤 **负责人**：<at id=ou_6cf0a23eaf26cd8c095ae816f79d552c></at>\n⏰ **DDL**：2026-05-09（距离 1 天）\n🧭 **分类**：临近到期\n\n🟣 **【格式异常】**\n\n📌 **【任务名】**：商家入驻卡点收集\n👤 **负责人**：未分配\n⏰ **DDL**：无（连续 6 天异常：负责人为空）\n🧭 **分类**：格式异常\n\n📌 **【任务名】**：UK招商专项\n👤 **负责人**：未分配\n⏰ **DDL**：无（连续 2 天异常：负责人为空）\n🧭 **分类**：格式异常\n\n📌 **【任务名】**：市场建设\n👤 **负责人**：<at id=ou_6c70ae770e15cbea5f29d590de12b26d></at>\n⏰ **DDL**：本季度20场（连续 6 天异常：DDL无法解析（unrecognized））\n🧭 **分类**：格式异常\n\n📌 **【任务名】**：BD重点专项（5月）\n👤 **负责人**：未分配\n⏰ **DDL**：无（连续 6 天异常：负责人为空）\n🧭 **分类**：格式异常\n---\n[前往任务工作站处理](https://bytedance.larkoffice.com/wiki/Yl6lwic1EiF2d3kHnzccZinsnLV?sheet=KmlJhs)\n> \n","missing_fields":["owners","due_time"],"ack_lock":{"status":"pending","tag":"[⚠️待接单/未响应]","evidence":"未在时间窗口内检测到责任人认领（收到/1/OK/表情等）"}}}
{"type":"chat_task","target_id":"mentions_me_global","target_title":"全局@我","chat_id":"","chat_name":"未知群聊","chat_link":"","message_link":"","jump_link":"","message_id":"om_x100b50e32abdd884c2af22d10f2d466","task":{"is_task":true,"task_name":"【已超期】","summary":"【已超期】","task_type":"","assigner":"","owners":[],"owner_mapping":[],"owner_resolution_status":"none","due_time":null,"deliverable":null,"source_message_ids":["om_x100b50e32abdd884c2af22d10f2d466"],"suggestion_reply":"收到～为了方便大家后续跟进，建议按【动词+交付物/事项+时间节点】补全一下：负责人（可以直接 @ 一下具体同学）、最晚截止时间 / DDL。另外也建议在消息里用【任务名称】格式明确指出待办。谢谢～","evidence":["消息中包含【】锚点，任务名直接继承原话","消息中包含【】锚点，按规则高优判定为任务"],"source_messages_full":[{"message_id":"om_x100b50e32abdd884c2af22d10f2d466","sender":"","chat_id":null,"chat_name":"未知群聊","chat_link":null,"message_link":null,"jump_link":null,"create_time":"2026-05-08T13:36:07+08:00","text":"**📌 任务巡检提醒**\n**日期**：2026-05-08\n\n**异常任务**：19\n\n🔴 **【已超期】**\n\n📌 **【任务名】**：靶向100个商家\n👤 **负责人**：<at id=ou_8ab4cba1aeb565edc3a10f6b2b1cd209></at>、<at id=ou_aacf87be9468a16dc08c8a1d6bbd5498></at>、<at id=ou_4ad4ccbd30c3f911f3ef48f851323269></at>、<at id=ou_6c70ae770e15cbea5f29d590de12b26d></at>\n⏰ **DDL**：2026-04-30（已超期 8 天）\n🧭 **分类**：已超期\n\n📌 **【任务名】**：【招商活动】设定目标并进行5分钟复盘\n👤 **负责人**：<at id=ou_aacf87be9468a16dc08c8a1d6bbd5498></at>、<at id=ou_6c70ae770e15cbea5f29d590de12b26d></at>、<at id=ou_900ddd9ff611254a74ac32adafc016b4></at>\n⏰ **DDL**：2026-05-07（已超期 1 天）\n🧭 **分类**：已超期\n\n🟡 **【缺失 DDL】**\n\n📌 **【任务名】**：Leads管理表\n👤 **负责人**：<at id=ou_aacf87be9468a16dc08c8a1d6bbd5498></at>\n⏰ **DDL**：无（连续 6 天异常：DDL为空）\n🧭 **分类**：缺失 DDL\n\n📌 **【任务名】**：商家工具包\n👤 **负责人**：<at id=ou_8ab4cba1aeb565edc3a10f6b2b1cd209></at>\n⏰ **DDL**：无（连续 6 天异常：DDL为空）\n🧭 **分类**：缺失 DDL\n\n📌 **【任务名】**：【可用Leads】梳理\n👤 **负责人**：<at id=ou_6c70ae770e15cbea5f29d590de12b26d></at>\n⏰ **DDL**：无（连续 6 天异常：DDL为空）\n🧭 **分类**：缺失 DDL\n\n📌 **【任务名】**：新增HIPO商家类型\n👤 **负责人**：<at id=ou_6c70ae770e15cbea5f29d590de12b26d></at>\n⏰ **DDL**：无（连续 6 天异常：DDL为空）\n🧭 **分类**：缺失 DDL\n\n📌 **【任务名】**：针对sps大于4分的美区卖家\n透过BD pitch成功到欧洲了，是否算业绩\n👤 **负责人**：<at id=ou_900ddd9ff611254a74ac32adafc016b4></at>\n⏰ **DDL**：无（连续 2 天异常：DDL为空）\n🧭 **分类**：缺失 DDL\n\n📌 **【任务名】**：飞书词典跨公司同步，将TTS专有名词同步给商家飞书。\n👤 **负责人**：<at id=ou_900ddd9ff611254a74ac32adafc016b4></at>\n⏰ **DDL**：无（连续 2 天异常：DDL为空）\n🧭 **分类**：缺失 DDL\n\n📌 **【任务名】**：US头商沟通入驻\n👤 **负责人**：<at id=ou_6cf0a23eaf26cd8c095ae816f79d552c></at>\n⏰ **DDL**：无（连续 1 天异常：DDL为空）\n🧭 **分类**：缺失 DDL\n\n📌 **【任务名】**：CNOB协同\n👤 **负责人**：<at id=ou_6cf0a23eaf26cd8c095ae816f79d552c></at>\n⏰ **DDL**：无（连续 1 天异常：DDL为空）\n🧭 **分类**：缺失 DDL\n\n📌 **【任务名】**：大商认证/打标流程提效\n👤 **负责人**：<at id=ou_6c70ae770e15cbea5f29d590de12b26d></at>\n⏰ **DDL**：无（连续 1 天异常：DDL为空）\n🧭 **分类**：缺失 DDL\n\n📌 **【任务名】**：6.23新市场上线商家大会\n👤 **负责人**：<at id=ou_6c70ae770e15cbea5f29d590de12b26d></at>\n⏰ **DDL**：无（连续 1 天异常：DDL为空）\n🧭 **分类**：缺失 DDL\n\n🟠 **【临近到期】**\n\n📌 **【任务名】**：商家入驻one-pager\n👤 **负责人**：<at id=ou_4ad4ccbd30c3f911f3ef48f851323269></at>\n⏰ **DDL**：2026-05-10（距离 2 天）\n🧭 **分类**：临近到期\n\n📌 **【任务名】**：其他(关店挽回GMV)\n👤 **负责人**：<at id=ou_900ddd9ff611254a74ac32adafc016b4></at>\n⏰ **DDL**：2026-05-10（距离 2 天）\n🧭 **分类**：临近到期\n\n📌 **【任务名】**：服务商/商家关于激励侧调研\n👤 **负责人**：<at id=ou_6cf0a23eaf26cd8c095ae816f79d552c></at>\n⏰ **DDL**：2026-05-09（距离 1 天）\n🧭 **分类**：临近到期\n\n🟣 **【格式异常】**\n\n📌 **【任务名】**：商家入驻卡点收集\n👤 **负责人**：未分配\n⏰ **DDL**：无（连续 6 天异常：负责人为空）\n🧭 **分类**：格式异常\n\n📌 **【任务名】**：UK招商专项\n👤 **负责人**：未分配\n⏰ **DDL**：无（连续 2 天异常：负责人为空）\n🧭 **分类**：格式异常\n\n📌 **【任务名】**：市场建设\n👤 **负责人**：<at id=ou_6c70ae770e15cbea5f29d590de12b26d></at>\n⏰ **DDL**：本季度20场（连续 6 天异常：DDL无法解析（unrecognized））\n🧭 **分类**：格式异常\n\n📌 **【任务名】**：BD重点专项（5月）\n👤 **负责人**：未分配\n⏰ **DDL**：无（连续 6 天异常：负责人为空）\n🧭 **分类**：格式异常\n---\n[前往任务工作站处理](https://bytedance.larkoffice.com/wiki/Yl6lwic1EiF2d3kHnzccZinsnLV?sheet=KmlJhs)\n> \n"}],"source_text_full":"**📌 任务巡检提醒**\n**日期**：2026-05-08\n\n**异常任务**：19\n\n🔴 **【已超期】**\n\n📌 **【任务名】**：靶向100个商家\n👤 **负责人**：<at id=ou_8ab4cba1aeb565edc3a10f6b2b1cd209></at>、<at id=ou_aacf87be9468a16dc08c8a1d6bbd5498></at>、<at id=ou_4ad4ccbd30c3f911f3ef48f851323269></at>、<at id=ou_6c70ae770e15cbea5f29d590de12b26d></at>\n⏰ **DDL**：2026-04-30（已超期 8 天）\n🧭 **分类**：已超期\n\n📌 **【任务名】**：【招商活动】设定目标并进行5分钟复盘\n👤 **负责人**：<at id=ou_aacf87be9468a16dc08c8a1d6bbd5498></at>、<at id=ou_6c70ae770e15cbea5f29d590de12b26d></at>、<at id=ou_900ddd9ff611254a74ac32adafc016b4></at>\n⏰ **DDL**：2026-05-07（已超期 1 天）\n🧭 **分类**：已超期\n\n🟡 **【缺失 DDL】**\n\n📌 **【任务名】**：Leads管理表\n👤 **负责人**：<at id=ou_aacf87be9468a16dc08c8a1d6bbd5498></at>\n⏰ **DDL**：无（连续 6 天异常：DDL为空）\n🧭 **分类**：缺失 DDL\n\n📌 **【任务名】**：商家工具包\n👤 **负责人**：<at id=ou_8ab4cba1aeb565edc3a10f6b2b1cd209></at>\n⏰ **DDL**：无（连续 6 天异常：DDL为空）\n🧭 **分类**：缺失 DDL\n\n📌 **【任务名】**：【可用Leads】梳理\n👤 **负责人**：<at id=ou_6c70ae770e15cbea5f29d590de12b26d></at>\n⏰ **DDL**：无（连续 6 天异常：DDL为空）\n🧭 **分类**：缺失 DDL\n\n📌 **【任务名】**：新增HIPO商家类型\n👤 **负责人**：<at id=ou_6c70ae770e15cbea5f29d590de12b26d></at>\n⏰ **DDL**：无（连续 6 天异常：DDL为空）\n🧭 **分类**：缺失 DDL\n\n📌 **【任务名】**：针对sps大于4分的美区卖家\n透过BD pitch成功到欧洲了，是否算业绩\n👤 **负责人**：<at id=ou_900ddd9ff611254a74ac32adafc016b4></at>\n⏰ **DDL**：无（连续 2 天异常：DDL为空）\n🧭 **分类**：缺失 DDL\n\n📌 **【任务名】**：飞书词典跨公司同步，将TTS专有名词同步给商家飞书。\n👤 **负责人**：<at id=ou_900ddd9ff611254a74ac32adafc016b4></at>\n⏰ **DDL**：无（连续 2 天异常：DDL为空）\n🧭 **分类**：缺失 DDL\n\n📌 **【任务名】**：US头商沟通入驻\n👤 **负责人**：<at id=ou_6cf0a23eaf26cd8c095ae816f79d552c></at>\n⏰ **DDL**：无（连续 1 天异常：DDL为空）\n🧭 **分类**：缺失 DDL\n\n📌 **【任务名】**：CNOB协同\n👤 **负责人**：<at id=ou_6cf0a23eaf26cd8c095ae816f79d552c></at>\n⏰ **DDL**：无（连续 1 天异常：DDL为空）\n🧭 **分类**：缺失 DDL\n\n📌 **【任务名】**：大商认证/打标流程提效\n👤 **负责人**：<at id=ou_6c70ae770e15cbea5f29d590de12b26d></at>\n⏰ **DDL**：无（连续 1 天异常：DDL为空）\n🧭 **分类**：缺失 DDL\n\n📌 **【任务名】**：6.23新市场上线商家大会\n👤 **负责人**：<at id=ou_6c70ae770e15cbea5f29d590de12b26d></at>\n⏰ **DDL**：无（连续 1 天异常：DDL为空）\n🧭 **分类**：缺失 DDL\n\n🟠 **【临近到期】**\n\n📌 **【任务名】**：商家入驻one-pager\n👤 **负责人**：<at id=ou_4ad4ccbd30c3f911f3ef48f851323269></at>\n⏰ **DDL**：2026-05-10（距离 2 天）\n🧭 **分类**：临近到期\n\n📌 **【任务名】**：其他(关店挽回GMV)\n👤 **负责人**：<at id=ou_900ddd9ff611254a74ac32adafc016b4></at>\n⏰ **DDL**：2026-05-10（距离 2 天）\n🧭 **分类**：临近到期\n\n📌 **【任务名】**：服务商/商家关于激励侧调研\n👤 **负责人**：<at id=ou_6cf0a23eaf26cd8c095ae816f79d552c></at>\n⏰ **DDL**：2026-05-09（距离 1 天）\n🧭 **分类**：临近到期\n\n🟣 **【格式异常】**\n\n📌 **【任务名】**：商家入驻卡点收集\n👤 **负责人**：未分配\n⏰ **DDL**：无（连续 6 天异常：负责人为空）\n🧭 **分类**：格式异常\n\n📌 **【任务名】**：UK招商专项\n👤 **负责人**：未分配\n⏰ **DDL**：无（连续 2 天异常：负责人为空）\n🧭 **分类**：格式异常\n\n📌 **【任务名】**：市场建设\n👤 **负责人**：<at id=ou_6c70ae770e15cbea5f29d590de12b26d></at>\n⏰ **DDL**：本季度20场（连续 6 天异常：DDL无法解析（unrecognized））\n🧭 **分类**：格式异常\n\n📌 **【任务名】**：BD重点专项（5月）\n👤 **负责人**：未分配\n⏰ **DDL**：无（连续 6 天异常：负责人为空）\n🧭 **分类**：格式异常\n---\n[前往任务工作站处理](https://bytedance.larkoffice.com/wiki/Yl6lwic1EiF2d3kHnzccZinsnLV?sheet=KmlJhs)\n> \n","missing_fields":["owners","due_time"],"ack_lock":{"status":"pending","tag":"[⚠️待接单/未响应]","evidence":"未在时间窗口内检测到责任人认领（收到/1/OK/表情等）"}}}
{"type":"chat_task","target_id":"mentions_me_global","target_title":"全局@我","chat_id":"","chat_name":"未知群聊","chat_link":"","message_link":"","jump_link":"","message_id":"om_x100b50e32abdd884c2af22d10f2d466","task":{"is_task":true,"task_name":"【已超期】","summary":"【已超期】","task_type":"","assigner":"","owners":[],"owner_mapping":[],"owner_resolution_status":"none","due_time":null,"deliverable":null,"source_message_ids":["om_x100b50e32abdd884c2af22d10f2d466"],"suggestion_reply":"收到～为了方便大家后续跟进，建议按【动词+交付物/事项+时间节点】补全一下：负责人（可以直接 @ 一下具体同学）、最晚截止时间 / DDL。另外也建议在消息里用【任务名称】格式明确指出待办。谢谢～","evidence":["消息中包含【】锚点，任务名直接继承原话","消息中包含【】锚点，按规则高优判定为任务"],"source_messages_full":[{"message_id":"om_x100b50e32abdd884c2af22d10f2d466","sender":"","chat_id":null,"chat_name":"未知群聊","chat_link":null,"message_link":null,"jump_link":null,"create_time":"2026-05-08T13:36:07+08:00","text":"**📌 任务巡检提醒**\n**日期**：2026-05-08\n\n**异常任务**：19\n\n🔴 **【已超期】**\n\n📌 **【任务名】**：靶向100个商家\n👤 **负责人**：<at id=ou_8ab4cba1aeb565edc3a10f6b2b1cd209></at>、<at id=ou_aacf87be9468a16dc08c8a1d6bbd5498></at>、<at id=ou_4ad4ccbd30c3f911f3ef48f851323269></at>、<at id=ou_6c70ae770e15cbea5f29d590de12b26d></at>\n⏰ **DDL**：2026-04-30（已超期 8 天）\n🧭 **分类**：已超期\n\n📌 **【任务名】**：【招商活动】设定目标并进行5分钟复盘\n👤 **负责人**：<at id=ou_aacf87be9468a16dc08c8a1d6bbd5498></at>、<at id=ou_6c70ae770e15cbea5f29d590de12b26d></at>、<at id=ou_900ddd9ff611254a74ac32adafc016b4></at>\n⏰ **DDL**：2026-05-07（已超期 1 天）\n🧭 **分类**：已超期\n\n🟡 **【缺失 DDL】**\n\n📌 **【任务名】**：Leads管理表\n👤 **负责人**：<at id=ou_aacf87be9468a16dc08c8a1d6bbd5498></at>\n⏰ **DDL**：无（连续 6 天异常：DDL为空）\n🧭 **分类**：缺失 DDL\n\n📌 **【任务名】**：商家工具包\n👤 **负责人**：<at id=ou_8ab4cba1aeb565edc3a10f6b2b1cd209></at>\n⏰ **DDL**：无（连续 6 天异常：DDL为空）\n🧭 **分类**：缺失 DDL\n\n📌 **【任务名】**：【可用Leads】梳理\n👤 **负责人**：<at id=ou_6c70ae770e15cbea5f29d590de12b26d></at>\n⏰ **DDL**：无（连续 6 天异常：DDL为空）\n🧭 **分类**：缺失 DDL\n\n📌 **【任务名】**：新增HIPO商家类型\n👤 **负责人**：<at id=ou_6c70ae770e15cbea5f29d590de12b26d></at>\n⏰ **DDL**：无（连续 6 天异常：DDL为空）\n🧭 **分类**：缺失 DDL\n\n📌 **【任务名】**：针对sps大于4分的美区卖家\n透过BD pitch成功到欧洲了，是否算业绩\n👤 **负责人**：<at id=ou_900ddd9ff611254a74ac32adafc016b4></at>\n⏰ **DDL**：无（连续 2 天异常：DDL为空）\n🧭 **分类**：缺失 DDL\n\n📌 **【任务名】**：飞书词典跨公司同步，将TTS专有名词同步给商家飞书。\n👤 **负责人**：<at id=ou_900ddd9ff611254a74ac32adafc016b4></at>\n⏰ **DDL**：无（连续 2 天异常：DDL为空）\n🧭 **分类**：缺失 DDL\n\n📌 **【任务名】**：US头商沟通入驻\n👤 **负责人**：<at id=ou_6cf0a23eaf26cd8c095ae816f79d552c></at>\n⏰ **DDL**：无（连续 1 天异常：DDL为空）\n🧭 **分类**：缺失 DDL\n\n📌 **【任务名】**：CNOB协同\n👤 **负责人**：<at id=ou_6cf0a23eaf26cd8c095ae816f79d552c></at>\n⏰ **DDL**：无（连续 1 天异常：DDL为空）\n🧭 **分类**：缺失 DDL\n\n📌 **【任务名】**：大商认证/打标流程提效\n👤 **负责人**：<at id=ou_6c70ae770e15cbea5f29d590de12b26d></at>\n⏰ **DDL**：无（连续 1 天异常：DDL为空）\n🧭 **分类**：缺失 DDL\n\n📌 **【任务名】**：6.23新市场上线商家大会\n👤 **负责人**：<at id=ou_6c70ae770e15cbea5f29d590de12b26d></at>\n⏰ **DDL**：无（连续 1 天异常：DDL为空）\n🧭 **分类**：缺失 DDL\n\n🟠 **【临近到期】**\n\n📌 **【任务名】**：商家入驻one-pager\n👤 **负责人**：<at id=ou_4ad4ccbd30c3f911f3ef48f851323269></at>\n⏰ **DDL**：2026-05-10（距离 2 天）\n🧭 **分类**：临近到期\n\n📌 **【任务名】**：其他(关店挽回GMV)\n👤 **负责人**：<at id=ou_900ddd9ff611254a74ac32adafc016b4></at>\n⏰ **DDL**：2026-05-10（距离 2 天）\n🧭 **分类**：临近到期\n\n📌 **【任务名】**：服务商/商家关于激励侧调研\n👤 **负责人**：<at id=ou_6cf0a23eaf26cd8c095ae816f79d552c></at>\n⏰ **DDL**：2026-05-09（距离 1 天）\n🧭 **分类**：临近到期\n\n🟣 **【格式异常】**\n\n📌 **【任务名】**：商家入驻卡点收集\n👤 **负责人**：未分配\n⏰ **DDL**：无（连续 6 天异常：负责人为空）\n🧭 **分类**：格式异常\n\n📌 **【任务名】**：UK招商专项\n👤 **负责人**：未分配\n⏰ **DDL**：无（连续 2 天异常：负责人为空）\n🧭 **分类**：格式异常\n\n📌 **【任务名】**：市场建设\n👤 **负责人**：<at id=ou_6c70ae770e15cbea5f29d590de12b26d></at>\n⏰ **DDL**：本季度20场（连续 6 天异常：DDL无法解析（unrecognized））\n🧭 **分类**：格式异常\n\n📌 **【任务名】**：BD重点专项（5月）\n👤 **负责人**：未分配\n⏰ **DDL**：无（连续 6 天异常：负责人为空）\n🧭 **分类**：格式异常\n---\n[前往任务工作站处理](https://bytedance.larkoffice.com/wiki/Yl6lwic1EiF2d3kHnzccZinsnLV?sheet=KmlJhs)\n> \n"}],"source_text_full":"**📌 任务巡检提醒**\n**日期**：2026-05-08\n\n**异常任务**：19\n\n🔴 **【已超期】**\n\n📌 **【任务名】**：靶向100个商家\n👤 **负责人**：<at id=ou_8ab4cba1aeb565edc3a10f6b2b1cd209></at>、<at id=ou_aacf87be9468a16dc08c8a1d6bbd5498></at>、<at id=ou_4ad4ccbd30c3f911f3ef48f851323269></at>、<at id=ou_6c70ae770e15cbea5f29d590de12b26d></at>\n⏰ **DDL**：2026-04-30（已超期 8 天）\n🧭 **分类**：已超期\n\n📌 **【任务名】**：【招商活动】设定目标并进行5分钟复盘\n👤 **负责人**：<at id=ou_aacf87be9468a16dc08c8a1d6bbd5498></at>、<at id=ou_6c70ae770e15cbea5f29d590de12b26d></at>、<at id=ou_900ddd9ff611254a74ac32adafc016b4></at>\n⏰ **DDL**：2026-05-07（已超期 1 天）\n🧭 **分类**：已超期\n\n🟡 **【缺失 DDL】**\n\n📌 **【任务名】**：Leads管理表\n👤 **负责人**：<at id=ou_aacf87be9468a16dc08c8a1d6bbd5498></at>\n⏰ **DDL**：无（连续 6 天异常：DDL为空）\n🧭 **分类**：缺失 DDL\n\n📌 **【任务名】**：商家工具包\n👤 **负责人**：<at id=ou_8ab4cba1aeb565edc3a10f6b2b1cd209></at>\n⏰ **DDL**：无（连续 6 天异常：DDL为空）\n🧭 **分类**：缺失 DDL\n\n📌 **【任务名】**：【可用Leads】梳理\n👤 **负责人**：<at id=ou_6c70ae770e15cbea5f29d590de12b26d></at>\n⏰ **DDL**：无（连续 6 天异常：DDL为空）\n🧭 **分类**：缺失 DDL\n\n📌 **【任务名】**：新增HIPO商家类型\n👤 **负责人**：<at id=ou_6c70ae770e15cbea5f29d590de12b26d></at>\n⏰ **DDL**：无（连续 6 天异常：DDL为空）\n🧭 **分类**：缺失 DDL\n\n📌 **【任务名】**：针对sps大于4分的美区卖家\n透过BD pitch成功到欧洲了，是否算业绩\n👤 **负责人**：<at id=ou_900ddd9ff611254a74ac32adafc016b4></at>\n⏰ **DDL**：无（连续 2 天异常：DDL为空）\n🧭 **分类**：缺失 DDL\n\n📌 **【任务名】**：飞书词典跨公司同步，将TTS专有名词同步给商家飞书。\n👤 **负责人**：<at id=ou_900ddd9ff611254a74ac32adafc016b4></at>\n⏰ **DDL**：无（连续 2 天异常：DDL为空）\n🧭 **分类**：缺失 DDL\n\n📌 **【任务名】**：US头商沟通入驻\n👤 **负责人**：<at id=ou_6cf0a23eaf26cd8c095ae816f79d552c></at>\n⏰ **DDL**：无（连续 1 天异常：DDL为空）\n🧭 **分类**：缺失 DDL\n\n📌 **【任务名】**：CNOB协同\n👤 **负责人**：<at id=ou_6cf0a23eaf26cd8c095ae816f79d552c></at>\n⏰ **DDL**：无（连续 1 天异常：DDL为空）\n🧭 **分类**：缺失 DDL\n\n📌 **【任务名】**：大商认证/打标流程提效\n👤 **负责人**：<at id=ou_6c70ae770e15cbea5f29d590de12b26d></at>\n⏰ **DDL**：无（连续 1 天异常：DDL为空）\n🧭 **分类**：缺失 DDL\n\n📌 **【任务名】**：6.23新市场上线商家大会\n👤 **负责人**：<at id=ou_6c70ae770e15cbea5f29d590de12b26d></at>\n⏰ **DDL**：无（连续 1 天异常：DDL为空）\n🧭 **分类**：缺失 DDL\n\n🟠 **【临近到期】**\n\n📌 **【任务名】**：商家入驻one-pager\n👤 **负责人**：<at id=ou_4ad4ccbd30c3f911f3ef48f851323269></at>\n⏰ **DDL**：2026-05-10（距离 2 天）\n🧭 **分类**：临近到期\n\n📌 **【任务名】**：其他(关店挽回GMV)\n👤 **负责人**：<at id=ou_900ddd9ff611254a74ac32adafc016b4></at>\n⏰ **DDL**：2026-05-10（距离 2 天）\n🧭 **分类**：临近到期\n\n📌 **【任务名】**：服务商/商家关于激励侧调研\n👤 **负责人**：<at id=ou_6cf0a23eaf26cd8c095ae816f79d552c></at>\n⏰ **DDL**：2026-05-09（距离 1 天）\n🧭 **分类**：临近到期\n\n🟣 **【格式异常】**\n\n📌 **【任务名】**：商家入驻卡点收集\n👤 **负责人**：未分配\n⏰ **DDL**：无（连续 6 天异常：负责人为空）\n🧭 **分类**：格式异常\n\n📌 **【任务名】**：UK招商专项\n👤 **负责人**：未分配\n⏰ **DDL**：无（连续 2 天异常：负责人为空）\n🧭 **分类**：格式异常\n\n📌 **【任务名】**：市场建设\n👤 **负责人**：<at id=ou_6c70ae770e15cbea5f29d590de12b26d></at>\n⏰ **DDL**：本季度20场（连续 6 天异常：DDL无法解析（unrecognized））\n🧭 **分类**：格式异常\n\n📌 **【任务名】**：BD重点专项（5月）\n👤 **负责人**：未分配\n⏰ **DDL**：无（连续 6 天异常：负责人为空）\n🧭 **分类**：格式异常\n---\n[前往任务工作站处理](https://bytedance.larkoffice.com/wiki/Yl6lwic1EiF2d3kHnzccZinsnLV?sheet=KmlJhs)\n> \n","missing_fields":["owners","due_time"],"ack_lock":{"status":"pending","tag":"[⚠️待接单/未响应]","evidence":"未在时间窗口内检测到责任人认领（收到/1/OK/表情等）"}}}
{"type":"mention_message_new","target_id":"mentions_me_global","target_title":"全局@我","chat_id":"","chat_name":"未知群聊","chat_link":"","message_link":"","jump_link":"","message_id":"om_x100b50e3bdd96ca8e2bcd7428a69c6e","sender":"马银炫","create_time":"2026-05-08T14:14:09+08:00","text":"@_all"}
{"type":"mention_message_new","target_id":"mentions_me_global","target_title":"全局@我","chat_id":"","chat_name":"未知群聊","chat_link":"","message_link":"","jump_link":"","message_id":"om_x100b50ec65d5a4a0e2d034cdc1d7305","sender":"","create_time":"2026-05-08T14:29:05+08:00","text":"@所有人 大伙，刚收到通知：POP整体目标进行了上调，各个体裁同步增长比率，5月+2.4%，6月+2.9%。目标上调后的日均缺口，按照各行业 5 月、6 月目标占比进行等比例分摊（PPMT除外）\n更新后5-6月目标如下，辛苦大家知悉，今天稍晚会进行看板的目标更新\n![image](img_v3_0211g_de271742-3135-4935-8b7a-f7941240aehu)\ncc @刘梦月"}
{"type":"mention_message_new","target_id":"mentions_me_global","target_title":"全局@我","chat_id":"","chat_name":"未知群聊","chat_link":"","message_link":"","jump_link":"","message_id":"om_x100b50ec2f3914a8e2b30a3cae53177","sender":"","create_time":"2026-05-08T14:43:43+08:00","text":"@_all 请大家查收5月商城活动报名卡片，包含周促、常规活动及纪念日大促活动。\n>> 重点商家&商品报名进展（日更），可查看：https://bytedance.sg.larkoffice.com/sheets/DVbUsldrwhK9NktNvwolh2APg9f?sheet=1hELWW"}
{"type":"chat_task","target_id":"mentions_me_global","target_title":"全局@我","chat_id":"","chat_name":"未知群聊","chat_link":"","message_link":"","jump_link":"","message_id":"om_x100b50ec2f3914a8e2b30a3cae53177","task":{"is_task":true,"task_name":"【查收5月商城活动报名卡片】","summary":"【查收5月商城活动报名卡片】","task_type":"待办","assigner":"","owners":["大家"],"owner_mapping":[{"owner":"大家","scope":"all"}],"owner_resolution_status":"full","due_time":null,"deliverable":null,"source_message_ids":["om_x100b50ec2f3914a8e2b30a3cae53177"],"suggestion_reply":"收到，请问【查收5月商城活动报名卡片】需要什么时间完成呢？建议使用【任务名称】格式明确指出待办事项。","evidence":["@_all 请大家查收5月商城活动报名卡片，包含周促、常规活动及纪念日大促活动。"],"source_messages_full":[{"message_id":"om_x100b50ec2f3914a8e2b30a3cae53177","sender":"","chat_id":null,"chat_name":"未知群聊","chat_link":null,"message_link":null,"jump_link":null,"create_time":"2026-05-08T14:43:43+08:00","text":"@_all 请大家查收5月商城活动报名卡片，包含周促、常规活动及纪念日大促活动。\n>> 重点商家&商品报名进展（日更），可查看：https://bytedance.sg.larkoffice.com/sheets/DVbUsldrwhK9NktNvwolh2APg9f?sheet=1hELWW"}],"source_text_full":"@_all 请大家查收5月商城活动报名卡片，包含周促、常规活动及纪念日大促活动。\n>> 重点商家&商品报名进展（日更），可查看：https://bytedance.sg.larkoffice.com/sheets/DVbUsldrwhK9NktNvwolh2APg9f?sheet=1hELWW","missing_fields":["due_time"],"ack_lock":{"status":"pending","tag":"[⚠️待接单/未响应]","evidence":"未在时间窗口内检测到责任人认领（收到/1/OK/表情等）"}}}
{"type":"mention_message_new","target_id":"mentions_me_global","target_title":"全局@我","chat_id":"","chat_name":"未知群聊","chat_link":"","message_link":"","jump_link":"","message_id":"om_x100b50ec3d42aca4e2f45d6d87b99f9","sender":"林阳钦","create_time":"2026-05-08T14:48:25+08:00","text":"@_all  【Summer Wins决胜一夏！POP泛世界杯品类S级活动】对内KO\n邀各行业AM参与世界杯主题活动规则解读，为年中促提前蓄水发力！\n\n【活动定位】：利用世界杯热点趋势，聚焦泛世界杯场景（比赛/运动/聚会/观赛/游戏/应援等），助力趋势品类生意爆发！与年中促共用话题词，蓄力预热！\n【活动时间】：UTC0时区的 6/3-6/13（基准期4/1-4/7）\n【对内KO时间】：5/9 周六11-12点\n【会议邀请】https://www.sg.larkoffice.com/calendar/share?token=dd41bb90f1c7e6e1c81339439118cc6e"}
{"type":"chat_task","target_id":"mentions_me_global","target_title":"全局@我","chat_id":"","chat_name":"未知群聊","chat_link":"","message_link":"","jump_link":"","message_id":"om_x100b50ec3d42aca4e2f45d6d87b99f9","task":{"is_task":true,"task_name":"【Summer Wins决胜一夏！POP泛世界杯品类S级活动】","summary":"【Summer Wins决胜一夏！POP泛世界杯品类S级活动】","task_type":"","assigner":"林阳钦","owners":["_all"],"owner_mapping":[{"owner":"_all","scope":""}],"owner_resolution_status":"full","due_time":null,"deliverable":null,"source_message_ids":["om_x100b50ec3d42aca4e2f45d6d87b99f9"],"suggestion_reply":"收到～为了方便大家后续跟进，建议按【动词+交付物/事项+时间节点】补全一下：最晚截止时间 / DDL。另外也建议在消息里用【任务名称】格式明确指出待办。谢谢～","evidence":["消息中包含【】锚点，任务名直接继承原话","消息中包含【】锚点，按规则高优判定为任务"],"source_messages_full":[{"message_id":"om_x100b50ec3d42aca4e2f45d6d87b99f9","sender":"林阳钦","chat_id":null,"chat_name":"未知群聊","chat_link":null,"message_link":null,"jump_link":null,"create_time":"2026-05-08T14:48:25+08:00","text":"@_all  【Summer Wins决胜一夏！POP泛世界杯品类S级活动】对内KO\n邀各行业AM参与世界杯主题活动规则解读，为年中促提前蓄水发力！\n\n【活动定位】：利用世界杯热点趋势，聚焦泛世界杯场景（比赛/运动/聚会/观赛/游戏/应援等），助力趋势品类生意爆发！与年中促共用话题词，蓄力预热！\n【活动时间】：UTC0时区的 6/3-6/13（基准期4/1-4/7）\n【对内KO时间】：5/9 周六11-12点\n【会议邀请】https://www.sg.larkoffice.com/calendar/share?token=dd41bb90f1c7e6e1c81339439118cc6e"}],"source_text_full":"@_all  【Summer Wins决胜一夏！POP泛世界杯品类S级活动】对内KO\n邀各行业AM参与世界杯主题活动规则解读，为年中促提前蓄水发力！\n\n【活动定位】：利用世界杯热点趋势，聚焦泛世界杯场景（比赛/运动/聚会/观赛/游戏/应援等），助力趋势品类生意爆发！与年中促共用话题词，蓄力预热！\n【活动时间】：UTC0时区的 6/3-6/13（基准期4/1-4/7）\n【对内KO时间】：5/9 周六11-12点\n【会议邀请】https://www.sg.larkoffice.com/calendar/share?token=dd41bb90f1c7e6e1c81339439118cc6e","missing_fields":["due_time"],"ack_lock":{"status":"pending","tag":"[⚠️待接单/未响应]","evidence":"未在时间窗口内检测到责任人认领（收到/1/OK/表情等）"}}}
{"type":"chat_task","target_id":"mentions_me_global","target_title":"全局@我","chat_id":"","chat_name":"未知群聊","chat_link":"","message_link":"","jump_link":"","message_id":"om_x100b50ec3d42aca4e2f45d6d87b99f9","task":{"is_task":true,"task_name":"【Summer Wins决胜一夏！POP泛世界杯品类S级活动】","summary":"【Summer Wins决胜一夏！POP泛世界杯品类S级活动】","task_type":"","assigner":"林阳钦","owners":["_all"],"owner_mapping":[{"owner":"_all","scope":""}],"owner_resolution_status":"full","due_time":null,"deliverable":null,"source_message_ids":["om_x100b50ec3d42aca4e2f45d6d87b99f9"],"suggestion_reply":"收到～为了方便大家后续跟进，建议按【动词+交付物/事项+时间节点】补全一下：最晚截止时间 / DDL。另外也建议在消息里用【任务名称】格式明确指出待办。谢谢～","evidence":["消息中包含【】锚点，任务名直接继承原话","消息中包含【】锚点，按规则高优判定为任务"],"source_messages_full":[{"message_id":"om_x100b50ec3d42aca4e2f45d6d87b99f9","sender":"林阳钦","chat_id":null,"chat_name":"未知群聊","chat_link":null,"message_link":null,"jump_link":null,"create_time":"2026-05-08T14:48:25+08:00","text":"@_all  【Summer Wins决胜一夏！POP泛世界杯品类S级活动】对内KO\n邀各行业AM参与世界杯主题活动规则解读，为年中促提前蓄水发力！\n\n【活动定位】：利用世界杯热点趋势，聚焦泛世界杯场景（比赛/运动/聚会/观赛/游戏/应援等），助力趋势品类生意爆发！与年中促共用话题词，蓄力预热！\n【活动时间】：UTC0时区的 6/3-6/13（基准期4/1-4/7）\n【对内KO时间】：5/9 周六11-12点\n【会议邀请】https://www.sg.larkoffice.com/calendar/share?token=dd41bb90f1c7e6e1c81339439118cc6e"}],"source_text_full":"@_all  【Summer Wins决胜一夏！POP泛世界杯品类S级活动】对内KO\n邀各行业AM参与世界杯主题活动规则解读，为年中促提前蓄水发力！\n\n【活动定位】：利用世界杯热点趋势，聚焦泛世界杯场景（比赛/运动/聚会/观赛/游戏/应援等），助力趋势品类生意爆发！与年中促共用话题词，蓄力预热！\n【活动时间】：UTC0时区的 6/3-6/13（基准期4/1-4/7）\n【对内KO时间】：5/9 周六11-12点\n【会议邀请】https://www.sg.larkoffice.com/calendar/share?token=dd41bb90f1c7e6e1c81339439118cc6e","missing_fields":["due_time"],"ack_lock":{"status":"pending","tag":"[⚠️待接单/未响应]","evidence":"未在时间窗口内检测到责任人认领（收到/1/OK/表情等）"}}}
{"type":"chat_task","target_id":"mentions_me_global","target_title":"全局@我","chat_id":"","chat_name":"未知群聊","chat_link":"","message_link":"","jump_link":"","message_id":"om_x100b50ec3d42aca4e2f45d6d87b99f9","task":{"is_task":true,"task_name":"【Summer Wins决胜一夏！POP泛世界杯品类S级活动】","summary":"【Summer Wins决胜一夏！POP泛世界杯品类S级活动】","task_type":"","assigner":"林阳钦","owners":["_all"],"owner_mapping":[{"owner":"_all","scope":""}],"owner_resolution_status":"full","due_time":null,"deliverable":null,"source_message_ids":["om_x100b50ec3d42aca4e2f45d6d87b99f9"],"suggestion_reply":"收到～为了方便大家后续跟进，建议按【动词+交付物/事项+时间节点】补全一下：最晚截止时间 / DDL。另外也建议在消息里用【任务名称】格式明确指出待办。谢谢～","evidence":["消息中包含【】锚点，任务名直接继承原话","消息中包含【】锚点，按规则高优判定为任务"],"source_messages_full":[{"message_id":"om_x100b50ec3d42aca4e2f45d6d87b99f9","sender":"林阳钦","chat_id":null,"chat_name":"未知群聊","chat_link":null,"message_link":null,"jump_link":null,"create_time":"2026-05-08T14:48:25+08:00","text":"@_all  【Summer Wins决胜一夏！POP泛世界杯品类S级活动】对内KO\n邀各行业AM参与世界杯主题活动规则解读，为年中促提前蓄水发力！\n\n【活动定位】：利用世界杯热点趋势，聚焦泛世界杯场景（比赛/运动/聚会/观赛/游戏/应援等），助力趋势品类生意爆发！与年中促共用话题词，蓄力预热！\n【活动时间】：UTC0时区的 6/3-6/13（基准期4/1-4/7）\n【对内KO时间】：5/9 周六11-12点\n【会议邀请】https://www.sg.larkoffice.com/calendar/share?token=dd41bb90f1c7e6e1c81339439118cc6e"}],"source_text_full":"@_all  【Summer Wins决胜一夏！POP泛世界杯品类S级活动】对内KO\n邀各行业AM参与世界杯主题活动规则解读，为年中促提前蓄水发力！\n\n【活动定位】：利用世界杯热点趋势，聚焦泛世界杯场景（比赛/运动/聚会/观赛/游戏/应援等），助力趋势品类生意爆发！与年中促共用话题词，蓄力预热！\n【活动时间】：UTC0时区的 6/3-6/13（基准期4/1-4/7）\n【对内KO时间】：5/9 周六11-12点\n【会议邀请】https://www.sg.larkoffice.com/calendar/share?token=dd41bb90f1c7e6e1c81339439118cc6e","missing_fields":["due_time"],"ack_lock":{"status":"pending","tag":"[⚠️待接单/未响应]","evidence":"未在时间窗口内检测到责任人认领（收到/1/OK/表情等）"}}}
{"type":"chat_task","target_id":"mentions_me_global","target_title":"全局@我","chat_id":"","chat_name":"未知群聊","chat_link":"","message_link":"","jump_link":"","message_id":"om_x100b50ec3d42aca4e2f45d6d87b99f9","task":{"is_task":true,"task_name":"【Summer Wins决胜一夏！POP泛世界杯品类S级活动】","summary":"【Summer Wins决胜一夏！POP泛世界杯品类S级活动】","task_type":"","assigner":"林阳钦","owners":["_all"],"owner_mapping":[{"owner":"_all","scope":""}],"owner_resolution_status":"full","due_time":null,"deliverable":null,"source_message_ids":["om_x100b50ec3d42aca4e2f45d6d87b99f9"],"suggestion_reply":"收到～为了方便大家后续跟进，建议按【动词+交付物/事项+时间节点】补全一下：最晚截止时间 / DDL。另外也建议在消息里用【任务名称】格式明确指出待办。谢谢～","evidence":["消息中包含【】锚点，任务名直接继承原话","消息中包含【】锚点，按规则高优判定为任务"],"source_messages_full":[{"message_id":"om_x100b50ec3d42aca4e2f45d6d87b99f9","sender":"林阳钦","chat_id":null,"chat_name":"未知群聊","chat_link":null,"message_link":null,"jump_link":null,"create_time":"2026-05-08T14:48:25+08:00","text":"@_all  【Summer Wins决胜一夏！POP泛世界杯品类S级活动】对内KO\n邀各行业AM参与世界杯主题活动规则解读，为年中促提前蓄水发力！\n\n【活动定位】：利用世界杯热点趋势，聚焦泛世界杯场景（比赛/运动/聚会/观赛/游戏/应援等），助力趋势品类生意爆发！与年中促共用话题词，蓄力预热！\n【活动时间】：UTC0时区的 6/3-6/13（基准期4/1-4/7）\n【对内KO时间】：5/9 周六11-12点\n【会议邀请】https://www.sg.larkoffice.com/calendar/share?token=dd41bb90f1c7e6e1c81339439118cc6e"}],"source_text_full":"@_all  【Summer Wins决胜一夏！POP泛世界杯品类S级活动】对内KO\n邀各行业AM参与世界杯主题活动规则解读，为年中促提前蓄水发力！\n\n【活动定位】：利用世界杯热点趋势，聚焦泛世界杯场景（比赛/运动/聚会/观赛/游戏/应援等），助力趋势品类生意爆发！与年中促共用话题词，蓄力预热！\n【活动时间】：UTC0时区的 6/3-6/13（基准期4/1-4/7）\n【对内KO时间】：5/9 周六11-12点\n【会议邀请】https://www.sg.larkoffice.com/calendar/share?token=dd41bb90f1c7e6e1c81339439118cc6e","missing_fields":["due_time"],"ack_lock":{"status":"pending","tag":"[⚠️待接单/未响应]","evidence":"未在时间窗口内检测到责任人认领（收到/1/OK/表情等）"}}}
{"type":"chat_task","target_id":"mentions_me_global","target_title":"全局@我","chat_id":"","chat_name":"未知群聊","chat_link":"","message_link":"","jump_link":"","message_id":"om_x100b50ec3d42aca4e2f45d6d87b99f9","task":{"is_task":true,"task_name":"【Summer Wins决胜一夏！POP泛世界杯品类S级活动】","summary":"【Summer Wins决胜一夏！POP泛世界杯品类S级活动】","task_type":"","assigner":"林阳钦","owners":["_all"],"owner_mapping":[{"owner":"_all","scope":""}],"owner_resolution_status":"full","due_time":null,"deliverable":null,"source_message_ids":["om_x100b50ec3d42aca4e2f45d6d87b99f9"],"suggestion_reply":"收到～为了方便大家后续跟进，建议按【动词+交付物/事项+时间节点】补全一下：最晚截止时间 / DDL。另外也建议在消息里用【任务名称】格式明确指出待办。谢谢～","evidence":["消息中包含【】锚点，任务名直接继承原话","消息中包含【】锚点，按规则高优判定为任务"],"source_messages_full":[{"message_id":"om_x100b50ec3d42aca4e2f45d6d87b99f9","sender":"林阳钦","chat_id":null,"chat_name":"未知群聊","chat_link":null,"message_link":null,"jump_link":null,"create_time":"2026-05-08T14:48:25+08:00","text":"@_all  【Summer Wins决胜一夏！POP泛世界杯品类S级活动】对内KO\n邀各行业AM参与世界杯主题活动规则解读，为年中促提前蓄水发力！\n\n【活动定位】：利用世界杯热点趋势，聚焦泛世界杯场景（比赛/运动/聚会/观赛/游戏/应援等），助力趋势品类生意爆发！与年中促共用话题词，蓄力预热！\n【活动时间】：UTC0时区的 6/3-6/13（基准期4/1-4/7）\n【对内KO时间】：5/9 周六11-12点\n【会议邀请】https://www.sg.larkoffice.com/calendar/share?token=dd41bb90f1c7e6e1c81339439118cc6e"}],"source_text_full":"@_all  【Summer Wins决胜一夏！POP泛世界杯品类S级活动】对内KO\n邀各行业AM参与世界杯主题活动规则解读，为年中促提前蓄水发力！\n\n【活动定位】：利用世界杯热点趋势，聚焦泛世界杯场景（比赛/运动/聚会/观赛/游戏/应援等），助力趋势品类生意爆发！与年中促共用话题词，蓄力预热！\n【活动时间】：UTC0时区的 6/3-6/13（基准期4/1-4/7）\n【对内KO时间】：5/9 周六11-12点\n【会议邀请】https://www.sg.larkoffice.com/calendar/share?token=dd41bb90f1c7e6e1c81339439118cc6e","missing_fields":["due_time"],"ack_lock":{"status":"pending","tag":"[⚠️待接单/未响应]","evidence":"未在时间窗口内检测到责任人认领（收到/1/OK/表情等）"}}}
{"type":"mention_message_new","target_id":"mentions_me_global","target_title":"全局@我","chat_id":"","chat_name":"未知群聊","chat_link":"","message_link":"","jump_link":"","message_id":"om_x100b50ed69c810b8e2b8e39d605ff92","sender":"吴鸿生","create_time":"2026-05-08T15:36:16+08:00","text":"@_all 内睡直播托管项目我来简单总结一下呀。\ninlyricshop*geek green 已经完成交付，5月日均1.7K，时均GMV400，店铺+广告增量达标，成功续约，目前10K激励已经交付商家。\nshecurve*钛动，已经开播，开播单小时效率200+，5月日均0.2K，预期成功率较高。同步借助塑身衣的起号成功，push品牌内衣店铺达成合作，月中开播。开播UV+1\nshaperx*钛动，已经开播，开播单小时效率接近200，5月日均0.1K，预期成功率高。\ncc@游文皓 Hiram"}
{"type":"mention_message_new","target_id":"mentions_me_global","target_title":"全局@我","chat_id":"","chat_name":"未知群聊","chat_link":"","message_link":"","jump_link":"","message_id":"om_x100b50ed238b60ace2e3304eacfa226","sender":"","create_time":"2026-05-08T15:55:00+08:00","text":"@_all 请所有AM同学关注，联盟准出门槛较上次培训相比，有一些变更，具体是：商品的联盟准出门槛从Application CCR的2.5倍准出调整成3倍，请未达到该标准的商品尽快整改CCR，命中清单此前已在本群给大家发过"}
{"type":"chat_task","target_id":"mentions_me_global","target_title":"全局@我","chat_id":"","chat_name":"未知群聊","chat_link":"","message_link":"","jump_link":"","message_id":"om_x100b50ed238b60ace2e3304eacfa226","task":{"is_task":true,"task_name":"【请未达到标准的商品尽快整改CCR】","summary":"【请未达到标准的商品尽快整改CCR】","task_type":"action_item","assigner":"ou_ed416bd39cfc64737586d9004b459e36","owners":["all","所有AM同学"],"owner_mapping":[{"owner":"all","scope":"@_all"},{"owner":"所有AM同学","scope":"text"}],"owner_resolution_status":"full","due_time":null,"deliverable":"完成未达标商品的CCR整改","source_message_ids":["om_x100b50ed238b60ace2e3304eacfa226"],"suggestion_reply":"收到。这条关于【CCR整改】的任务提到了“尽快”，建议补充一个明确的截止时间（例如：【本周五18:00前完成CCR整改】），以便大家更好跟进。","evidence":["@_all 请所有AM同学关注，联盟准出门槛较上次培训相比，有一些变更，具体是：商品的联盟准出门槛从Application CCR的2.5倍准出调整成3倍，请未达到该标准的商品尽快整改CCR，命中清单此前已在本群给大家发过"],"source_messages_full":[{"message_id":"om_x100b50ed238b60ace2e3304eacfa226","sender":"","chat_id":null,"chat_name":"未知群聊","chat_link":null,"message_link":null,"jump_link":null,"create_time":"2026-05-08T15:55:00+08:00","text":"@_all 请所有AM同学关注，联盟准出门槛较上次培训相比，有一些变更，具体是：商品的联盟准出门槛从Application CCR的2.5倍准出调整成3倍，请未达到该标准的商品尽快整改CCR，命中清单此前已在本群给大家发过"}],"source_text_full":"@_all 请所有AM同学关注，联盟准出门槛较上次培训相比，有一些变更，具体是：商品的联盟准出门槛从Application CCR的2.5倍准出调整成3倍，请未达到该标准的商品尽快整改CCR，命中清单此前已在本群给大家发过","missing_fields":["due_time"],"ack_lock":{"status":"pending","tag":"[⚠️待接单/未响应]","evidence":"未在时间窗口内检测到责任人认领（收到/1/OK/表情等）"}}}
{"type":"mention_message_new","target_id":"mentions_me_global","target_title":"全局@我","chat_id":"","chat_name":"未知群聊","chat_link":"","message_link":"","jump_link":"","message_id":"om_x100b50edef449ca0e103cae74ad38ff","sender":"","create_time":"2026-05-08T16:08:56+08:00","text":"**[5月夏促#SummerVibes商家自播进度同步（截止下午15:00）]** @孙思源 @王荷钰 why @陈子慧 @吴鸿生 @于奇楠 @吴鸿生 @霍汉煜 @孙蓉 @黄佳瑜 \n- 本次大促商家自播 需重点关注的商家池 [300+家](https://bytedance.larkoffice.com/wiki/O4wNwfAfcikMJikhgOVcGHkUnSd?from=from_copylink)，MTD 5/08日报名进展如下👇 \n![image](img_v3_0211g_9b34ebbc-9f43-49f7-b056-5f5346e3b4hu)\n**【Todo】**\n- 本次大促将根据20k+场次制作直播日历用于海报宣传，请各位live am于今天下午**17:00**前**核对**日历提报情况，如有变更可及时私戳我\n![image](img_v3_0211g_1c6bfed1-81c5-4ca7-9a04-bb57c02889hu)\n- 请各位live am根据商家提报场次排期进行资源配置，具体提报情况请参考：[https://bytedance.larkoffice.com/wiki/O4wNwfAfcikMJikhgOVcGHkUnSd?sheet=NVww9D](https://bytedance.larkoffice.com/wiki/O4wNwfAfcikMJikhgOVcGHkUnSd?sheet=NVww9D)\n**【预算更新情况-请关注】之前的bill仅适用于优惠券配置，目前新增了几个bill可同时用于优惠券和共资配置，请大家关注bill变更**\n- **OA ID:PJ20260421600004【不变】**\n- **OA Name:【GS POP campaign】May Super Category Week | Summer Vibes**\n![image](img_v3_0211g_17e66c17-9090-4619-90ee-9bb7529492hu)"}
{"type":"chat_task","target_id":"mentions_me_global","target_title":"全局@我","chat_id":"","chat_name":"未知群聊","chat_link":"","message_link":"","jump_link":"","message_id":"om_x100b50edef449ca0e103cae74ad38ff","task":{"is_task":true,"task_name":"【Todo】","summary":"【Todo】","task_type":"","assigner":"","owners":["孙思源","王荷钰","陈子慧","吴鸿生","于奇楠","霍汉煜","孙蓉","黄佳瑜","大家","各位"],"owner_mapping":[{"owner":"孙思源","scope":""},{"owner":"王荷钰","scope":""},{"owner":"陈子慧","scope":""},{"owner":"吴鸿生","scope":""},{"owner":"于奇楠","scope":""},{"owner":"霍汉煜","scope":""},{"owner":"孙蓉","scope":""},{"owner":"黄佳瑜","scope":""},{"owner":"大家","scope":""},{"owner":"各位","scope":""}],"owner_resolution_status":"partial","due_time":null,"deliverable":null,"source_message_ids":["om_x100b50edef449ca0e103cae74ad38ff"],"suggestion_reply":"收到～为了方便大家后续跟进，建议按【动词+交付物/事项+时间节点】补全一下：最晚截止时间 / DDL。另外也建议在消息里用【任务名称】格式明确指出待办。谢谢～","evidence":["消息中包含【】锚点，任务名直接继承原话","消息中包含【】锚点，按规则高优判定为任务"],"source_messages_full":[{"message_id":"om_x100b50edef449ca0e103cae74ad38ff","sender":"","chat_id":null,"chat_name":"未知群聊","chat_link":null,"message_link":null,"jump_link":null,"create_time":"2026-05-08T16:08:56+08:00","text":"**[5月夏促#SummerVibes商家自播进度同步（截止下午15:00）]** @孙思源 @王荷钰 why @陈子慧 @吴鸿生 @于奇楠 @吴鸿生 @霍汉煜 @孙蓉 @黄佳瑜 \n- 本次大促商家自播 需重点关注的商家池 [300+家](https://bytedance.larkoffice.com/wiki/O4wNwfAfcikMJikhgOVcGHkUnSd?from=from_copylink)，MTD 5/08日报名进展如下👇 \n![image](img_v3_0211g_9b34ebbc-9f43-49f7-b056-5f5346e3b4hu)\n**【Todo】**\n- 本次大促将根据20k+场次制作直播日历用于海报宣传，请各位live am于今天下午**17:00**前**核对**日历提报情况，如有变更可及时私戳我\n![image](img_v3_0211g_1c6bfed1-81c5-4ca7-9a04-bb57c02889hu)\n- 请各位live am根据商家提报场次排期进行资源配置，具体提报情况请参考：[https://bytedance.larkoffice.com/wiki/O4wNwfAfcikMJikhgOVcGHkUnSd?sheet=NVww9D](https://bytedance.larkoffice.com/wiki/O4wNwfAfcikMJikhgOVcGHkUnSd?sheet=NVww9D)\n**【预算更新情况-请关注】之前的bill仅适用于优惠券配置，目前新增了几个bill可同时用于优惠券和共资配置，请大家关注bill变更**\n- **OA ID:PJ20260421600004【不变】**\n- **OA Name:【GS POP campaign】May Super Category Week | Summer Vibes**\n![image](img_v3_0211g_17e66c17-9090-4619-90ee-9bb7529492hu)"}],"source_text_full":"**[5月夏促#SummerVibes商家自播进度同步（截止下午15:00）]** @孙思源 @王荷钰 why @陈子慧 @吴鸿生 @于奇楠 @吴鸿生 @霍汉煜 @孙蓉 @黄佳瑜 \n- 本次大促商家自播 需重点关注的商家池 [300+家](https://bytedance.larkoffice.com/wiki/O4wNwfAfcikMJikhgOVcGHkUnSd?from=from_copylink)，MTD 5/08日报名进展如下👇 \n![image](img_v3_0211g_9b34ebbc-9f43-49f7-b056-5f5346e3b4hu)\n**【Todo】**\n- 本次大促将根据20k+场次制作直播日历用于海报宣传，请各位live am于今天下午**17:00**前**核对**日历提报情况，如有变更可及时私戳我\n![image](img_v3_0211g_1c6bfed1-81c5-4ca7-9a04-bb57c02889hu)\n- 请各位live am根据商家提报场次排期进行资源配置，具体提报情况请参考：[https://bytedance.larkoffice.com/wiki/O4wNwfAfcikMJikhgOVcGHkUnSd?sheet=NVww9D](https://bytedance.larkoffice.com/wiki/O4wNwfAfcikMJikhgOVcGHkUnSd?sheet=NVww9D)\n**【预算更新情况-请关注】之前的bill仅适用于优惠券配置，目前新增了几个bill可同时用于优惠券和共资配置，请大家关注bill变更**\n- **OA ID:PJ20260421600004【不变】**\n- **OA Name:【GS POP campaign】May Super Category Week | Summer Vibes**\n![image](img_v3_0211g_17e66c17-9090-4619-90ee-9bb7529492hu)","missing_fields":["due_time"],"ack_lock":{"status":"pending","tag":"[⚠️待接单/未响应]","evidence":"未在时间窗口内检测到责任人认领（收到/1/OK/表情等）"}}}
{"type":"chat_task","target_id":"mentions_me_global","target_title":"全局@我","chat_id":"","chat_name":"未知群聊","chat_link":"","message_link":"","jump_link":"","message_id":"om_x100b50edef449ca0e103cae74ad38ff","task":{"is_task":true,"task_name":"【Todo】","summary":"【Todo】","task_type":"","assigner":"","owners":["孙思源","王荷钰","陈子慧","吴鸿生","于奇楠","霍汉煜","孙蓉","黄佳瑜","大家","各位"],"owner_mapping":[{"owner":"孙思源","scope":""},{"owner":"王荷钰","scope":""},{"owner":"陈子慧","scope":""},{"owner":"吴鸿生","scope":""},{"owner":"于奇楠","scope":""},{"owner":"霍汉煜","scope":""},{"owner":"孙蓉","scope":""},{"owner":"黄佳瑜","scope":""},{"owner":"大家","scope":""},{"owner":"各位","scope":""}],"owner_resolution_status":"partial","due_time":null,"deliverable":null,"source_message_ids":["om_x100b50edef449ca0e103cae74ad38ff"],"suggestion_reply":"收到～为了方便大家后续跟进，建议按【动词+交付物/事项+时间节点】补全一下：最晚截止时间 / DDL。另外也建议在消息里用【任务名称】格式明确指出待办。谢谢～","evidence":["消息中包含【】锚点，任务名直接继承原话","消息中包含【】锚点，按规则高优判定为任务"],"source_messages_full":[{"message_id":"om_x100b50edef449ca0e103cae74ad38ff","sender":"","chat_id":null,"chat_name":"未知群聊","chat_link":null,"message_link":null,"jump_link":null,"create_time":"2026-05-08T16:08:56+08:00","text":"**[5月夏促#SummerVibes商家自播进度同步（截止下午15:00）]** @孙思源 @王荷钰 why @陈子慧 @吴鸿生 @于奇楠 @吴鸿生 @霍汉煜 @孙蓉 @黄佳瑜 \n- 本次大促商家自播 需重点关注的商家池 [300+家](https://bytedance.larkoffice.com/wiki/O4wNwfAfcikMJikhgOVcGHkUnSd?from=from_copylink)，MTD 5/08日报名进展如下👇 \n![image](img_v3_0211g_9b34ebbc-9f43-49f7-b056-5f5346e3b4hu)\n**【Todo】**\n- 本次大促将根据20k+场次制作直播日历用于海报宣传，请各位live am于今天下午**17:00**前**核对**日历提报情况，如有变更可及时私戳我\n![image](img_v3_0211g_1c6bfed1-81c5-4ca7-9a04-bb57c02889hu)\n- 请各位live am根据商家提报场次排期进行资源配置，具体提报情况请参考：[https://bytedance.larkoffice.com/wiki/O4wNwfAfcikMJikhgOVcGHkUnSd?sheet=NVww9D](https://bytedance.larkoffice.com/wiki/O4wNwfAfcikMJikhgOVcGHkUnSd?sheet=NVww9D)\n**【预算更新情况-请关注】之前的bill仅适用于优惠券配置，目前新增了几个bill可同时用于优惠券和共资配置，请大家关注bill变更**\n- **OA ID:PJ20260421600004【不变】**\n- **OA Name:【GS POP campaign】May Super Category Week | Summer Vibes**\n![image](img_v3_0211g_17e66c17-9090-4619-90ee-9bb7529492hu)"}],"source_text_full":"**[5月夏促#SummerVibes商家自播进度同步（截止下午15:00）]** @孙思源 @王荷钰 why @陈子慧 @吴鸿生 @于奇楠 @吴鸿生 @霍汉煜 @孙蓉 @黄佳瑜 \n- 本次大促商家自播 需重点关注的商家池 [300+家](https://bytedance.larkoffice.com/wiki/O4wNwfAfcikMJikhgOVcGHkUnSd?from=from_copylink)，MTD 5/08日报名进展如下👇 \n![image](img_v3_0211g_9b34ebbc-9f43-49f7-b056-5f5346e3b4hu)\n**【Todo】**\n- 本次大促将根据20k+场次制作直播日历用于海报宣传，请各位live am于今天下午**17:00**前**核对**日历提报情况，如有变更可及时私戳我\n![image](img_v3_0211g_1c6bfed1-81c5-4ca7-9a04-bb57c02889hu)\n- 请各位live am根据商家提报场次排期进行资源配置，具体提报情况请参考：[https://bytedance.larkoffice.com/wiki/O4wNwfAfcikMJikhgOVcGHkUnSd?sheet=NVww9D](https://bytedance.larkoffice.com/wiki/O4wNwfAfcikMJikhgOVcGHkUnSd?sheet=NVww9D)\n**【预算更新情况-请关注】之前的bill仅适用于优惠券配置，目前新增了几个bill可同时用于优惠券和共资配置，请大家关注bill变更**\n- **OA ID:PJ20260421600004【不变】**\n- **OA Name:【GS POP campaign】May Super Category Week | Summer Vibes**\n![image](img_v3_0211g_17e66c17-9090-4619-90ee-9bb7529492hu)","missing_fields":["due_time"],"ack_lock":{"status":"pending","tag":"[⚠️待接单/未响应]","evidence":"未在时间窗口内检测到责任人认领（收到/1/OK/表情等）"}}}
{"type":"chat_task","target_id":"mentions_me_global","target_title":"全局@我","chat_id":"","chat_name":"未知群聊","chat_link":"","message_link":"","jump_link":"","message_id":"om_x100b50edef449ca0e103cae74ad38ff","task":{"is_task":true,"task_name":"【Todo】","summary":"【Todo】","task_type":"","assigner":"","owners":["孙思源","王荷钰","陈子慧","吴鸿生","于奇楠","霍汉煜","孙蓉","黄佳瑜","大家","各位"],"owner_mapping":[{"owner":"孙思源","scope":""},{"owner":"王荷钰","scope":""},{"owner":"陈子慧","scope":""},{"owner":"吴鸿生","scope":""},{"owner":"于奇楠","scope":""},{"owner":"霍汉煜","scope":""},{"owner":"孙蓉","scope":""},{"owner":"黄佳瑜","scope":""},{"owner":"大家","scope":""},{"owner":"各位","scope":""}],"owner_resolution_status":"partial","due_time":null,"deliverable":null,"source_message_ids":["om_x100b50edef449ca0e103cae74ad38ff"],"suggestion_reply":"收到～为了方便大家后续跟进，建议按【动词+交付物/事项+时间节点】补全一下：最晚截止时间 / DDL。另外也建议在消息里用【任务名称】格式明确指出待办。谢谢～","evidence":["消息中包含【】锚点，任务名直接继承原话","消息中包含【】锚点，按规则高优判定为任务"],"source_messages_full":[{"message_id":"om_x100b50edef449ca0e103cae74ad38ff","sender":"","chat_id":null,"chat_name":"未知群聊","chat_link":null,"message_link":null,"jump_link":null,"create_time":"2026-05-08T16:08:56+08:00","text":"**[5月夏促#SummerVibes商家自播进度同步（截止下午15:00）]** @孙思源 @王荷钰 why @陈子慧 @吴鸿生 @于奇楠 @吴鸿生 @霍汉煜 @孙蓉 @黄佳瑜 \n- 本次大促商家自播 需重点关注的商家池 [300+家](https://bytedance.larkoffice.com/wiki/O4wNwfAfcikMJikhgOVcGHkUnSd?from=from_copylink)，MTD 5/08日报名进展如下👇 \n![image](img_v3_0211g_9b34ebbc-9f43-49f7-b056-5f5346e3b4hu)\n**【Todo】**\n- 本次大促将根据20k+场次制作直播日历用于海报宣传，请各位live am于今天下午**17:00**前**核对**日历提报情况，如有变更可及时私戳我\n![image](img_v3_0211g_1c6bfed1-81c5-4ca7-9a04-bb57c02889hu)\n- 请各位live am根据商家提报场次排期进行资源配置，具体提报情况请参考：[https://bytedance.larkoffice.com/wiki/O4wNwfAfcikMJikhgOVcGHkUnSd?sheet=NVww9D](https://bytedance.larkoffice.com/wiki/O4wNwfAfcikMJikhgOVcGHkUnSd?sheet=NVww9D)\n**【预算更新情况-请关注】之前的bill仅适用于优惠券配置，目前新增了几个bill可同时用于优惠券和共资配置，请大家关注bill变更**\n- **OA ID:PJ20260421600004【不变】**\n- **OA Name:【GS POP campaign】May Super Category Week | Summer Vibes**\n![image](img_v3_0211g_17e66c17-9090-4619-90ee-9bb7529492hu)"}],"source_text_full":"**[5月夏促#SummerVibes商家自播进度同步（截止下午15:00）]** @孙思源 @王荷钰 why @陈子慧 @吴鸿生 @于奇楠 @吴鸿生 @霍汉煜 @孙蓉 @黄佳瑜 \n- 本次大促商家自播 需重点关注的商家池 [300+家](https://bytedance.larkoffice.com/wiki/O4wNwfAfcikMJikhgOVcGHkUnSd?from=from_copylink)，MTD 5/08日报名进展如下👇 \n![image](img_v3_0211g_9b34ebbc-9f43-49f7-b056-5f5346e3b4hu)\n**【Todo】**\n- 本次大促将根据20k+场次制作直播日历用于海报宣传，请各位live am于今天下午**17:00**前**核对**日历提报情况，如有变更可及时私戳我\n![image](img_v3_0211g_1c6bfed1-81c5-4ca7-9a04-bb57c02889hu)\n- 请各位live am根据商家提报场次排期进行资源配置，具体提报情况请参考：[https://bytedance.larkoffice.com/wiki/O4wNwfAfcikMJikhgOVcGHkUnSd?sheet=NVww9D](https://bytedance.larkoffice.com/wiki/O4wNwfAfcikMJikhgOVcGHkUnSd?sheet=NVww9D)\n**【预算更新情况-请关注】之前的bill仅适用于优惠券配置，目前新增了几个bill可同时用于优惠券和共资配置，请大家关注bill变更**\n- **OA ID:PJ20260421600004【不变】**\n- **OA Name:【GS POP campaign】May Super Category Week | Summer Vibes**\n![image](img_v3_0211g_17e66c17-9090-4619-90ee-9bb7529492hu)","missing_fields":["due_time"],"ack_lock":{"status":"pending","tag":"[⚠️待接单/未响应]","evidence":"未在时间窗口内检测到责任人认领（收到/1/OK/表情等）"}}}
{"type":"chat_task","target_id":"mentions_me_global","target_title":"全局@我","chat_id":"","chat_name":"未知群聊","chat_link":"","message_link":"","jump_link":"","message_id":"om_x100b50edef449ca0e103cae74ad38ff","task":{"is_task":true,"task_name":"【Todo】","summary":"【Todo】","task_type":"","assigner":"","owners":["孙思源","王荷钰","陈子慧","吴鸿生","于奇楠","霍汉煜","孙蓉","黄佳瑜","大家","各位"],"owner_mapping":[{"owner":"孙思源","scope":""},{"owner":"王荷钰","scope":""},{"owner":"陈子慧","scope":""},{"owner":"吴鸿生","scope":""},{"owner":"于奇楠","scope":""},{"owner":"霍汉煜","scope":""},{"owner":"孙蓉","scope":""},{"owner":"黄佳瑜","scope":""},{"owner":"大家","scope":""},{"owner":"各位","scope":""}],"owner_resolution_status":"partial","due_time":null,"deliverable":null,"source_message_ids":["om_x100b50edef449ca0e103cae74ad38ff"],"suggestion_reply":"收到～为了方便大家后续跟进，建议按【动词+交付物/事项+时间节点】补全一下：最晚截止时间 / DDL。另外也建议在消息里用【任务名称】格式明确指出待办。谢谢～","evidence":["消息中包含【】锚点，任务名直接继承原话","消息中包含【】锚点，按规则高优判定为任务"],"source_messages_full":[{"message_id":"om_x100b50edef449ca0e103cae74ad38ff","sender":"","chat_id":null,"chat_name":"未知群聊","chat_link":null,"message_link":null,"jump_link":null,"create_time":"2026-05-08T16:08:56+08:00","text":"**[5月夏促#SummerVibes商家自播进度同步（截止下午15:00）]** @孙思源 @王荷钰 why @陈子慧 @吴鸿生 @于奇楠 @吴鸿生 @霍汉煜 @孙蓉 @黄佳瑜 \n- 本次大促商家自播 需重点关注的商家池 [300+家](https://bytedance.larkoffice.com/wiki/O4wNwfAfcikMJikhgOVcGHkUnSd?from=from_copylink)，MTD 5/08日报名进展如下👇 \n![image](img_v3_0211g_9b34ebbc-9f43-49f7-b056-5f5346e3b4hu)\n**【Todo】**\n- 本次大促将根据20k+场次制作直播日历用于海报宣传，请各位live am于今天下午**17:00**前**核对**日历提报情况，如有变更可及时私戳我\n![image](img_v3_0211g_1c6bfed1-81c5-4ca7-9a04-bb57c02889hu)\n- 请各位live am根据商家提报场次排期进行资源配置，具体提报情况请参考：[https://bytedance.larkoffice.com/wiki/O4wNwfAfcikMJikhgOVcGHkUnSd?sheet=NVww9D](https://bytedance.larkoffice.com/wiki/O4wNwfAfcikMJikhgOVcGHkUnSd?sheet=NVww9D)\n**【预算更新情况-请关注】之前的bill仅适用于优惠券配置，目前新增了几个bill可同时用于优惠券和共资配置，请大家关注bill变更**\n- **OA ID:PJ20260421600004【不变】**\n- **OA Name:【GS POP campaign】May Super Category Week | Summer Vibes**\n![image](img_v3_0211g_17e66c17-9090-4619-90ee-9bb7529492hu)"}],"source_text_full":"**[5月夏促#SummerVibes商家自播进度同步（截止下午15:00）]** @孙思源 @王荷钰 why @陈子慧 @吴鸿生 @于奇楠 @吴鸿生 @霍汉煜 @孙蓉 @黄佳瑜 \n- 本次大促商家自播 需重点关注的商家池 [300+家](https://bytedance.larkoffice.com/wiki/O4wNwfAfcikMJikhgOVcGHkUnSd?from=from_copylink)，MTD 5/08日报名进展如下👇 \n![image](img_v3_0211g_9b34ebbc-9f43-49f7-b056-5f5346e3b4hu)\n**【Todo】**\n- 本次大促将根据20k+场次制作直播日历用于海报宣传，请各位live am于今天下午**17:00**前**核对**日历提报情况，如有变更可及时私戳我\n![image](img_v3_0211g_1c6bfed1-81c5-4ca7-9a04-bb57c02889hu)\n- 请各位live am根据商家提报场次排期进行资源配置，具体提报情况请参考：[https://bytedance.larkoffice.com/wiki/O4wNwfAfcikMJikhgOVcGHkUnSd?sheet=NVww9D](https://bytedance.larkoffice.com/wiki/O4wNwfAfcikMJikhgOVcGHkUnSd?sheet=NVww9D)\n**【预算更新情况-请关注】之前的bill仅适用于优惠券配置，目前新增了几个bill可同时用于优惠券和共资配置，请大家关注bill变更**\n- **OA ID:PJ20260421600004【不变】**\n- **OA Name:【GS POP campaign】May Super Category Week | Summer Vibes**\n![image](img_v3_0211g_17e66c17-9090-4619-90ee-9bb7529492hu)","missing_fields":["due_time"],"ack_lock":{"status":"pending","tag":"[⚠️待接单/未响应]","evidence":"未在时间窗口内检测到责任人认领（收到/1/OK/表情等）"}}}
{"type":"mention_message_new","target_id":"mentions_me_global","target_title":"全局@我","chat_id":"","chat_name":"未知群聊","chat_link":"","message_link":"","jump_link":"","message_id":"om_x100b50edbc2480ace2ef682db764f29","sender":"赵月晨","create_time":"2026-05-08T16:30:39+08:00","text":"了解了一下具体情况，\n1. 我们需要列一个所有招商合作服务商List分别贡献是多少@夏春雨 @江家徵 \n2. 挑5、6个重点贡献服务商，卡点、需求@赵月晨 \neg：\n  - 广告代理商需求：可打通站内信，完成指标->给到直接商家资源\n  - 支付服务商需求：细化过往流程，保证拿到激励\n  - ....大家可以补充\n3. 怎么进行高效合作及收目标看贡献\n明天下午15:00-15:30，大家看时间是否ok，可调整。在这之前有需要讨论的我们随时拉齐～ \nCC@于奇楠  @江家徵 @夏春雨 \n\n**PS，**\n- Fashion秋冬选品Amz缺失供给done（目前数据权限只有us）[https://bytedance.larkoffice.com/wiki/Y166wFD7Wi1RaskqX5JcvGrLnRc](https://bytedance.larkoffice.com/wiki/Y166wFD7Wi1RaskqX5JcvGrLnRc) ；\n- 必保名单，[https://bytedance.larkoffice.com/wiki/QTXewNMtAi87jjkaFzVc5fjknjc](https://bytedance.larkoffice.com/wiki/QTXewNMtAi87jjkaFzVc5fjknjc) 已经手动筛选出来一部份，我自己筛选的有限，大家可以根据底表[https://bytedance.larkoffice.com/sheets/OKXSsSQJYhQa4xtRsIucwKLzn5c?sheet=Eba7bH](https://bytedance.larkoffice.com/sheets/OKXSsSQJYhQa4xtRsIucwKLzn5c?sheet=Eba7bH) 补充（筛选US&T4/T5商家后先自行判断可保的名单后续可以再调整）\n\n**需求/后续梳理：**可下周梳理一个for后续新人进来基础流程表格，for开店连接，靶向大商挂接/认证等。"}
{"type":"chat_task","target_id":"mentions_me_global","target_title":"全局@我","chat_id":"","chat_name":"未知群聊","chat_link":"","message_link":"","jump_link":"","message_id":"om_x100b50edbc2480ace2ef682db764f29","task":{"is_task":true,"task_name":"【列一个所有招商合作服务商List分别贡献是多少】","summary":"【列一个所有招商合作服务商List分别贡献是多少】","task_type":"统计/梳理","assigner":"赵月晨","owners":["夏春雨","江家徵"],"owner_mapping":[{"owner":"夏春雨","scope":null},{"owner":"江家徵","scope":null}],"owner_resolution_status":"full","due_time":"2026-05-09 15:00","deliverable":"服务商贡献List","source_message_ids":["om_x100b50edbc2480ace2ef682db764f29"],"suggestion_reply":null,"evidence":["1. 我们需要列一个所有招商合作服务商List分别贡献是多少@夏春雨 @江家徵","明天下午15:00-15:30...在这之前有需要讨论的我们随时拉齐"],"source_messages_full":[{"message_id":"om_x100b50edbc2480ace2ef682db764f29","sender":"赵月晨","chat_id":null,"chat_name":"未知群聊","chat_link":null,"message_link":null,"jump_link":null,"create_time":"2026-05-08T16:30:39+08:00","text":"了解了一下具体情况，\n1. 我们需要列一个所有招商合作服务商List分别贡献是多少@夏春雨 @江家徵 \n2. 挑5、6个重点贡献服务商，卡点、需求@赵月晨 \neg：\n  - 广告代理商需求：可打通站内信，完成指标->给到直接商家资源\n  - 支付服务商需求：细化过往流程，保证拿到激励\n  - ....大家可以补充\n3. 怎么进行高效合作及收目标看贡献\n明天下午15:00-15:30，大家看时间是否ok，可调整。在这之前有需要讨论的我们随时拉齐～ \nCC@于奇楠  @江家徵 @夏春雨 \n\n**PS，**\n- Fashion秋冬选品Amz缺失供给done（目前数据权限只有us）[https://bytedance.larkoffice.com/wiki/Y166wFD7Wi1RaskqX5JcvGrLnRc](https://bytedance.larkoffice.com/wiki/Y166wFD7Wi1RaskqX5JcvGrLnRc) ；\n- 必保名单，[https://bytedance.larkoffice.com/wiki/QTXewNMtAi87jjkaFzVc5fjknjc](https://bytedance.larkoffice.com/wiki/QTXewNMtAi87jjkaFzVc5fjknjc) 已经手动筛选出来一部份，我自己筛选的有限，大家可以根据底表[https://bytedance.larkoffice.com/sheets/OKXSsSQJYhQa4xtRsIucwKLzn5c?sheet=Eba7bH](https://bytedance.larkoffice.com/sheets/OKXSsSQJYhQa4xtRsIucwKLzn5c?sheet=Eba7bH) 补充（筛选US&T4/T5商家后先自行判断可保的名单后续可以再调整）\n\n**需求/后续梳理：**可下周梳理一个for后续新人进来基础流程表格，for开店连接，靶向大商挂接/认证等。"}],"source_text_full":"了解了一下具体情况，\n1. 我们需要列一个所有招商合作服务商List分别贡献是多少@夏春雨 @江家徵 \n2. 挑5、6个重点贡献服务商，卡点、需求@赵月晨 \neg：\n  - 广告代理商需求：可打通站内信，完成指标->给到直接商家资源\n  - 支付服务商需求：细化过往流程，保证拿到激励\n  - ....大家可以补充\n3. 怎么进行高效合作及收目标看贡献\n明天下午15:00-15:30，大家看时间是否ok，可调整。在这之前有需要讨论的我们随时拉齐～ \nCC@于奇楠  @江家徵 @夏春雨 \n\n**PS，**\n- Fashion秋冬选品Amz缺失供给done（目前数据权限只有us）[https://bytedance.larkoffice.com/wiki/Y166wFD7Wi1RaskqX5JcvGrLnRc](https://bytedance.larkoffice.com/wiki/Y166wFD7Wi1RaskqX5JcvGrLnRc) ；\n- 必保名单，[https://bytedance.larkoffice.com/wiki/QTXewNMtAi87jjkaFzVc5fjknjc](https://bytedance.larkoffice.com/wiki/QTXewNMtAi87jjkaFzVc5fjknjc) 已经手动筛选出来一部份，我自己筛选的有限，大家可以根据底表[https://bytedance.larkoffice.com/sheets/OKXSsSQJYhQa4xtRsIucwKLzn5c?sheet=Eba7bH](https://bytedance.larkoffice.com/sheets/OKXSsSQJYhQa4xtRsIucwKLzn5c?sheet=Eba7bH) 补充（筛选US&T4/T5商家后先自行判断可保的名单后续可以再调整）\n\n**需求/后续梳理：**可下周梳理一个for后续新人进来基础流程表格，for开店连接，靶向大商挂接/认证等。","ack_lock":{"status":"pending","tag":"[⚠️待接单/未响应]","evidence":"未在时间窗口内检测到责任人认领（收到/1/OK/表情等）"}}}
{"type":"chat_task","target_id":"mentions_me_global","target_title":"全局@我","chat_id":"","chat_name":"未知群聊","chat_link":"","message_link":"","jump_link":"","message_id":"om_x100b50edbc2480ace2ef682db764f29","task":{"is_task":true,"task_name":"【挑5、6个重点贡献服务商，梳理卡点、需求并补充】","summary":"【挑5、6个重点贡献服务商，梳理卡点、需求并补充】","task_type":"梳理/分析","assigner":"赵月晨","owners":["赵月晨","夏春雨","江家徵","于奇楠"],"owner_mapping":[{"owner":"赵月晨","scope":"主导梳理"},{"owner":"夏春雨","scope":"补充"},{"owner":"江家徵","scope":"补充"},{"owner":"于奇楠","scope":"补充"}],"owner_resolution_status":"full","due_time":"2026-05-09 15:00","deliverable":"重点服务商卡点需求梳理","source_message_ids":["om_x100b50edbc2480ace2ef682db764f29"],"suggestion_reply":null,"evidence":["2. 挑5、6个重点贡献服务商，卡点、需求@赵月晨","....大家可以补充","明天下午15:00-15:30...在这之前有需要讨论的我们随时拉齐","CC@于奇楠  @江家徵 @夏春雨"],"source_messages_full":[{"message_id":"om_x100b50edbc2480ace2ef682db764f29","sender":"赵月晨","chat_id":null,"chat_name":"未知群聊","chat_link":null,"message_link":null,"jump_link":null,"create_time":"2026-05-08T16:30:39+08:00","text":"了解了一下具体情况，\n1. 我们需要列一个所有招商合作服务商List分别贡献是多少@夏春雨 @江家徵 \n2. 挑5、6个重点贡献服务商，卡点、需求@赵月晨 \neg：\n  - 广告代理商需求：可打通站内信，完成指标->给到直接商家资源\n  - 支付服务商需求：细化过往流程，保证拿到激励\n  - ....大家可以补充\n3. 怎么进行高效合作及收目标看贡献\n明天下午15:00-15:30，大家看时间是否ok，可调整。在这之前有需要讨论的我们随时拉齐～ \nCC@于奇楠  @江家徵 @夏春雨 \n\n**PS，**\n- Fashion秋冬选品Amz缺失供给done（目前数据权限只有us）[https://bytedance.larkoffice.com/wiki/Y166wFD7Wi1RaskqX5JcvGrLnRc](https://bytedance.larkoffice.com/wiki/Y166wFD7Wi1RaskqX5JcvGrLnRc) ；\n- 必保名单，[https://bytedance.larkoffice.com/wiki/QTXewNMtAi87jjkaFzVc5fjknjc](https://bytedance.larkoffice.com/wiki/QTXewNMtAi87jjkaFzVc5fjknjc) 已经手动筛选出来一部份，我自己筛选的有限，大家可以根据底表[https://bytedance.larkoffice.com/sheets/OKXSsSQJYhQa4xtRsIucwKLzn5c?sheet=Eba7bH](https://bytedance.larkoffice.com/sheets/OKXSsSQJYhQa4xtRsIucwKLzn5c?sheet=Eba7bH) 补充（筛选US&T4/T5商家后先自行判断可保的名单后续可以再调整）\n\n**需求/后续梳理：**可下周梳理一个for后续新人进来基础流程表格，for开店连接，靶向大商挂接/认证等。"}],"source_text_full":"了解了一下具体情况，\n1. 我们需要列一个所有招商合作服务商List分别贡献是多少@夏春雨 @江家徵 \n2. 挑5、6个重点贡献服务商，卡点、需求@赵月晨 \neg：\n  - 广告代理商需求：可打通站内信，完成指标->给到直接商家资源\n  - 支付服务商需求：细化过往流程，保证拿到激励\n  - ....大家可以补充\n3. 怎么进行高效合作及收目标看贡献\n明天下午15:00-15:30，大家看时间是否ok，可调整。在这之前有需要讨论的我们随时拉齐～ \nCC@于奇楠  @江家徵 @夏春雨 \n\n**PS，**\n- Fashion秋冬选品Amz缺失供给done（目前数据权限只有us）[https://bytedance.larkoffice.com/wiki/Y166wFD7Wi1RaskqX5JcvGrLnRc](https://bytedance.larkoffice.com/wiki/Y166wFD7Wi1RaskqX5JcvGrLnRc) ；\n- 必保名单，[https://bytedance.larkoffice.com/wiki/QTXewNMtAi87jjkaFzVc5fjknjc](https://bytedance.larkoffice.com/wiki/QTXewNMtAi87jjkaFzVc5fjknjc) 已经手动筛选出来一部份，我自己筛选的有限，大家可以根据底表[https://bytedance.larkoffice.com/sheets/OKXSsSQJYhQa4xtRsIucwKLzn5c?sheet=Eba7bH](https://bytedance.larkoffice.com/sheets/OKXSsSQJYhQa4xtRsIucwKLzn5c?sheet=Eba7bH) 补充（筛选US&T4/T5商家后先自行判断可保的名单后续可以再调整）\n\n**需求/后续梳理：**可下周梳理一个for后续新人进来基础流程表格，for开店连接，靶向大商挂接/认证等。","ack_lock":{"status":"pending","tag":"[⚠️待接单/未响应]","evidence":"未在时间窗口内检测到责任人认领（收到/1/OK/表情等）"}}}
{"type":"chat_task","target_id":"mentions_me_global","target_title":"全局@我","chat_id":"","chat_name":"未知群聊","chat_link":"","message_link":"","jump_link":"","message_id":"om_x100b50edbc2480ace2ef682db764f29","task":{"is_task":true,"task_name":"【参加关于高效合作及收目标看贡献的讨论会议】","summary":"【参加关于高效合作及收目标看贡献的讨论会议】","task_type":"会议","assigner":"赵月晨","owners":["赵月晨","于奇楠","江家徵","夏春雨"],"owner_mapping":[{"owner":"赵月晨","scope":null},{"owner":"于奇楠","scope":null},{"owner":"江家徵","scope":null},{"owner":"夏春雨","scope":null}],"owner_resolution_status":"full","due_time":"2026-05-09 15:00","deliverable":"会议讨论","source_message_ids":["om_x100b50edbc2480ace2ef682db764f29"],"suggestion_reply":null,"evidence":["3. 怎么进行高效合作及收目标看贡献\n明天下午15:00-15:30，大家看时间是否ok","CC@于奇楠  @江家徵 @夏春雨"],"source_messages_full":[{"message_id":"om_x100b50edbc2480ace2ef682db764f29","sender":"赵月晨","chat_id":null,"chat_name":"未知群聊","chat_link":null,"message_link":null,"jump_link":null,"create_time":"2026-05-08T16:30:39+08:00","text":"了解了一下具体情况，\n1. 我们需要列一个所有招商合作服务商List分别贡献是多少@夏春雨 @江家徵 \n2. 挑5、6个重点贡献服务商，卡点、需求@赵月晨 \neg：\n  - 广告代理商需求：可打通站内信，完成指标->给到直接商家资源\n  - 支付服务商需求：细化过往流程，保证拿到激励\n  - ....大家可以补充\n3. 怎么进行高效合作及收目标看贡献\n明天下午15:00-15:30，大家看时间是否ok，可调整。在这之前有需要讨论的我们随时拉齐～ \nCC@于奇楠  @江家徵 @夏春雨 \n\n**PS，**\n- Fashion秋冬选品Amz缺失供给done（目前数据权限只有us）[https://bytedance.larkoffice.com/wiki/Y166wFD7Wi1RaskqX5JcvGrLnRc](https://bytedance.larkoffice.com/wiki/Y166wFD7Wi1RaskqX5JcvGrLnRc) ；\n- 必保名单，[https://bytedance.larkoffice.com/wiki/QTXewNMtAi87jjkaFzVc5fjknjc](https://bytedance.larkoffice.com/wiki/QTXewNMtAi87jjkaFzVc5fjknjc) 已经手动筛选出来一部份，我自己筛选的有限，大家可以根据底表[https://bytedance.larkoffice.com/sheets/OKXSsSQJYhQa4xtRsIucwKLzn5c?sheet=Eba7bH](https://bytedance.larkoffice.com/sheets/OKXSsSQJYhQa4xtRsIucwKLzn5c?sheet=Eba7bH) 补充（筛选US&T4/T5商家后先自行判断可保的名单后续可以再调整）\n\n**需求/后续梳理：**可下周梳理一个for后续新人进来基础流程表格，for开店连接，靶向大商挂接/认证等。"}],"source_text_full":"了解了一下具体情况，\n1. 我们需要列一个所有招商合作服务商List分别贡献是多少@夏春雨 @江家徵 \n2. 挑5、6个重点贡献服务商，卡点、需求@赵月晨 \neg：\n  - 广告代理商需求：可打通站内信，完成指标->给到直接商家资源\n  - 支付服务商需求：细化过往流程，保证拿到激励\n  - ....大家可以补充\n3. 怎么进行高效合作及收目标看贡献\n明天下午15:00-15:30，大家看时间是否ok，可调整。在这之前有需要讨论的我们随时拉齐～ \nCC@于奇楠  @江家徵 @夏春雨 \n\n**PS，**\n- Fashion秋冬选品Amz缺失供给done（目前数据权限只有us）[https://bytedance.larkoffice.com/wiki/Y166wFD7Wi1RaskqX5JcvGrLnRc](https://bytedance.larkoffice.com/wiki/Y166wFD7Wi1RaskqX5JcvGrLnRc) ；\n- 必保名单，[https://bytedance.larkoffice.com/wiki/QTXewNMtAi87jjkaFzVc5fjknjc](https://bytedance.larkoffice.com/wiki/QTXewNMtAi87jjkaFzVc5fjknjc) 已经手动筛选出来一部份，我自己筛选的有限，大家可以根据底表[https://bytedance.larkoffice.com/sheets/OKXSsSQJYhQa4xtRsIucwKLzn5c?sheet=Eba7bH](https://bytedance.larkoffice.com/sheets/OKXSsSQJYhQa4xtRsIucwKLzn5c?sheet=Eba7bH) 补充（筛选US&T4/T5商家后先自行判断可保的名单后续可以再调整）\n\n**需求/后续梳理：**可下周梳理一个for后续新人进来基础流程表格，for开店连接，靶向大商挂接/认证等。","ack_lock":{"status":"pending","tag":"[⚠️待接单/未响应]","evidence":"未在时间窗口内检测到责任人认领（收到/1/OK/表情等）"}}}
{"type":"chat_task","target_id":"mentions_me_global","target_title":"全局@我","chat_id":"","chat_name":"未知群聊","chat_link":"","message_link":"","jump_link":"","message_id":"om_x100b50edbc2480ace2ef682db764f29","task":{"is_task":true,"task_name":"【根据底表补充必保名单】","summary":"【根据底表补充必保名单】","task_type":"数据处理","assigner":"赵月晨","owners":["于奇楠","江家徵","夏春雨"],"owner_mapping":[{"owner":"于奇楠","scope":"补充名单"},{"owner":"江家徵","scope":"补充名单"},{"owner":"夏春雨","scope":"补充名单"}],"owner_resolution_status":"partial","due_time":null,"deliverable":"补充后的必保名单","source_message_ids":["om_x100b50edbc2480ace2ef682db764f29"],"suggestion_reply":"这条【根据底表补充必保名单】的任务建议补充明确的截止时间哦，方便大家安排进度～","evidence":["大家可以根据底表[https://bytedance.larkoffice.com/sheets/OKXSsSQJYhQa4xtRsIucwKLzn5c?sheet=Eba7bH](https://bytedance.larkoffice.com/sheets/OKXSsSQJYhQa4xtRsIucwKLzn5c?sheet=Eba7bH) 补充"],"source_messages_full":[{"message_id":"om_x100b50edbc2480ace2ef682db764f29","sender":"赵月晨","chat_id":null,"chat_name":"未知群聊","chat_link":null,"message_link":null,"jump_link":null,"create_time":"2026-05-08T16:30:39+08:00","text":"了解了一下具体情况，\n1. 我们需要列一个所有招商合作服务商List分别贡献是多少@夏春雨 @江家徵 \n2. 挑5、6个重点贡献服务商，卡点、需求@赵月晨 \neg：\n  - 广告代理商需求：可打通站内信，完成指标->给到直接商家资源\n  - 支付服务商需求：细化过往流程，保证拿到激励\n  - ....大家可以补充\n3. 怎么进行高效合作及收目标看贡献\n明天下午15:00-15:30，大家看时间是否ok，可调整。在这之前有需要讨论的我们随时拉齐～ \nCC@于奇楠  @江家徵 @夏春雨 \n\n**PS，**\n- Fashion秋冬选品Amz缺失供给done（目前数据权限只有us）[https://bytedance.larkoffice.com/wiki/Y166wFD7Wi1RaskqX5JcvGrLnRc](https://bytedance.larkoffice.com/wiki/Y166wFD7Wi1RaskqX5JcvGrLnRc) ；\n- 必保名单，[https://bytedance.larkoffice.com/wiki/QTXewNMtAi87jjkaFzVc5fjknjc](https://bytedance.larkoffice.com/wiki/QTXewNMtAi87jjkaFzVc5fjknjc) 已经手动筛选出来一部份，我自己筛选的有限，大家可以根据底表[https://bytedance.larkoffice.com/sheets/OKXSsSQJYhQa4xtRsIucwKLzn5c?sheet=Eba7bH](https://bytedance.larkoffice.com/sheets/OKXSsSQJYhQa4xtRsIucwKLzn5c?sheet=Eba7bH) 补充（筛选US&T4/T5商家后先自行判断可保的名单后续可以再调整）\n\n**需求/后续梳理：**可下周梳理一个for后续新人进来基础流程表格，for开店连接，靶向大商挂接/认证等。"}],"source_text_full":"了解了一下具体情况，\n1. 我们需要列一个所有招商合作服务商List分别贡献是多少@夏春雨 @江家徵 \n2. 挑5、6个重点贡献服务商，卡点、需求@赵月晨 \neg：\n  - 广告代理商需求：可打通站内信，完成指标->给到直接商家资源\n  - 支付服务商需求：细化过往流程，保证拿到激励\n  - ....大家可以补充\n3. 怎么进行高效合作及收目标看贡献\n明天下午15:00-15:30，大家看时间是否ok，可调整。在这之前有需要讨论的我们随时拉齐～ \nCC@于奇楠  @江家徵 @夏春雨 \n\n**PS，**\n- Fashion秋冬选品Amz缺失供给done（目前数据权限只有us）[https://bytedance.larkoffice.com/wiki/Y166wFD7Wi1RaskqX5JcvGrLnRc](https://bytedance.larkoffice.com/wiki/Y166wFD7Wi1RaskqX5JcvGrLnRc) ；\n- 必保名单，[https://bytedance.larkoffice.com/wiki/QTXewNMtAi87jjkaFzVc5fjknjc](https://bytedance.larkoffice.com/wiki/QTXewNMtAi87jjkaFzVc5fjknjc) 已经手动筛选出来一部份，我自己筛选的有限，大家可以根据底表[https://bytedance.larkoffice.com/sheets/OKXSsSQJYhQa4xtRsIucwKLzn5c?sheet=Eba7bH](https://bytedance.larkoffice.com/sheets/OKXSsSQJYhQa4xtRsIucwKLzn5c?sheet=Eba7bH) 补充（筛选US&T4/T5商家后先自行判断可保的名单后续可以再调整）\n\n**需求/后续梳理：**可下周梳理一个for后续新人进来基础流程表格，for开店连接，靶向大商挂接/认证等。","missing_fields":["due_time"],"ack_lock":{"status":"pending","tag":"[⚠️待接单/未响应]","evidence":"未在时间窗口内检测到责任人认领（收到/1/OK/表情等）"}}}
{"type":"chat_task","target_id":"mentions_me_global","target_title":"全局@我","chat_id":"","chat_name":"未知群聊","chat_link":"","message_link":"","jump_link":"","message_id":"om_x100b50edbc2480ace2ef682db764f29","task":{"is_task":true,"task_name":"【梳理新人基础流程表格】","summary":"【梳理新人基础流程表格】","task_type":"文档梳理","assigner":"赵月晨","owners":[],"owner_mapping":[],"owner_resolution_status":"none","due_time":null,"deliverable":"新人基础流程表格","source_message_ids":["om_x100b50edbc2480ace2ef682db764f29"],"suggestion_reply":"关于【梳理新人基础流程表格】这个需求，建议明确一下具体的责任人和期望完成的截止时间节点呢～","evidence":["**需求/后续梳理：**可下周梳理一个for后续新人进来基础流程表格，for开店连接，靶向大商挂接/认证等。"],"source_messages_full":[{"message_id":"om_x100b50edbc2480ace2ef682db764f29","sender":"赵月晨","chat_id":null,"chat_name":"未知群聊","chat_link":null,"message_link":null,"jump_link":null,"create_time":"2026-05-08T16:30:39+08:00","text":"了解了一下具体情况，\n1. 我们需要列一个所有招商合作服务商List分别贡献是多少@夏春雨 @江家徵 \n2. 挑5、6个重点贡献服务商，卡点、需求@赵月晨 \neg：\n  - 广告代理商需求：可打通站内信，完成指标->给到直接商家资源\n  - 支付服务商需求：细化过往流程，保证拿到激励\n  - ....大家可以补充\n3. 怎么进行高效合作及收目标看贡献\n明天下午15:00-15:30，大家看时间是否ok，可调整。在这之前有需要讨论的我们随时拉齐～ \nCC@于奇楠  @江家徵 @夏春雨 \n\n**PS，**\n- Fashion秋冬选品Amz缺失供给done（目前数据权限只有us）[https://bytedance.larkoffice.com/wiki/Y166wFD7Wi1RaskqX5JcvGrLnRc](https://bytedance.larkoffice.com/wiki/Y166wFD7Wi1RaskqX5JcvGrLnRc) ；\n- 必保名单，[https://bytedance.larkoffice.com/wiki/QTXewNMtAi87jjkaFzVc5fjknjc](https://bytedance.larkoffice.com/wiki/QTXewNMtAi87jjkaFzVc5fjknjc) 已经手动筛选出来一部份，我自己筛选的有限，大家可以根据底表[https://bytedance.larkoffice.com/sheets/OKXSsSQJYhQa4xtRsIucwKLzn5c?sheet=Eba7bH](https://bytedance.larkoffice.com/sheets/OKXSsSQJYhQa4xtRsIucwKLzn5c?sheet=Eba7bH) 补充（筛选US&T4/T5商家后先自行判断可保的名单后续可以再调整）\n\n**需求/后续梳理：**可下周梳理一个for后续新人进来基础流程表格，for开店连接，靶向大商挂接/认证等。"}],"source_text_full":"了解了一下具体情况，\n1. 我们需要列一个所有招商合作服务商List分别贡献是多少@夏春雨 @江家徵 \n2. 挑5、6个重点贡献服务商，卡点、需求@赵月晨 \neg：\n  - 广告代理商需求：可打通站内信，完成指标->给到直接商家资源\n  - 支付服务商需求：细化过往流程，保证拿到激励\n  - ....大家可以补充\n3. 怎么进行高效合作及收目标看贡献\n明天下午15:00-15:30，大家看时间是否ok，可调整。在这之前有需要讨论的我们随时拉齐～ \nCC@于奇楠  @江家徵 @夏春雨 \n\n**PS，**\n- Fashion秋冬选品Amz缺失供给done（目前数据权限只有us）[https://bytedance.larkoffice.com/wiki/Y166wFD7Wi1RaskqX5JcvGrLnRc](https://bytedance.larkoffice.com/wiki/Y166wFD7Wi1RaskqX5JcvGrLnRc) ；\n- 必保名单，[https://bytedance.larkoffice.com/wiki/QTXewNMtAi87jjkaFzVc5fjknjc](https://bytedance.larkoffice.com/wiki/QTXewNMtAi87jjkaFzVc5fjknjc) 已经手动筛选出来一部份，我自己筛选的有限，大家可以根据底表[https://bytedance.larkoffice.com/sheets/OKXSsSQJYhQa4xtRsIucwKLzn5c?sheet=Eba7bH](https://bytedance.larkoffice.com/sheets/OKXSsSQJYhQa4xtRsIucwKLzn5c?sheet=Eba7bH) 补充（筛选US&T4/T5商家后先自行判断可保的名单后续可以再调整）\n\n**需求/后续梳理：**可下周梳理一个for后续新人进来基础流程表格，for开店连接，靶向大商挂接/认证等。","missing_fields":["owners","due_time"],"ack_lock":{"status":"pending","tag":"[⚠️待接单/未响应]","evidence":"未在时间窗口内检测到责任人认领（收到/1/OK/表情等）"}}}
{"type":"mention_message_new","target_id":"mentions_me_global","target_title":"全局@我","chat_id":"","chat_name":"未知群聊","chat_link":"","message_link":"","jump_link":"","message_id":"om_x100b50ee3f83d4a0e2e055b651659a3","sender":"赵颖奕","create_time":"2026-05-08T17:04:20+08:00","text":"@_all 明天下午3点，方法论初版我们过一下，大家安排好时间~如果时间有冲突的，可以到相应模块，再上线~"}
{"type":"chat_task","target_id":"mentions_me_global","target_title":"全局@我","chat_id":"","chat_name":"未知群聊","chat_link":"","message_link":"","jump_link":"","message_id":"om_x100b50ee3f83d4a0e2e055b651659a3","task":{"is_task":true,"task_name":"【过一下方法论初版明天下午3点】","summary":"【过一下方法论初版明天下午3点】","task_type":"meeting","assigner":"赵颖奕","owners":["@_all","大家"],"owner_mapping":[{"owner":"@_all","scope":"whole_chat"},{"owner":"大家","scope":"whole_chat"}],"owner_resolution_status":"full","due_time":"2026-05-09 15:00","deliverable":"完成方法论初版讨论","source_message_ids":["om_x100b50ee3f83d4a0e2e055b651659a3"],"suggestion_reply":null,"evidence":["@_all 明天下午3点，方法论初版我们过一下，大家安排好时间~"],"source_messages_full":[{"message_id":"om_x100b50ee3f83d4a0e2e055b651659a3","sender":"赵颖奕","chat_id":null,"chat_name":"未知群聊","chat_link":null,"message_link":null,"jump_link":null,"create_time":"2026-05-08T17:04:20+08:00","text":"@_all 明天下午3点，方法论初版我们过一下，大家安排好时间~如果时间有冲突的，可以到相应模块，再上线~"}],"source_text_full":"@_all 明天下午3点，方法论初版我们过一下，大家安排好时间~如果时间有冲突的，可以到相应模块，再上线~","ack_lock":{"status":"pending","tag":"[⚠️待接单/未响应]","evidence":"未在时间窗口内检测到责任人认领（收到/1/OK/表情等）"}}}
